opp_Opponent,Location,Opponent,PCA1_1,PCA1_2,PCA1_3,PCA2_1,PCA2_2,PCA2_3,PCA2_4,PCA2_5,PCA3_1,PCA3_2,PCA3_3,PCA4_1,PCA4_2,PCA4_3,PCA5_1,PCA5_2,PCA6_1,PCA6_2,PCA7_1,PCA7_2,PCA7_3,PCA7_4,PCA8_1,PCA8_2
DET,Away,MIA,-0.19726033910384178,-0.08888843745559968,0.702296461978957,1.1627112203587828,-2.1727172518297873,-0.2984671582619893,0.5366044585022476,-0.2949339249801055,3.6232682247505004,3.5048419876182204,-0.4384594229585681,-0.8993805849970322,-0.24341174462945633,0.2945700274719676,-1.9157740313303788,-1.9472580012454246,-4.041271847124891,-1.6596147244748403,-0.2413877712645277,1.5070600971922168,-2.217923376569507,-1.92987188580438,1.4748442305622134,-1.0040585918868234
DET,Away,CHO,-0.2786517119041987,-0.32807613001035174,-0.12281526105249459,2.4248136673031513,-0.1788080317630745,3.2759178347032365,0.46110436695028695,-1.0765805886856679,2.399574461164612,-0.06887563952266436,-0.731635648177721,-0.6171627974063991,-0.24446747735011237,-0.05838067439855293,1.4621465942571659,0.24539738966219027,-6.484724969278626,-0.33369891246834543,-0.8279033817157935,0.4362583486251731,0.7473777474948028,-1.0459341772736959,1.4693324149900449,-0.7995069004105132
DET,Home,CHI,0.7771972941648321,-0.5946252667344514,-1.0202714420912857,-1.0454352182169577,-2.149341095245622,-0.18853840315524648,1.1784154740480526,0.21853509048451242,3.2486445153593233,-0.5174222388408118,1.5427305857243179,2.882370943433086,-0.7528635123213346,-0.1306866921245386,-0.08242609044846598,-0.043767536065653576,-3.031270601550058,-0.30349912856433287,-4.174636747607317,2.7495196270466873,-0.41447697202407685,-0.6418112735098686,1.0280377481867433,-3.234155781065905
DET,Away,OKC,0.4018960151343917,0.1405434912605865,-0.4457695800260577,1.960691832977478,0.022881835905156505,0.558437227538033,2.1110165636601113,-0.5907721943391682,-0.07235865261214057,0.2840470806754804,0.681034648091446,0.15007591669846707,-0.9933258820523859,2.2159928272392175,0.6003290350385967,0.028807957962622227,1.4864244602587662,-0.9521540174714207,0.5707995525192234,-0.7646623812302552,2.6363369999213524,0.24610365227474834,-0.06981948785226451,-1.8342501285743928
DET,Home,POR,-0.6058440955129422,-0.2781529456786377,0.25525568781557584,1.8098723783034447,2.6644485442118535,2.555759947986379,-0.6853005349737163,-0.20888816897155937,-1.6758706712710294,-0.7201252614022347,-1.1015992205129803,-1.1474145980412382,-0.5615060398879448,0.5257374655359561,-2.5591537162111186,1.2043106348011698,-2.8638849118840106,-2.83517051554388,1.297854439298003,-1.643894107949783,0.5342024940229696,0.2544404978195778,0.21011925485004318,-0.49202491569830986
DET,Away,NOP,1.1720851396100422,0.7281219401605534,0.8241491601205333,4.304075094049201,-0.34499157168959493,0.04451239828684382,0.7829244300725814,0.7096726366869287,2.5716494977695215,0.5223656116729612,2.223884308009195,-0.17732856853024642,0.6162363636086546,0.4383179215828779,0.9285272907021345,0.3072605444944799,1.3245538129739554,0.13181189551324082,-2.7117763806257495,0.574432850181838,1.3914287084393375,-0.507997134428642,-1.8401079436046148,0.45428395360171686
DET,Home,PHO,-0.8001112201476419,-1.652319733494246,-0.5898141779585672,1.1376680542015531,0.9370917292508726,0.9732138626404455,-0.4949312294503421,1.307790802660603,-2.344571170478698,2.043468350528161,1.5882193876874702,0.3608515285984519,-1.5563332833192114,-0.49382578018997725,-2.133603465077869,0.908527369792859,-0.14385002886974316,-2.8846421282723598,1.4221971783335614,2.860154856771682,1.4443230568258603,0.25526545453379335,-0.6675505199633831,0.8506760674393843
DET,Home,GSW,-0.6432906672391328,0.7639073913537766,-1.1409952196095139,-1.2018442515843124,0.01491076292140852,0.6541319619726242,-0.20139179398882867,-0.28077590466870594,-1.9344023043908256,-0.5040791778219386,0.4966965738001671,1.3583169755260678,0.18514078392200342,0.5355220099961044,-0.012737300493591602,1.9287936324331794,0.05445089784034975,1.6135380490939457,0.5444219978968134,2.4247863190646206,-2.0196474606392205,0.23928704055878908,-0.24516135974618905,-0.6239286511282821
DET,Away,MIL,1.141749370873559,-2.151848475137969,0.7486795832453984,2.237853374598992,-2.1696491393633015,0.256215158005335,-0.7295812922341489,0.5067346497748035,2.7828100478513313,-1.1995423434898531,-1.397996839259273,-0.3081341147296257,-0.9577829918331646,-1.3929379787620733,-1.0848483080175189,1.3979129938110113,-1.5764468215473715,1.0035222615334194,-2.3674260819810193,-1.5004799428211641,1.0297570715124276,-0.24061508158447134,-0.3912404636903736,-2.401709114859905
DET,Home,PHI,-1.0035873946526415,-0.744345965974585,-0.17827304459113744,4.311813270512583,-1.231891370831102,0.11096739333275045,-0.22628655138704107,-0.10867901618568866,0.8138913879640769,-0.041829076249354176,-0.48437737388203483,-0.592841126691968,-0.49958827232449843,-0.5990565822047178,0.7514252505119665,-0.04115448836753138,-2.6296279065104042,-0.6343460096938524,0.29377540505644867,-0.09211618768375571,-0.7246799344067079,-0.490588269934996,2.1880699141453444,-0.285040879966145
DET,Away,CHI,-0.45847345112579985,0.27245940703139704,0.11349150814972189,0.4141181543851448,-1.694164311282047,-0.546110399141565,0.44903831533888633,-0.21044878217499677,2.08702932455383,0.7485667089003462,1.2944756281538632,-0.6542601640141152,0.017957365685180728,0.47781494353167436,1.3740648127002715,0.08113712268341057,0.0790489122926142,-0.6153002721417631,-1.5129399132294794,1.232519743785706,0.2243281392871752,-0.8842473792835891,1.9727351729522815,-1.712108365008561
DET,Home,ATL,1.1089727812325683,-1.1806809209937208,-0.4233476869586036,1.500744756025054,0.7640277223310993,0.7318016597331948,3.4433873471016354,0.7398244945819561,0.42327140947113506,1.2915852949617304,1.2937857810218603,1.7574503981142613,-0.6983719426374624,-0.8949364532763696,0.1354645673919189,-0.965782800484166,1.3497292393873763,-0.2449799443398586,-0.8120177708184667,1.1851125736412897,0.5471439790816196,0.16078649281382862,-0.0345063229641645,0.20481947142361634
DET,Away,CLE,-0.7407412100840742,0.1868157888779348,1.1532424194997504,-1.76078067613891,0.447629533444835,0.969838115734258,-1.618594818599065,-0.3550219325053822,2.854214630505263,0.29800521059201035,1.2713251095997091,-1.8174981615810215,0.4484368586864806,-0.2419138349567681,-2.369825628982359,1.3202037376020783,-0.8611619997895079,-2.7745487936982047,-1.7992646135523072,-0.46253366632773973,0.7334702274395153,-1.3012890894119216,0.24514987536334493,-1.7519846089211997
DET,Away,TOR,-0.8663781478928608,-0.6841420619194315,-1.0018055791626188,0.3981030376222377,-2.134052242827205,-0.3155347342794929,-0.7973752317899855,-2.1954732613579018,-1.4838778480197432,-0.8074616071090068,-0.4816181767911175,-0.11143593208499178,-0.7117331813013656,-0.18238699529570626,3.5551264083411582,-0.5983618514324639,3.4798165797012515,0.2391843310374549,1.3602580881747874,0.05027298185457146,-1.06658862489161,0.09887666374868194,0.5831389726402226,3.584685902055026
DET,Home,DEN,-2.347893939665772,-1.203061813786665,-1.1206892973855023,-0.8614865988732452,-0.03528323576397795,1.4908250842784736,-0.9444731691457632,-0.23956813605052202,-0.015144108915612492,0.3555765530449635,0.34738015799994276,-0.8948499934606455,-1.574702450765401,0.0849446050402616,1.444220611758524,1.5390708247083087,-1.9698209563954612,-0.679454406587545,0.3402728415214108,0.7970014204930798,1.0132083989644716,-0.29192713559162053,-0.9724504386614613,1.4191165820369318
DET,Away,IND,-0.6239466077364377,-2.6968804460149176,-0.8949559285834819,-0.3981803066850257,-0.47025896076507395,-0.6908797489787152,-1.223765994198914,1.933163599737875,1.2092615476024327,3.701362991744506,0.9135118644893883,0.3364879523584723,-2.668857451613394,0.14273605241771,0.9561215236632596,0.30141437282730726,2.823798393588408,1.3594486858905817,-0.9000833187607227,3.147474960207773,0.35448383275751777,-0.7186097974418366,-0.6456653434712984,-1.561150976663668
DET,Home,WAS,0.6880083901913421,-0.561261036520214,2.3970791477716125,1.550977748357006,0.4539853860079574,0.5295180508213287,1.1118689867608589,1.276051996688001,2.5943957277238474,2.6857966935791824,0.0716725498193329,-2.8051763408523036,0.32196385109179676,-0.5529396461920516,-0.918338580087039,-1.128974256824776,0.14028933262225102,-1.1491379045305217,0.12423116323823788,-1.7285529066199794,0.44260419047368077,-1.4449427884805852,-0.7465240048778473,0.5515420232115942
DET,Home,LAL,0.921016995169409,0.8228586931035111,1.1086932706881016,3.4399156887230413,1.2681371539263968,-0.04216086740241342,0.16465377916555599,-0.6928196731671773,-1.501742712348303,-0.5064236023273896,0.4035089620322727,-1.307331053682712,0.15411643771217515,1.403242527598785,-2.352471778797784,0.989662100734717,1.5397493423082402,-0.018054249561475014,2.3593667627065944,-0.7099796810099369,2.32274091311762,0.13620642619405637,-0.9420965530996168,0.09533989003179744
DET,Away,NYK,0.661170295232951,1.274271250547156,-0.9185130045732666,0.33561047757282403,-1.6379137819325298,1.6007172381074957,-2.1646073409283435,-0.6795497488013734,-0.6523197525218549,-0.5856450384502845,-0.158036707838659,2.7860387853718183,1.0786317571454427,-0.3205270589996097,-1.3523368260851554,-1.4025394741967958,0.20883336021389737,2.324491236622662,-0.6865966375660649,0.6733013380057532,-1.9679263434877712,0.3016923217477137,-0.2923628083099038,-0.415783977105964
DET,Home,CLE,-1.4605714547033177,-0.19661707516093202,-0.12238757023583177,-1.9530019447353926,0.39804819515565215,0.6563912507092975,0.0746508196867414,-1.3692507584324867,0.9338819471342527,-1.5904979578023635,-0.717770516587454,-0.8946387239765518,0.09786171902028316,-0.8316956589456737,0.041592054954390854,-1.3506802454742743,-1.2886345787945355,-0.7415517305506013,-0.8183668564036908,-1.8558901786926165,-2.8465376846996726,-0.8319117153586866,1.1685926289624282,-0.6730052662954891
DET,Home,MEM,-0.1213439517996097,0.34601756375502535,0.878282757834693,-1.7790797041466913,0.2455421234931633,0.8355283288634966,2.6732992277674965,-0.3338105665853104,-0.5976493646814566,0.20572572599631364,-1.0881580010905276,-1.0668854989337233,0.4685417570539205,-0.12454299482270287,-3.568092055750107,2.4601596637017513,0.09671803096724971,-1.6306985747143579,1.4761972850153566,-0.6615347468284045,1.259275505923562,0.02198362971540929,0.46996684502357977,-0.5768610935012517
DET,Away,ORL,-2.9710285757329284,0.06591262715300508,0.2617302851388961,-1.7329230229691763,-1.8577689323807685,-0.1092147940566156,-2.3825599859117594,0.7635049628467147,-1.7118385923110948,-1.5087457176733976,-0.058590417262588367,-3.129650860636485,0.3690159535043281,-0.697687892555537,0.6813276440937678,-0.9157936399999498,1.5858394486345493,-2.126363266068431,1.1710643349155672,-2.4666762736419443,-0.8931410556992941,-0.4863503037007505,-1.6702957180344093,-0.9836333582305226
DET,Home,IND,0.5478969428892079,-0.5885058508979232,-1.459474314790047,-1.973292654923325,1.9378505766590446,0.838729874288417,0.40717058584553134,-0.252888542977367,-3.617858557809275,0.6674543509568177,0.45727199854977135,2.989546325938789,-0.07618838441159174,-1.470612139186112,2.226499086386407,-0.21466235359142988,3.0637445302554425,-0.9756449884415601,0.9791307474747476,1.0224835469621136,-1.1046650953575197,1.733124443803968,-0.7351181652192882,1.0967991914739195
DET,Home,PHI,-0.2716695976303498,0.12620372571320837,0.175862573281286,1.7600081033079438,0.884036792183848,-1.82564932638041,-0.9856499762789356,0.25538607614746883,-3.114210088272906,-0.3512657835369296,-0.39719754686210895,-0.8089428052497534,0.2653521671908225,-0.08592571441495886,2.041015596820146,-0.19947622148777416,1.3393935314358845,-0.9440741131180225,2.8715829198752543,-1.0447354688914061,-1.6735053809905631,0.7848844443554966,-1.3227793819499598,0.042009871154248785
DET,Away,PHI,-3.4537763219229882,-1.4920288773653914,-0.4630173780896769,1.5329964654672628,-2.038481979458437,1.8569608340279289,-2.230753272916001,1.41318892972508,-1.2802417321013677,1.3711809433795312,-1.3149411162841949,-3.204485485084082,-1.3531818571599115,-1.0683903918527011,0.9906281812900434,-0.38627268294849815,-0.8460769309553142,1.6117705550992156,3.839123092820658,0.7960957670210803,0.2468297874877029,-1.088170293450261,3.7968543787157794,-0.5201470872112018
DET,Away,MIL,0.039010520235693805,-1.923712662843433,0.7437893586877655,1.1430476561836078,3.024956229311705,-1.7737724633810494,-0.6694126645283471,0.6288840623323882,-1.9658122518384238,0.45930191356034894,0.521405517492221,-1.5640127646393875,-1.0072351447934202,-0.9802814243878413,1.6655821751714033,0.26815915353599773,5.685136460372559,1.783032429687756,2.043707832279319,-0.6844238928405149,0.7764756782895935,0.521403334679034,-1.9849800831837994,-1.4876157542181163
DET,Away,ATL,1.2162652683673283,-2.570086298914155,-0.7220633656009477,0.3416954393657145,1.5328953339239029,-0.20093607803165978,-1.945541142373725,0.7658061313942718,-1.4236490949536558,0.4783562754099637,2.2106109405854575,1.6835493274797568,-2.196205453991598,-0.13733563071795404,1.4882138469151986,-1.1799854340692966,3.0008362178882635,0.641132118792277,-0.2577576905044474,2.2522941800203946,1.6183514794445304,0.7915532367000614,-1.6583169127838295,-0.747307578928725
DET,Home,UTA,-0.1115751672639334,-0.4771793578837848,-0.20215345098473106,-0.01375166620184042,-1.0796353050071135,1.9579503984671733,-0.41042635916611697,1.7040359590297152,-0.03562762381517047,2.803047268914934,0.6296166065999002,0.6426915204208513,0.025369869202710973,-1.0895382088604946,-0.43555269530039203,0.5015820565557683,-0.7879231439591362,-0.3860690557254693,0.47940709241608376,2.5582107412260346,0.16053448263841436,-0.3749948396495324,2.9519651131389923,-0.10055762846732925
DET,Away,BRK,0.2262273413736174,1.637317882604936,-1.1738766086780554,1.9994368778128522,-0.12550682273584454,-0.3491541561303565,-0.2055082750082845,-0.20081689639083983,-1.827880948350658,-1.0632565820516184,-0.4717255510956312,2.100242446934664,1.2715040597899399,0.2252633279274707,2.2499908163601052,-0.4640702292604759,1.189571096241927,-2.2709015734634934,-0.9592615478005999,-0.9978278473406385,-1.5461860429039689,1.262381705495816,0.547849351450402,1.3926262703161334
DET,Home,BRK,-0.4704790954338555,-1.2472612881769944,-0.3276853572469454,2.2386409099069384,0.6158744483359989,-0.4181879395906197,-3.628750281873754,-1.9683643938317767,2.3631190805600912,-0.8607088274976255,0.7317030526130507,-0.6579307619831671,-1.3705226724836728,0.4156472612433645,2.490074310950718,-0.8111092649647562,-0.6784247075291282,-2.480277690840009,-1.1491741630171013,-0.702517882393465,0.9630360806899945,-0.6286411588179931,-1.1778583792690207,-1.4962419775273812
DET,Away,BOS,3.0589806735662726,0.5707194003674166,1.6414887322191423,0.10197195894507424,-0.5129935369717885,0.8827430204036982,-0.1003699080767817,0.6873500439462151,3.4103363863546114,-0.5236521261343025,1.489899060822884,0.34254056234147007,1.0089568763695778,-0.30480879222455265,-1.468731835120571,-1.3605331031816494,0.08588777423159484,0.9821777119603637,-1.6442529395513594,0.5332336870918575,-0.9497146657517866,-1.4422785411805525,0.43737331207314234,-1.0272610957681747
DET,Home,TOR,0.6569093811967842,-0.2201619424394514,-1.7662505499504038,1.4839060595013271,-0.9202573762937272,-1.804550208501321,0.8483525980652861,-0.17484556125694095,-0.19348277935286642,-1.3566983882247605,-1.2560283206959242,2.6395284787210707,-0.43682902539145724,0.13610220158059858,5.72981556037283,0.6255090174163253,1.3273626197989334,-1.857077031789216,-2.710332779221135,-0.6181735160213053,-0.1829156030625574,1.859475145072558,0.2682636219912301,-0.7021359173064226
DET,Away,HOU,-0.07419844188336831,0.28230639470390234,-1.0835842073880384,0.5036570250847408,-2.1292285279285754,0.23503456254482707,0.4575507453457243,-0.25230053074389464,-0.9893913126111858,-0.2453769620890646,0.5543019671840738,1.2490226923678913,-0.25217507250550375,0.58265012950095,1.2946158098217775,-0.4567337421320661,3.969925307792254,0.04276622568276584,-1.3379113091195587,-1.607227290953454,-2.7988238497682403,0.19131982329220293,1.1085507813716715,1.2842748323521718
DET,Away,UTA,6.201238509934159,0.030054016305618186,0.4211219447152387,3.1482523459635643,-0.6346372899802165,-0.10894688076290278,0.3233450737107083,1.1156899098244923,1.1351760643143005,-0.1487308337088705,2.388271416873608,3.8790375407345885,0.23027562534744708,0.032956925787100654,0.22844851257750798,-0.40013029196411104,4.491454246517695,-0.10096665816416438,-1.1177442696720552,3.3422036748519375,0.6853630684311427,0.2554959665245319,0.8030566679544696,-0.5435782793944146
DET,Away,GSW,1.6381996468197315,1.1414023600927936,2.0136366250002293,0.13463572056292977,2.193725749190081,-0.7052298657857762,-0.5267315483027747,0.8368286286747375,-0.006656450123651065,2.581023786871819,-1.2955259847947462,-0.8207716687015973,1.4369995913630385,-0.18405659071741307,-2.6849926761194425,-0.07688358804842824,-0.6046523075606364,1.8821363420752228,0.5617078356410283,-1.337933820913549,-0.34193391006429885,0.19326764275677089,-3.170066910391935,-0.23311582978907608
DET,Away,DEN,-0.21765191779122653,-1.4906279255286747,-0.6294624211803967,1.7703727588425135,0.9224004980237817,-1.1032611127674667,0.45251330222311764,0.6998365809989053,-1.1451837624133192,-1.7385472536308988,2.5577554326179,0.2963673017226485,-1.54213449782561,0.13700754686651676,2.1217799465695246,-1.1139105742199196,3.136617627671882,-2.2679115266972274,-0.794975771977751,0.15721022446244437,2.5485293707090046,0.6421756992277529,-1.4593686065443288,2.0427822511938083
DET,Home,SAC,0.3524828562180131,1.3924548486643658,-0.09823198730576037,-2.5099661830225757,1.1669226004391262,2.8917272008737287,1.8214422671207289,-0.9697691444481452,-0.9070668535347565,-0.5528237421365316,1.989408491655515,0.5194940902702825,1.2179932042375758,0.12644998672216456,0.17564948536095515,-0.48127769111897867,3.2305131026726857,-0.6961763599282045,0.5277919501172981,0.517976051404723,0.31622727141049295,-0.40398826009447386,-0.7779829744888638,2.5853413432764523
DET,Home,SAS,0.5589040742176808,-0.7583536240128986,0.9637124693168726,1.5367051114986334,-1.1247275062287834,-2.9130378954830376,2.066015048674791,0.03305721512698718,-0.6998224034176479,-0.9761188273154235,-0.15139609305678942,-0.7365768492943088,-0.44739980452735933,-0.19513510328694367,-2.3959134320464512,-0.1048576114926593,1.445385114896624,-1.8432586868414078,0.5304044353304526,-0.6062854191583456,-1.5138162495444962,-0.014435520832843296,-0.5320911888342832,1.8313448583981318
DET,Home,HOU,0.6411465987649829,0.3566789258156852,0.14643827627662245,1.1821554446920124,-0.6464397495388673,-0.4199490832371109,2.0846850277387583,0.3814170766807002,1.3140703809606917,1.711451683154863,-0.9043080426465414,1.0370588429850112,0.5590328804674322,-0.5621043466763744,-1.8271821617497526,-1.550448155045491,-2.2254044278592193,-0.6904595312724867,-0.9320543916872167,0.2606522768260555,-0.4339956140047797,-0.07314309504787685,-0.15968570114227162,-1.7806036456772814
DET,Away,WAS,2.3036393757357208,-0.9239747612752375,-0.7671202920230327,-2.0269215041155566,-2.268119418833002,-0.8274348391320646,1.5482425423805566,1.7101803833941862,3.5971426744912,1.687504616694765,-1.4816931715284272,3.5736358435979847,-0.43799334115818267,-1.013048545933904,0.25294269249044393,-0.528813254568458,0.6570512319294645,2.6201868732184126,-3.6947637321571447,0.8242532228530944,1.1324030982099582,0.6525648630982797,-0.20190745258886023,0.7226854216038959
DET,Home,MIN,1.1335174334055904,-0.43500254627710716,-0.39703879731226593,-0.5796427015293732,-0.9261529149805907,-1.826804428802704,0.8539096733285093,-0.8395793805538411,-0.60272235094262,0.8503460440154338,-0.9246109593009785,1.8530330369907304,-0.28710314832407924,-0.44965398901471126,-1.296330120016915,-0.7819504916192597,1.647540201530072,-0.3264058327190616,-0.249671362782297,-0.2113669338856084,-0.722632662454145,0.8690838897910724,-0.8302855349746284,1.0645695305719327
DET,Home,MIL,3.5759472872719473,1.4709302729725688,-0.6721031829283791,4.926454583585458,1.4580132879159133,-2.29166803288778,-0.7242703671101399,-1.902960653081506,-1.5252588281698534,-1.2022131469347856,0.11989061053639774,2.8751811802165683,0.2799508067227236,1.9207089777520194,2.2795573489853793,0.47638337799700065,3.0860623074463045,-0.7629021587275004,1.016577022677187,-0.6441724685769564,-0.027587437741811494,1.6745906213776514,-1.3449310708746354,0.4046041913000352
DET,Home,MIL,-0.12078752251793927,-0.40558480107021305,-0.08485515295990712,2.2130924195090484,-0.19236017100386213,-2.255148147320597,-0.974526528055349,0.10614000750192222,-0.5787022327948517,1.7423806812608442,-2.5922281272604324,-0.5459053043284875,-0.3563323840451944,0.06531958534285119,2.1000730201324216,-0.08810267777730338,-1.4386189000803138,1.2763152804124587,2.013415420612123,-0.526012274066048,0.9123925346201965,0.7854504472111505,-0.7928643812034959,-0.2989903268624969
DET,Home,CHO,1.1064203508295856,1.375759154457574,-0.13462871322361472,-1.0177253547907512,-0.6733852536575482,-1.9401487023560315,0.03048778997365108,0.3048118651899076,-1.4177086391405938,-2.9383778705567214,-1.3476156492437033,1.7343368935632004,1.2244825382276618,-0.09669944084983449,-0.3481206986597857,-2.192690441039393,-1.92205147485864,1.9665824824630163,1.1701308415257865,-1.1344976057779712,-0.48967905139137563,1.2646925579452055,-1.7969190821667298,0.5676156428182656
DET,Home,WAS,-1.219600911875099,0.22496767811401036,0.12072353389003393,-0.5045601692472779,-2.4584283314140647,-0.2073756435198739,-0.9190340093798549,0.4457655258997669,0.10739053435235953,1.8572996160398443,-0.24581634578994147,-1.419216889064362,0.3345880573234049,-0.17944158680684696,1.3638816294791738,-0.07107994030153103,-1.1386072033238943,0.43265710272163704,1.5074729689484319,1.3433287244332692,-1.8393226183810532,-1.0206525695680577,0.6893042194396714,-0.5145929360545456
DET,Home,OKC,1.379689656728411,-1.6653711476676563,-0.2583363664757215,-3.3286421224051623,-0.03265806806131341,-2.834257917479974,0.4015988320224778,-0.6469088016215307,2.004613572824936,-1.5524283142773607,1.0813705534647213,1.7122538074191138,-1.6046368339835912,0.27399753636919416,-0.693080498523273,-0.016026238709913026,-2.489935719681085,-1.2085126636507202,-1.5964250255550627,0.8171546210329623,-0.7585417537114154,-0.027795111496449008,-0.6257222580297745,-3.2840525801822036
DET,Away,CLE,1.3412368654061406,0.6767482584078574,-1.725488289855628,-0.011996978062096816,-0.5708162042872172,1.4558260186757117,0.7798456832022685,1.8805546295536426,-1.5563952981285207,-0.3836573490451483,0.5854807661982823,4.555356367789674,0.16851870730498023,0.07453469932671455,-0.799630953383071,0.18234321753240623,2.1754476564268255,-0.009586404484922767,-2.1923485431554193,1.4898123500580078,-0.5585399781986607,1.4926213061073912,2.2918025925805994,-0.6719569000092728
DET,Home,LAC,2.4953490994362233,1.5087885473928115,-0.2452316229940615,-0.6549222946361508,-1.2190584723985676,0.088331478011675,0.7843163220847195,0.6783462281445211,-0.39719425486649396,-0.35256592598092523,2.0358666910146646,2.7831106013160447,1.2705990513596683,0.08269689761384043,0.7420734349873557,-0.5466050170976654,4.88629376663159,-1.5524900140980138,-2.169152416139415,0.4751911223265083,-0.0010666190624862351,0.8344813626153518,1.612730935322092,0.29941285912988724
DET,Home,ORL,-2.0463343359211232,0.3339995637675712,-0.23329891459490137,-2.1698638104860395,-0.6686934056215229,-0.037186880942486594,-0.2307200362376244,-0.41969569407317314,-1.0988769254824073,0.24955398152872565,0.33662555524499066,-0.9618514979382015,0.5238975636077073,-0.6047578612472476,0.4414641908145589,0.7745187816649709,0.42548218426039114,-2.3041008801900746,-1.2178784059844876,-0.8096229452304045,-1.5381948041143103,0.18797785081453683,-0.581304826458198,-1.8076500008837992
DET,Away,SAC,2.5089223800397447,0.3910404446233968,-1.9374930486881399,0.17594338904741033,-2.6842764580504817,-2.132576601064496,1.0478749965959566,-1.633982395255411,1.0150404091842204,-2.8222715028257706,-1.9224828801964746,5.447006282107552,-0.10639106294861121,0.28425428275071996,0.935037854228795,2.011914887273207,0.22480521903660666,2.586977481398381,-3.217902918982454,-0.8719691657650306,0.6997545103546483,2.25196792182806,-0.4767569694270512,0.7614108751864008
DET,Away,POR,2.1709417289666093,-0.5583625693740633,-1.0598983823014092,2.170690097214282,-0.6476066085131118,0.1823827565151722,-0.9856985286672721,1.1548006109512559,1.5876151010801611,1.6639209301702276,1.722836797746906,2.5527349342273653,-1.4324885906049467,1.938933419997835,2.715482826991885,-1.2759050531549985,-0.8250547803906793,-0.40720180079253177,-2.019010798743643,1.9993298979158647,0.4566899008445383,-0.18670699808095578,-0.29579545117494865,1.090404619643301
DET,Away,LAC,0.6711332127604401,-1.547557849487891,1.5582668885170805,0.8948146729496851,0.4203855749422658,-0.505599527583236,0.3040550174498651,1.9839054234638498,3.7684870194838243,-3.1785897847126776,-0.7993534701346621,-1.701551780219058,-1.0372983070634834,-0.06709048805872869,-3.6654376969767277,2.1205287116398446,-1.6758008784202274,1.823764971407866,-3.109045685513443,-3.7156327449984854,1.1010697769464532,-0.7819304828351745,0.10492951642271171,-1.609899476324068
DET,Away,LAL,1.0293514536344102,-2.3475800368019635,1.9265312724258796,1.6244287715687427,2.0889130752231364,-1.5565060765581404,0.8102777878069157,0.1422215927624519,1.4432575863837143,-1.339090710501105,1.5005540892052767,-2.3939107888336624,-1.621122894155284,0.19328387120896867,-1.7684285290494028,0.00908506153779957,1.1518586131769817,0.513435284303385,0.6288317838084307,-0.7681583386817795,2.648733457527096,-0.7572439156989598,-1.6690411562812544,1.6877340436494532
DET,Away,PHO,-0.21883024637871307,0.24990024422112483,2.1268677325186514,4.004145284187949,4.4575146113388024,3.1288956535572496,-0.1462197367145809,-0.6505299795582905,0.8773897711822979,0.6324079111230642,0.6901228576438019,-3.7544428720542506,0.3535670580499623,0.5279934275720901,-0.2720945380104436,-1.6461662982078278,-2.38345896882502,-0.09543032121962029,3.095130423122257,-0.803887038927772,3.0220111512697794,-1.5207629347660971,1.966214884496333,2.0214384147476525
DET,Away,IND,1.1072825314632344,-0.6111284458216852,-0.4378925602446215,-0.750514526644708,-0.32345273132171676,-0.1080264647604714,0.1771251579213991,0.8335431268298757,-0.9341660714874198,-1.0696701571734808,-1.434036918296233,1.67354056919265,-0.4210215194636496,-0.5289162007462735,-1.813527261888479,-2.6965325487130607,1.925501767973667,-0.8557046101288363,0.027416462587926793,-1.5321309442118156,-0.5671984245593801,0.758351990800935,0.30770833511655393,2.0713707368400214
DET,Home,ORL,0.40772123517100695,0.4229127741150751,-0.6766452644664902,-0.7876704842997019,0.5822389074132689,-0.9287855597494195,0.9872556135430395,-1.5987162930703736,-2.0267157736872146,1.63289872637223,-0.4873977866257856,2.0563628332982886,-0.05677657836191622,0.3018994493429629,-2.4177596363117955,-0.8628140848557561,-0.0076993044392862685,-1.6734056142839229,1.766378587213433,1.7600362707510606,1.3970330791387475,1.2521343136178715,0.19571086224165213,-0.5497364025060756
DET,Away,NYK,-0.4555949317065506,0.9580658713072703,-1.4044934313029869,-1.4631176609295116,0.5544642931899154,1.07693535526741,0.8576220299307605,-0.27415425569041174,-0.33750098237199655,1.347070453272214,0.18939484399085416,1.827940579149533,0.21637886093087574,0.7667349504078236,1.0408451495622517,0.42449526979494107,-0.774490726014557,1.9659112531005727,0.020028475611910065,1.9611121480456004,-1.6247923154772848,-0.03337085143160979,0.03868653092538346,1.6464463322072593
DET,Away,CHI,-0.8033834404828512,2.2068879986869887,-0.9493555303212832,-1.0220454189269697,-3.2166391677524757,1.0659744935759605,-0.5336818316552584,0.5777560728179012,1.045812694252578,1.0322516527513907,-1.2686388045624897,1.654613120866653,2.125964427817276,-0.20092640146162405,0.4690011818914171,-0.483287385111034,-6.633190210467832,-0.98130149431187,-1.3523048207513275,1.7554063003499858,-1.8368936472451374,-0.3162484080027184,1.539808745521756,-1.2745783961594361
DET,Home,CLE,-1.398411460969406,1.023287700711514,1.039831489527228,1.2772779221354595,3.087719184453302,-1.1589701488400013,0.6392885997603405,0.34200135929315745,-0.6922446403291884,1.9427994448484227,-1.204172391538119,-3.076375146535015,0.785484229698937,0.8018335646414602,1.8587790225054028,0.7012580334050577,-1.664597831202932,3.293165971872682,2.7549377492399585,-0.1946091916847732,-0.28265284385461287,-0.2888272406642586,-1.0950247543859641,0.8613378467214916
DET,Away,ORL,-2.3004641207726158,0.9626804919861242,1.2042376692974228,-0.052474530892860444,3.655459097953527,0.37848093159091367,1.4653979751666264,-0.23136824064894718,-4.4883279324122105,-0.5092971108241193,0.1753686695241263,-3.731468370396132,1.1288362568656085,0.08442037455719978,-0.40148058368456113,0.7462769946754039,0.4592151741587084,-3.3411479894395617,3.1961232872047276,-1.7175156811626853,0.005041805687892924,0.5328083603372817,-1.3443071593502458,-0.6161985274970911
DET,Away,MIA,0.38561299380801056,1.5576209168931145,0.9920706767400407,-0.0014496033855522807,-0.3298864991785406,-1.9510300860077703,0.6176215970298402,0.8670139905992013,-0.3911774817387906,-0.8788906263653,0.2035482874107215,-0.4286598989360656,1.7846948553954587,-0.0990550012649821,-0.059544833463354686,1.533407982966007,0.887948906388104,-0.11696540260915286,-0.43971090654419237,-0.4401878271130045,-0.13478899045855894,0.587962166276598,-0.6538595241373637,0.02492967982749629
DET,Home,BRK,0.40833814705910765,0.019794333299982387,-1.228636111119976,-1.8513633047320344,-0.9853562562239503,2.8281106380470784,-0.33260448892057015,-0.3867407737119971,3.2158389498462063,-1.1992606855250114,0.08668647561023983,2.64097608255989,0.03567355702984121,-0.5103465468033388,0.2729006615336308,1.7157617038149167,0.1039727960972932,2.359308806451505,-5.056751044299772,-0.9482512939399507,-0.010646845846454355,-0.22918695973448003,1.4357119177414166,-0.5609537291914349
DET,Home,DAL,2.300374862017009,-0.054394566460468766,0.9262492902793206,1.6316291686305584,0.30290810305938415,1.6239987035387582,-0.2899380577533454,-0.031099447270224737,4.145289989517523,-1.135186597623049,1.3971055764708347,-0.01038308824441363,0.19377216566938513,0.16732752641209894,0.7131880751947673,0.6227934190750181,3.440170219837103,0.5262921054667756,-2.9816458261858965,-1.079930537812287,2.25003853808387,-0.9519847761353469,1.647281936379002,0.016571424958083933
DET,Home,CHO,0.40994482358594,1.1955481696102552,0.6759925300624557,-0.9108021022107731,1.0390702286630629,-0.8720836798520386,0.22671686286885748,-1.0482705626975128,1.734007427323619,-0.6375840369863017,-1.6815277960532746,0.35300352663902207,2.08651227603211,-1.1378242289269787,0.7159996883981269,1.5119050050535376,-4.634246404387028,2.6326121703647636,-1.807990035514499,-0.7703897954158647,-2.128086366391184,0.11242853790115885,-0.974217961022151,1.313348855523187
DET,Home,TOR,-0.1598902494019999,-0.11454379554392322,-0.2636219342679232,-1.0328560949384005,-1.3248266386243732,1.8729074942499548,1.0899848337132967,-1.5657638826737936,3.9276865563761323,-0.9530046707314742,-2.6554239026234248,-0.6706140345207445,-0.270998423858139,0.4310039462947765,2.288391547141647,-0.10788621514511845,-4.136212229959496,0.8026759746122436,-1.988642502835093,-2.415184961143728,2.2711363290500994,-0.3810071862495242,1.7438480648836976,1.9498542550292268
DET,Home,MIA,-1.4740578566806317,1.3863707146478719,0.8191027886785817,-0.6985314637998707,-1.862814720803956,0.36276284065758757,1.4816966960915987,-1.307799824819267,0.391091393773488,-1.9430554472608916,-0.6836049343953152,-1.936544272891993,1.6062193144401669,-0.2312307369297865,-1.5093255848207967,0.8072448924188598,-2.6531112413769375,-0.1544898126037077,0.5163660056980344,-0.9115843784139022,0.5822858745000323,-0.6385160403573767,2.797924843358145,-1.2319624900024546
DET,Home,MIA,-0.5122799568308384,1.626093705487274,-0.064485497159208,-1.5305629276277044,-1.0643960849894876,-1.4259938099666398,0.0012273851565035218,-0.30390335889711867,-0.2285706822079646,0.8419269327359963,-1.9230357084283909,0.27655601282096376,1.1563103387964084,0.4626128720902328,-2.4362422905616925,0.35525388702754396,-2.1345079250004653,0.8855920646427107,0.6524648415286718,-0.784601391127921,-2.656140543789567,0.08654992709926054,-0.6475523427052156,-0.6822661169203654
DET,Away,BOS,-2.0481719469230946,0.08982842789007164,0.09178021475763148,-2.586835649154106,-0.5012154444703985,-0.7766536549358848,-0.216926249474864,1.1411117159739497,-1.3370638695476884,-0.28751668903401134,-0.41010118247561195,-1.800320695274139,-0.1663611097911483,0.16579636259295966,-2.280281875398647,1.3128725014141065,1.6094786732373805,4.540887764990618,3.1582120412658465,0.9535267205551082,0.619574779023942,-0.4390374348625908,-0.24141268068182978,0.9454631541456916
DET,Home,IND,-1.936009926665488,-1.8330008322710771,0.1906999299731523,-2.6201942506769473,0.4052506591500414,-0.17261658655071727,-0.08718835416430154,-1.6566589760279995,0.6493801678360783,-2.415050340824554,0.5743952512841015,-2.997555829212676,-1.5191923303141206,-0.43693055315655044,1.6610453632204194,0.43897706090069843,1.6085026198859125,-1.5333069553280958,-0.9094351031054771,-1.980295293205452,0.3886526169013549,-0.6951790988082854,1.8639927932503888,2.686247282838699
DET,Home,BOS,-0.8644981494780049,-0.13580409830786272,-0.1967444042462735,0.39983558038764067,-2.1137648649220457,0.8463505862697059,-0.8652147181009966,-1.1660827759044128,-0.30592548299229166,-2.103501501825061,0.11934165092646286,0.33348653339193873,0.27324826520679135,-1.1874391999073424,-2.3921757067164493,-0.864908723766605,2.841995201690492,2.445741567772883,-1.6695902674680803,-0.395408932852107,-0.24639686503102964,-0.0816257937273237,0.39199952997484744,0.6807884686638374
DET,Home,NOP,-1.6456570221734597,2.420090336459006,0.3345933387511797,0.9619386320783884,-1.0092598801322077,0.49837447547502256,-1.8389198774480369,-1.5799136965694371,0.9117949877955878,-0.38898549671097765,-1.03127176630797,-1.7505203770995363,2.6610091894583747,0.18954044894034847,3.1358426566685296,0.1534154334127052,-0.44858177514338904,0.12731034711781655,-0.1488822288794057,-1.1923069426230062,2.248630517835963,0.08957085149995937,-0.25577414234149015,0.20156210056103108
DET,Away,NYK,-1.467820255186467,0.7616600524902227,0.7629897015400467,-1.0850077471145696,1.2116728884896504,-0.6566645802254776,-0.37711360413129674,-1.2870644814851386,-2.2402752008611757,1.0714391179896425,-0.7043841562800212,-2.7263480771545443,0.5199259792307338,0.6757475840482634,0.5193879049150877,1.7073671685051588,2.24887792618643,3.2415808428022133,3.107399945551594,-0.1437287389519587,-0.47792964565053186,-0.027935984030509557,-1.465932340731812,0.7592452665188923
DET,Away,MIN,-2.8441247824494407,1.0325304700254403,0.23536609941708686,-3.6199799491314844,1.4661021461033266,-0.38997597183182836,-2.2857711375112717,-0.16831746741302442,-0.746133205023703,-1.586421861104885,0.9462073320845311,-2.9171246524403025,0.6485644221087454,0.6386501080497998,0.845468565816035,0.25622212506775305,-0.5869443574554634,0.4722471453030696,-0.6329206293422199,-0.5784444726574306,-1.6580628917942175,-0.6860263225226978,-0.1883575336281958,0.4681833098926102
DET,Away,WAS,-2.1781961980763627,-1.4040316076397574,0.3325772790264941,-4.085082131341034,1.5791515659669177,0.12046680159173694,-0.9050052516486441,0.5012397930773634,0.28614468812864413,-0.5030681564833837,-1.6700458653516925,-2.9730997297296873,-1.305709634119787,-0.20257747506343912,-0.35386717551854446,0.10488677289754363,-6.206487344417389,0.6523337625344225,0.9631167490236243,-1.7211918909272281,-1.3836640987745206,-0.7784145264566773,-3.648274295327742,-0.6897749378585959
DET,Home,MEM,-0.8618291390453316,0.10029727483117343,-1.2588398745649578,-1.0696855195177115,0.35709784525669264,-0.05951751315310749,-0.8525927612982714,0.9019632880253807,-0.30174861584157,2.572501435680835,-0.6257923931760133,1.7229993358948323,-0.16310572081104704,-0.262428173355485,0.22282886393962492,-0.14680909116554708,-1.8618142034229113,0.40591977417648084,0.8664501577191864,2.6568359118028737,1.5959449340694956,0.5167953061034982,1.139729289440613,0.8183312913672529
DET,Away,ATL,0.5084175854448797,-0.8923081999112387,0.4036781464388641,-3.7099663341627065,3.5488307717069723,-0.7867631731809298,0.2875355669071745,-0.72361534057593,-1.942595698211231,-0.8038521946347174,-0.26195363013439654,-0.510413235120702,-0.6622454972601624,-0.04006767024334818,-0.7386018467557469,0.5919376146437859,1.2398029780894908,0.6339113816694233,1.7886520201757443,-1.704333714144393,1.1290790909103574,0.8884914311522945,-0.233898019118631,2.2307918009372174
DET,Away,MEM,-3.1017659811396996,0.6599613590291266,-0.061245336846373,-2.4913034057904757,2.531050025777609,2.5581803511913037,1.5689029846022293,1.0614872313285262,-1.8849738055044636,0.7787330884206299,1.05981278126496,-2.922920279929997,0.4890317029315778,0.12146960761187782,0.18858054596994966,-0.0587818388446358,-1.9805211994590894,-0.3207993617482006,2.708964985170084,1.557845390711351,0.2628324711152041,-1.0855657836156822,1.6599348433559011,-0.41709131499813723
DET,Away,BRK,1.0899377864903688,1.7030677117835884,0.7887635912469046,1.483552094206408,3.190175169148117,-0.6440190091988541,-0.8501425883159031,-0.09355614857568492,-4.748576086475392,0.06338759910482426,0.5768451704817759,0.3799431309094616,0.9318389521952558,0.9334195852245765,-5.043371223753164,-2.4886602089069374,0.14069013173302758,-1.35433165501616,2.9924362497508272,0.6049532613505175,0.031860100097556916,1.4539775677621105,-3.0366277842920306,-1.6258800111304204
DET,Away,PHI,-1.1513193024669783,1.0896865473581094,-0.4956298223598303,-0.5943727829449869,-1.9904658815823861,-0.37009703032614294,-1.2275130703878894,0.727494308173167,-0.7257714676733369,0.5012105300634575,-0.33592423202191823,-0.9202129667099817,-0.09394209734034122,1.9264846547577068,0.747235350422076,0.5081623847130228,-0.42293187157370726,1.2272168825062606,2.4803258667716834,1.685111206030135,0.6493746932551049,-0.4210197571019995,1.2448185523922874,0.5079476799500182
DET,Home,CHI,-0.6618594247343856,1.7725679414038225,-0.9395272908768877,-1.9707444711305016,-2.7847762281729516,0.884007923448022,1.5864778953671232,-0.6696645536772552,-1.8641306761826575,-1.0373968242245577,0.15693572906723496,1.3351803748300635,1.52425183899451,-0.030869127153194374,-0.14810617109028296,-1.1455032127716958,2.444886206343019,0.3785728057097104,0.5011782870347552,0.4446981363888468,-0.3891966875352593,0.4286654983717876,2.7321562801323123,-0.408163386563241
DET,Away,DAL,0.38327116021587865,-1.2948534832695529,0.9402219094313783,-4.148831409616337,3.5009115818445355,-1.889790318635266,-0.2656595898964479,0.8315606091354244,-1.2198534918955413,0.9202540116370768,-1.9946562286579437,-0.4595695719608573,-0.5237964655356255,-1.0892109244290558,-3.9066152849260147,0.34207100138691515,-5.55027988536145,-0.46377824181738964,1.6760204435055284,-1.2774949106373792,-1.0164681665322701,0.7238003622435774,-2.215215232486956,-1.287499305463465
DET,Away,SAS,-1.5370475935594268,-0.0068157913596938536,1.3785529103174068,-4.022844315887835,0.2048634925008868,-0.4596324047925526,-1.9147481026782598,0.4732481009494824,-1.6833094277575709,-0.012281216090185117,0.918273549585849,-3.5262044636330185,0.11462454546819319,0.16460124345325478,-0.6366636061716064,-0.3198059021680691,2.2616573522463295,0.13168106812417493,2.808611019637096,-0.6484949260890133,-2.355606621943742,-1.203904838244469,-0.01618373587498631,1.2810766496143848
