opp_Opponent,Location,Opponent,PCA1_1,PCA1_2,PCA1_3,PCA2_1,PCA2_2,PCA2_3,PCA2_4,PCA2_5,PCA3_1,PCA3_2,PCA3_3,PCA3_4,PCA4_1,PCA4_2,PCA5_1,PCA5_2,PCA6_1,PCA6_2,PCA7_1,PCA7_2,PCA7_3,PCA7_4,PCA8_1,PCA8_2
IND,Home,WAS,3.2941971455445294,0.042797913713473947,1.1242734673259314,0.45176495913489007,0.35153816496263224,0.3157054271023444,-1.4623526349867393,0.4179512171274125,1.8375822349921955,0.5940919118113761,1.804076632457974,-0.6499060799562808,1.2646814041928784,0.3445394394713277,-2.897081948598327,1.7851112325102134,-1.5899765978491698,-0.658204112885136,0.0847440212966765,-0.9609626965868417,1.2804150916414376,0.7739482844611523,-0.9015210003864746,1.012673148771724
IND,Away,CLE,0.7057784889427127,0.2002067600509869,0.5850586841707898,-0.7962036779501187,-3.710328319378882,1.3989059428883905,-0.922328847858278,-1.9158010344983682,0.9238180086984701,-0.534800392784737,-0.30893556706167835,-1.8623796031388107,0.06849330792438836,0.18144489101587324,-1.1839396109911449,0.5568548786764375,-1.5510828859649646,1.1460905935260692,1.282946558769374,1.4699075310238587,0.8064895658316759,-0.28462227070634066,-3.105858726527642,-0.0068785042006535395
IND,Home,CHI,-1.5343969192422064,2.322537622504547,0.4932049039152628,1.6884674556209385,0.4725553700436803,0.6631667465584272,1.1221442911146997,0.17901958686968436,1.4053811976453479,-0.6359413461671896,0.2573782182210498,-0.4933846488278737,-2.834831177731851,2.1334980705805817,1.1437888130434215,0.7667837358699806,-2.269850108951024,-2.502873033750176,0.33899111494508327,-1.5484549105748961,0.263986978466061,-0.5349361391804279,1.2763964225607423,-1.3329477469020294
IND,Away,BOS,-1.383339136685251,-0.48537035483285196,1.988875014767275,0.7027374294266407,-1.8093248301686673,-1.874533020670234,0.4932895728744157,1.5598119390355067,-3.508009733659539,-0.15508256913884233,-0.6979014442149648,-0.003261940275772444,-3.556373895209159,-0.36225420273039505,-2.5168028622771286,-2.1464537608034067,6.7488269527901865,1.683646332654767,3.34677384024247,0.1588906054561203,-3.415227068596334,-1.2130639702279895,-0.8255942663909671,-0.4724853823907204
IND,Home,CLE,-0.5116280637298954,0.09607600330323224,-1.078675831224929,0.009733089488660003,0.8419435983927415,0.932046959508729,2.1192748046322922,0.11534476852370545,0.4993406017542341,-1.3393116372514813,1.1213466213413912,1.0978382251051342,0.7358655710960084,-0.2132652203295615,0.7674177890671114,-1.3053273628560857,-0.650410444380363,-0.7780738494064464,-1.2201202166265868,-2.6637638654298232,0.8463985802859895,1.441403796397991,1.2315982522000255,1.2304339735818257
IND,Home,CHO,1.2935026433931465,2.0426419576563752,-0.12319203957044086,0.08466678470256953,-0.2858492296750575,0.6226617652887014,0.9082145430674754,2.390526095558593,-0.9611812518328182,-0.0868196712902708,-1.6435210351681604,0.10280012360513617,0.8204421895767655,1.638729083716725,-1.0414397501240158,-0.5321051774963468,1.4747423749197235,-2.212209814211295,0.8582661527999449,-0.4108255778043594,2.8411840128170165,1.1985593347100296,-0.44511108847860964,-1.1088739557755707
IND,Home,SAS,2.901935357409841,-0.2238867595725523,-0.6897318167768398,1.1632670075918694,-0.369364159395547,1.468879165952882,-0.17992376690099024,-0.1920332565048144,2.363977754559638,-1.0613289891606894,0.6191813031089837,-0.8240458857562186,3.4446975828638893,0.20796754476472604,0.603219173096538,2.1253747300400705,-3.239931125046752,-0.29689789835562275,-2.555600685741688,1.1064109995635656,1.2449243812368456,0.6463979775147224,-0.3651711746750321,0.6382084115632501
IND,Home,UTA,1.4791400559619452,-0.23522004161126697,1.0184509392576102,-2.5772005345132487,2.617171794498022,-2.571620030126861,-0.03888247677327506,2.4815488228298603,0.8089179322524905,1.3270124864770665,-0.8571246633434738,-0.7629708527592092,0.09572748521031572,0.23092139879982757,-0.30602092831477234,0.8074888899280259,-0.8502498158524041,0.03923524360283414,0.3505343839388658,1.5461859499423312,0.8836993609265331,-0.8864780229883062,-1.7470121387102397,0.8027980333521372
IND,Home,MIL,1.1768753071351807,2.23621980497854,0.024333339554599334,0.8070944580492777,-0.6715815511323766,-0.6397630143519311,0.9871213245778186,0.6921068132615252,0.13677879751766547,-0.6730504075283716,0.7213578948181983,1.1212466811386983,0.2601676965317464,2.085177999564844,0.21423270041790674,1.1419243635931613,0.6271553459853467,-0.8557393261708212,-0.7579973435303502,-1.7902367930747929,-0.8314101850888103,0.6303810413490522,-0.036648298692452994,-0.7601997703934195
IND,Away,PHI,0.5110498314235583,0.6921745111495103,-0.40518616610893915,-1.8709354572327141,-1.0540660244480453,-0.07879084892613257,-0.19975243432478046,1.0290271501815411,-3.7748717040322175,1.9264827172189343,-0.8409881930407446,-0.9805634193999123,1.0209696780723478,0.7002672312020629,-0.6434943189074309,0.8395588617479541,3.1105835935101713,1.2738426493227815,3.6585361379450605,3.137322981674618,1.4397443258188736,0.6504830799328792,-0.9082112956831055,-0.19719700561768824
IND,Away,PHI,0.5520686255048398,-0.08344017018768457,-0.036634107125325915,3.0394843155192626,-0.5097654587564955,-0.9643491406626017,-0.7549769796920464,1.6622853625433016,0.7762207329239283,-1.0568301523753434,0.16224116424697343,1.0393027358535525,0.1523373996767738,0.1603582235542151,3.5436269609636546,-1.336454180387134,-0.5695510508965237,-2.0480886621016885,-1.9953904387641566,-0.9603694075282757,-1.381821172489649,-0.10643113465196315,-0.5060400881159027,-0.7395818360800184
IND,Home,ORL,-1.4030367601677478,-0.5306406466136507,0.6399427686243174,4.036373778496654,1.8312116280998676,-1.7339697708351964,0.5290598733548092,-0.20650118413529298,-0.0448169638294244,0.30659354260322347,-0.09613769819094548,0.7619545570189545,-2.5678448266651865,-0.6780778485991212,2.9461388739486285,-0.28247522914470014,-0.3188905987821328,-2.1498909418051277,0.6260244460837342,-2.25776905227303,1.1102992610041258,0.2215837037175848,1.977273359880944,-0.4243679387373102
IND,Away,ATL,3.7957136411748484,0.5045167324803401,-0.7387171143578342,0.868547398758767,-0.20678409981770607,0.23518197168276628,0.17806593600081136,0.37354215322785206,-3.3755372197201288,2.412701277146153,0.219216933264686,1.2631633979891073,3.895187166178571,1.1319726063632582,2.169533980848932,-0.5906051209938425,5.912662792229799,0.2514593020950713,-0.39490067866775724,2.252867352864484,0.14112138411255373,1.469750670779325,0.5794659839510888,0.3017791336258038
IND,Home,TOR,1.2424049440691314,0.5409179913490416,-0.5586316334166334,0.9541927979559414,1.7977528097569684,0.023596750540532015,-0.3543880065398356,0.760418238965073,-3.2034162642991064,-0.5116652378528588,0.10170693225505446,-0.08048580458437239,1.6394304887244593,0.6099435269899284,-1.4758134737786552,0.4925497745485505,1.8473414511800765,-0.5673958855685048,1.1290977409463459,1.553734475636478,-1.5934580898218094,0.7075054664323892,0.21825207745415923,0.7746028530050129
IND,Home,DET,1.5251525157635553,-0.0715967750321946,0.8016605860467579,-0.599835092541751,-1.018029309008203,-2.5312528163834265,0.609370353961073,0.23776564858483926,-0.21531134646179315,1.9832843725670826,-1.8691235176293701,0.1186502443996375,0.4968434572639894,0.060409611155877174,0.9729389541759177,1.5135315912450529,-1.276056191666111,-2.1874161444956974,0.6631829356864307,0.5900840018289516,3.5285617467296277,0.6941010148281334,0.058584544035932974,-0.7863098901078052
IND,Home,POR,-1.833589003456221,-0.025968544997084494,-0.01425881788968047,1.375256307414119,2.66743384982637,0.11325491038765091,1.5308419278032035,0.11178866662478436,0.6859524686122181,-0.16946170184450687,0.11270602038349548,0.4230891143844985,-1.9559141635317276,-0.16448849809235602,1.1030867904786184,-0.5098647272180126,-1.2314203957488918,-1.9740516497278782,-1.220882239842414,-0.5837249478986486,-0.4862693547994749,-0.8525925065826514,0.19995126846310354,-0.9479218698134382
IND,Away,MIA,0.9808202379912138,0.053838942220153264,0.9589681298808265,4.268591514981747,1.011940999299839,-2.3183317238662395,-1.7669105054703111,0.13370137916401925,-1.9575063916289261,-0.5032394706806116,-1.2394691201955759,0.18991865538229208,-0.5510069958447836,0.6121542101655312,3.268071924229178,-1.9333194662348785,2.747360680677532,-2.3211294631170625,0.6128521608384413,1.160255934259993,-2.4087840062835912,-0.6259460526705638,-1.241811456022979,-0.6338764668500001
IND,Away,MIA,1.55328995076558,-0.9351578368412793,-1.7812519646320908,0.436431057324665,-2.296066431309777,0.10411648064836024,0.18897738089638944,0.7438145890410933,-1.465658005693527,-0.5236901573736065,2.032066731303934,1.9923171519435916,4.577835509950616,-0.4575784984559302,0.4419817286193319,-0.14011613025178593,2.4383280236559957,-0.8007790538961503,-3.938829967685359,1.0727318846753928,-1.782720859901874,1.8981675948717511,-1.9785721849006153,-0.3957770493131498
IND,Home,BOS,0.5132046531912864,1.3771121814009246,0.04266041166263206,-4.137725648012096,-1.0335864173670397,-1.1682282681791119,-1.18893663262718,-0.6831684543641017,-1.0896960458328555,-1.3477029367559952,0.5577174143427183,-1.1402684428016054,-0.2105317848165878,0.9259251526232722,0.17861035298625924,0.24107302160774755,-1.4018265017704177,2.526491395844981,3.375059327468949,-1.0609366878717343,0.15266996744700703,1.0114396617057935,-0.9344717109498198,0.8538865198202398
IND,Away,MIL,0.06305017848839811,-1.454599209935494,1.3223561259536116,-0.19147951592616005,-0.3961392915030318,-1.0700488674652875,-0.663344669037348,-0.3881769211867902,2.067633455091579,1.7023327227909462,0.211647369042511,-0.36358469382170344,-1.3679534451939988,-0.9359513341512604,0.8551001176808661,0.8078979054216546,-1.2296876546759792,1.2767509931297845,0.3340616756135653,-0.7418792861411585,1.6790478151004846,-0.39729881925587945,-1.1075401216702476,-2.5256935752784546
IND,Away,LAL,-1.6332898003926253,1.412097396249624,1.1983478820895899,2.1126155198778864,0.6981940395602132,-1.3167923061428117,-2.240988804425821,-0.5253136256256145,-3.1912084537858827,0.24854457337947342,-0.9169073331224493,-0.09253104937401349,-3.832974832144903,1.0273751455243496,4.08457382173673,0.7361734600440939,-0.9408987372607512,-4.28312200933158,4.373459664874649,-1.4335984907585406,0.44151495134964325,0.5179117299507907,-0.6766718892792226,0.11112951285120524
IND,Away,DET,0.5417256787357043,-0.9994649594126933,-0.4905138932003562,0.8870626302179448,1.44663965212116,0.8435182547077982,0.7645078638516024,-0.09196396187399393,1.9976992287429067,-0.32267439912535006,-0.08045112145606272,1.3022141023858225,1.485837110617125,-0.7621788389295046,-0.5824936660785159,-0.46554768531199525,1.179466002671823,-0.5960820157267231,-3.773704591505538,-0.4550642829151163,0.41432622849907075,-0.2739167264902301,1.9874773482180523,1.2172720519677211
IND,Away,MIL,0.036117719440650654,-0.24319232339625738,1.0523809084274462,5.20365335289454,1.092316919040491,0.0008680758899947195,0.20014506690889936,-0.9561006424894675,1.1959005243796945,1.0882085838223525,-1.588821410158006,-0.06438068159314156,-1.7828703738676146,-0.17594906491435383,3.212687240343087,-0.25201442593380047,1.4230961319274875,-1.2364525776373405,0.18073489644105784,-0.406433356488655,1.7223718184883428,-0.9468786055420043,0.39832364123772074,0.8434759378447095
IND,Away,WAS,1.0562416064514712,0.1967117078378394,1.798773179284207,0.3085197649155356,0.2869088243550317,1.0236623506286309,-0.4203741507248819,-0.009374357008383793,-0.14151417015816822,1.0737064379682173,-0.24461798611720156,0.7851891598826969,-1.6420980067158877,0.10072204568363345,-1.448212334326347,-0.35058862163804944,3.0582771976326586,-0.41659727251323797,1.0898593627381132,-1.781005907744154,0.05137160389467414,-0.35280043792730603,-0.9978180856295779,3.385013540525809
IND,Away,MIN,-2.313182145392315,-1.7823168681137727,-0.22836313876586692,-2.5965793477826855,1.4963361732125569,-0.7074678569103791,1.413161221078378,0.7168371440075877,0.6701999315538396,0.5772782375137698,-1.0439764783576408,1.1086443285301137,-1.388968030067676,-2.1256254160032957,-1.3390476498380792,0.41127938190055735,4.035233908776444,0.7072250134305292,-1.84482366038065,-0.26446133837074604,-0.09143249824581388,-1.143797684135495,0.8460088117317534,2.9933337898502956
IND,Home,LAC,0.20703754602767468,-0.6624734115245735,0.1525595990924005,-0.16714083871461569,-1.8459878056867096,1.491734351742708,-0.8960872231998728,1.0688843351847266,-2.1382394071616324,1.2372842342511756,-1.424532070609787,0.08715037994102508,0.19139230261241535,-0.5163582284256075,0.16380580450612817,0.24318144055911547,6.462209662680272,2.110719301782649,1.792836953488593,0.6658072034863108,1.7198547238669646,0.613912309111152,-1.1408047707897178,-1.2968111465947352
IND,Home,CHO,1.2925734076109985,0.7120360363768098,-2.0814969646298325,-1.1657260462349652,-1.0594554470392872,1.9521011349158044,-0.141326972755832,0.34199422354142667,-0.6969411007699479,1.3203731202795073,0.05338141100965813,0.09150473680142822,4.311055917014421,1.2062208751229893,3.1229903871579756,1.7451823442335734,-1.3619876475728538,0.2433017277151291,-2.434030784574534,4.174507542063242,-0.22616146261711978,-0.0022179875602471107,-0.0030244582368222158,-0.8810996259522966
IND,Away,MEM,-0.43987152818816955,3.377992246953545,0.5873565548180719,-1.6803417412514616,3.4449148761936175,0.665672589822247,-0.2436139752811011,-0.6411611996012552,-0.37018910403655475,2.243254341755002,0.2949197683694203,1.5699602079540773,-1.989982984561143,2.942792504596751,-2.8146100570062655,0.5324235374012859,0.8762345447098386,1.6246897720192786,0.43283230753350665,-2.0196947311710036,0.9607454736404207,-0.07726227850412315,0.4871364726584681,1.9193872721317657
IND,Home,ORL,-1.1705365820043572,0.8675640527242324,-1.2088253694738904,4.201773788297683,1.2666305670508782,-0.7827649043893703,0.4514910497732923,-0.5794895763365085,-1.8802672464940777,-0.15351215496838097,-0.072264767392028,0.7318002848811345,0.6549619226486723,0.475669108584797,-1.9774418067628865,-1.0122831635118301,0.15191786540101465,-3.191356490677947,-0.13704404807148154,0.09340211864399449,-0.22731249510553306,0.6215512976970453,1.5159406443726842,0.27437372746642374
IND,Away,HOU,0.23857551961864426,2.0112073617034207,-1.282021067432169,0.0628895156362095,-0.1758188167040535,1.8669237790634685,3.0130638126415787,0.07243871690479725,0.5739644929882286,0.5660068160281193,0.33792202063008747,-0.7119844213571953,1.4145763843128902,1.9771942209624405,0.19035043852299025,0.9288042340884034,-1.5131410212585696,-1.3776190049706099,-0.5249282522222417,1.749020734184237,-0.4830082294050068,-0.8326579774525078,4.943768355100826,-1.0063479145660559
IND,Away,CHI,0.1777857207869315,1.8713301032633136,-0.9180117790326774,-0.501753525883066,-1.2808520624185864,1.2575542230137002,1.0358496465018139,-0.31686861135143835,0.32439074811887453,0.6146646087177499,2.8041242115488565,-0.7148747347693508,0.7948603721217848,1.6398279124229647,0.3606856619850429,-1.1723351914090734,-4.128091518204686,-0.08151378930905452,0.4313252605918037,0.19580551357928339,-0.8996833251900818,0.3451914780434439,0.6718524984758973,-2.106812677267689
IND,Home,NYK,2.126783835788515,1.4853053783038286,-1.5983996917409162,-0.0547877087458799,-0.14915256616539205,2.9599924695408206,-0.3456998244060345,-0.48347914300138223,-2.168011859070827,0.6910150111635663,-0.08421273751343583,0.016853033540357026,3.8011702841955675,1.627722762349073,0.35626493474783183,0.21577199419133278,1.2070526982172955,2.3816487859581343,-0.34523244586280233,2.9148348211056483,-0.5298560013090954,0.5679496463875569,2.7781347137058114,0.6231640482989583
IND,Away,MIL,-1.120542605446671,-0.6411537346721982,1.1699508986085394,-0.07561687752159522,-1.8228748839959985,-2.5913136340978773,0.07988894937544988,-0.2903010187937276,2.586845042762019,-0.1008627629950137,0.38654491733505264,-0.3871270921783805,-2.6870825487138386,-0.34633753525120536,5.11812027586764,0.06878153839216276,-2.50097619085501,2.188204812087123,0.0807125196104568,-1.994709503540878,0.5734447866865496,-0.31338650044696575,-1.8874832048471069,0.3867196160885201
IND,Home,MIL,1.0562261151713266,-0.4383992643430329,-0.7602549208936833,1.4345061105211245,-0.7579749154790614,0.0357826934642442,-0.9141606689118922,-0.6174352455162099,0.5215863263017461,-0.937835438106529,1.3588129800201925,-0.3087690504383753,1.7165084573017257,-0.03315504277893956,4.261296724944201,0.13277751292692236,1.1247329470331553,1.7618037000534945,-0.9533504855812969,0.2993493617259745,-0.7368270568253702,0.743012145716084,-1.0543201143838155,1.322085583901528
IND,Home,ATL,3.154257826822878,-0.5607390369780595,-0.7434203933893767,1.298202924886999,1.9364624398258201,2.9516876572851087,-2.5656780756070696,1.81275108125785,-0.25607376298295265,-1.2195059142135705,-0.6881945641026415,-0.5705500741727342,4.280784058171526,0.13614187031976907,-2.673140664942746,1.0891613996911975,-2.4010967738491367,2.550983298031713,-1.4788561994717608,2.508048512575425,0.23767006284883468,0.6211858562533606,0.00012372216446534054,-0.8525742080258575
IND,Home,BOS,-1.997498491070243,1.2902185714256524,1.1053266236548727,-3.333739787169584,1.714473174193682,-1.8909945833497257,-1.1299490668466297,-2.2685334903845757,-1.433228223308326,-1.7289743983188108,-1.425755880157942,-1.11669682837025,-3.5679156951080935,1.117366857703398,0.4769988959208973,-0.20893779072672175,0.8807885860929511,2.7260698162875543,3.433610951288069,-0.6460403942488674,-0.9108934668419048,-0.6732329839002396,-0.2803899139743331,0.703543350387273
IND,Home,BOS,1.3078040757100713,0.8759069565722001,-0.5819396181704347,0.36459357481321064,-0.3252576287819748,-0.292907549858482,0.5030790410744056,-1.27177031147943,-0.7207299879628154,0.8488113131419732,0.17001173949053455,0.14667172313264404,1.6407601789297053,0.8659186211169837,0.6309952438005696,0.2544303202625574,2.719533720505397,1.6769196728994957,0.37535803148545854,0.28593086519072897,1.726124348482769,1.0787306498195512,-1.8274573092404038,-0.256100485519433
IND,Home,WAS,-2.055817066015938,-0.9387178497363154,0.07692254369702373,0.5782110498867036,0.09424611947178115,0.9560196196559904,-0.39206197736907045,-0.9999422596687392,2.744845544964925,0.7585994958822891,0.44930472604633304,-1.0554529243681166,-2.009100816805245,-1.3416202350247504,1.7752044617198457,1.0903122763941442,-3.921369899069644,0.2901726236330319,0.2899241071729592,-0.7732464738680342,1.2644418704190494,-0.9380797065397981,0.49278089960289356,0.7706096316026126
IND,Away,ATL,-0.9024634875369762,-2.2202068901445,-2.4652559829453127,-0.19712476150821143,4.584513414052783,4.465345770767958,1.3204246157581105,0.4271670669403718,2.1654671728824817,2.179203332732706,0.6613673464685345,0.9801371476228302,4.212661327384686,-2.391502274974468,-2.6806819465962257,-0.06082596261581029,-2.1810365656603397,0.5668987169188243,-4.379487538525062,1.7487422699737203,1.1301781073405945,-1.391451017100699,3.4452526467040134,1.952878825090658
IND,Away,DEN,-1.822848705319774,-0.625765656836526,0.2802252195746663,-1.4551374063385134,2.943645077654025,-1.0324389031977195,-1.0461671379981803,-0.8992111979034763,0.3969960542996619,-2.4341994469434605,-2.5683572255953515,1.1399227462255406,-1.9876946116396377,-0.9008339880407396,-0.03128237373715742,-0.9929270545021438,3.059435284173961,-2.825833448098197,-1.2595286459409596,-1.4550974820926157,-1.6587495786708344,-1.0468422058166817,0.16763767732779114,3.1215690354291503
IND,Away,UTA,-2.116185739903344,0.07314404723055828,0.8139481077981212,2.9955360246118317,1.111675076221065,-0.7296463840090354,-0.42865698155799614,0.6138818999363008,0.8191584791396335,0.2821891568409288,-2.7278697564980265,0.004196180797751458,-3.240501511005104,-0.48167078259310825,0.8604498709336388,0.3686500571230615,2.9723513221138416,-1.2671222026695868,0.9790532150620365,-1.149964504626561,1.0766531673774937,-1.2557317717701955,-1.2805742684299666,1.2402124156986727
IND,Away,SAC,0.04379442258682262,-0.3798369891236747,-0.6274540478227637,0.4004457544486654,-1.0996048282969573,0.8204995529431249,-0.26169831190018245,-2.664204135444067,-1.776698249050941,-0.7271752980262027,1.5510340441763786,0.9638720869769235,1.0822487813197288,-0.27987075687356233,-0.15691026563026117,-0.09890402379094898,1.002157088350352,1.8088288566917705,-0.5377179161442375,-0.5865008841812518,-0.6183521131704719,1.765980733688741,-0.22876067420630067,0.5220957555164026
IND,Away,POR,0.183260998140987,2.7417861008523827,0.11869377287628541,3.156226488759426,-1.9610406614402442,2.1037653236866185,-0.31103709654987877,0.17866133606395862,-1.4739211954978937,-1.036323402652395,0.8890095389483444,0.10894666470650727,-1.1292619513732416,2.185688739917386,1.0534487144509834,-1.221464584580495,-1.237618378279321,-4.02689279339619,2.5094968809878107,-2.7975405205612365,1.3441634612824076,2.030868923362816,-1.0299064757886645,-2.8981780116501588
IND,Away,PHO,-1.1363802436683788,0.27806854613260334,0.20459580225632398,-1.7953920862595745,0.4963154965839167,-0.666662238778267,-0.48056240940185113,0.8397431222747154,0.3452004212712006,-0.7560315391814144,-1.5008748140500394,0.8150249295029188,-1.528673977009977,-0.3494828235524185,0.6781172947034977,-2.211470788955144,0.9629740091046678,-1.6368243108502512,-0.1176868081458284,-1.4997306069006175,-0.9251229740500269,-0.8131316076038474,0.3837973297733937,0.3418797513332148
IND,Home,DEN,-2.71080422249978,-1.6383261267274514,-0.4858032062146006,-1.774327738356995,-2.3337776728882,-1.0888087019273407,1.711284220288812,0.7760721749421153,-0.549689949023689,-2.8616207404525023,-0.7146272063597462,-0.7107699134866121,-1.5898885720665419,-2.0523022170841894,0.2012776003824521,0.8654554025270375,-0.13185450931212322,0.6953536356636031,0.7036719760935125,-0.8691499550911556,0.7845080962058881,0.8901490607433048,-0.4237654796318567,-1.2830380458893413
IND,Home,PHI,0.5478715491736783,-1.5761169105210808,-0.5048210591565793,4.62812156499184,0.9546988755294878,1.6607504587167314,1.1086214712434113,-1.4264563069435623,4.231890984279697,1.1244722045062634,1.988815985829074,0.5953358877290899,1.3718079349826602,-1.2610757499046288,0.18864992075278378,-0.3355375169402907,-1.5827622563634725,-0.4813170613721794,-3.7907455672387647,-1.4618299720665262,1.130838749183226,-0.4572862365866447,2.838211550001367,0.7575453933600034
IND,Home,PHO,1.0263576573260496,-3.0190753599365836,1.5520404207599605,-1.8005621982904478,0.33447171953330107,-0.419130501568367,0.09156741181176091,1.6905574738384612,3.044793316400251,-0.10658170116181057,-3.1105349973280747,0.48883450304211246,-0.3090263460137884,-2.1315293114132348,-2.1529031135262646,-1.785476946927819,2.9084630408943597,-0.028119127051339635,-2.2764411101373945,-0.462927871127996,0.7658131400950023,-1.5927432887051425,1.0762238654439142,0.1984810774201809
IND,Home,MEM,-0.6909852033809251,0.3727143961050247,-0.16658544907798026,1.0912269578398717,-0.08168174697906463,-0.4373984624799932,-1.297446307123089,-0.673868564979037,0.41448767660185687,0.6047776974034567,0.06130726244291639,-0.3365663485297116,-0.19210997458873694,0.16695341456072121,-0.5603351030398674,1.3515035977070615,-1.2601920322044413,0.3312904583260757,0.4735812952941112,0.1003495739548089,1.0455669478955278,0.11905823052821617,-0.3381569829164891,-1.2353724517647804
IND,Away,BOS,0.941014186963949,-0.4158310789149313,2.037098573434585,-0.5665962209498283,-2.8067387797441765,-0.26305568259943696,-0.4984368225410198,0.1962332010432973,3.266062262000167,-0.921833244695072,-2.3511082563116865,-0.005573426788141164,-1.2636566972122105,-0.20789243772520485,-1.821415092084324,0.29358563738275245,3.1373797900606966,1.6782738882491006,-1.2430522318555555,-1.7200649254115576,1.909408817954505,-0.5294807808725588,-0.2708481103578189,-0.4480130563172161
IND,Away,NYK,-1.3161450791627611,0.4194383396383108,0.3136470588292449,-0.28167326226042283,0.15356636095449766,-1.7150068397294953,1.620456182401416,-0.7105506642561185,-1.2241492432436907,1.91891513377083,0.855227704567083,-1.6933770128510384,-1.680026275688485,-0.1489653663452137,-2.7626690337082254,-1.4381914628559782,-3.6909632127175627,2.0208217171207923,4.154345256588829,1.752132156721901,0.5613953722501301,-0.8532861661758112,1.8824377527154248,-3.126724735084648
IND,Home,SAC,-1.0536452042199898,-0.6873276530174522,-0.9693584973864791,-0.4893644008932664,4.354219906366936,-0.39678364955502016,2.271346724810808,-1.326596118708878,0.0353879233626998,-1.7788472914160929,-0.28009433516737314,0.1020383585448723,0.17093107632671392,-0.720810560834605,0.9399835281888833,0.6655946347679274,2.609259680156328,0.7307489464769672,-1.2909217275964717,-0.00876373095398265,-1.0976726238259646,-0.3446574799374589,4.046762914467448,1.5077346602653816
IND,Away,CHO,-0.8797003824096605,-0.15988403476395402,0.12325738990785028,-0.3147198427907325,-1.8851503665736007,1.1030637356675124,-0.3886083154928899,0.6691071536996345,1.9391463069481574,-0.842870997031255,0.2831132561575194,-0.8189184835910107,-0.7668710522010128,-0.2997553372445866,-0.9627134396004162,0.09536098268471867,-4.633600990442357,0.285831007276023,-0.6675650252199578,-0.23377699707780347,0.015602322722160855,-0.5155352689484703,0.2383324310009336,-1.7159476203532886
IND,Home,HOU,0.7940588243487473,-0.7045031146284774,-1.360878740182304,-0.9248345144983457,-0.3311803869978978,0.5768680050119318,-0.19233451990765624,-0.20243052819715657,-5.2874804324970635,0.5528086626661887,-1.2536568530659795,-0.7899419363539594,3.4009199850377314,-0.4482065003657086,-2.1431204021089334,-1.323178329080333,2.3187042560590876,-0.4348906296949761,2.2601805461519375,4.3769957709847676,-0.5033256208797053,1.0351879301514184,-0.6780739287333698,-0.17895277532960663
IND,Home,GSW,-2.0661033443616574,0.6147122082886768,-1.1731827416726095,-3.1583864917223696,1.6018430662442689,1.303938748852527,-0.5634714548460612,0.6578404129919182,-3.312215452430425,-0.36497807822034645,-0.5061026754397343,0.39807278358122233,-0.8411020204773303,0.12498215292569688,1.99054005276618,-1.0626583443998503,3.936657089632041,1.0132120118665453,2.679157904758254,-0.8835887852153133,-0.6251634984044872,0.7320609712153345,-0.47633215320983147,2.3130385943020872
IND,Away,NYK,-0.25639558747483143,-0.5751829799818776,-1.733197979771091,0.47104730027973946,-1.4181799222576785,0.9051623652588722,2.453814101355755,1.0028028878492499,1.0431095211897807,-2.4530291204376367,1.0805738405777399,0.7595109102316628,2.736956242889345,-0.615644253191756,-1.1766215855555553,-1.866799063091438,-1.3621026294028031,0.4733154894122302,-3.053798108988085,-0.9517602475855744,-0.7377436778614448,1.0275484701115245,1.185562481938099,-2.9973110826654876
IND,Away,CHO,-2.506586609665165,-0.07492913469929816,-0.6296386180930784,-3.05293960070529,0.7542505259931921,0.2782571707661286,-0.780536440102301,1.135186989659341,-2.4630507626791616,-3.1451137304195953,1.3970581100151502,0.620762201928885,-1.5499593768951443,-0.43822985380350593,-1.5427432624204065,-1.573629765988839,-0.35495931627880317,0.4990494903746696,0.9446738271179927,-1.8600279182448516,-3.7503823185998875,0.7078381497244519,-0.9737522630708854,1.2000918264940819
IND,Away,TOR,1.0220304863466207,0.7949573768912388,0.44683963984424463,-0.8758889526724424,-0.5366806689973281,-0.7164354904579407,-1.682824619088289,-0.34252684939109895,-1.8444970191082017,1.2711355994286508,0.4979006114790198,-0.49980757939118786,-0.09564711232288257,0.6983646655573043,0.3922940440055042,-0.981082936538538,-0.33192128588364456,-1.0489760055716737,3.1667524519209485,0.30880783627785496,-0.12408533229817152,0.2741058786278762,-0.7986856318095689,1.1659622916381585
IND,Home,DET,0.31057835975429027,-0.9667986309804373,-0.2300002783510549,-3.087258707930216,1.2569227951092408,1.6113124252589934,-1.0217288112325662,-2.158663746699639,0.39890505929325226,-1.389467033405172,1.3534183593081486,0.45853170697957685,0.7143239106162196,-0.8681076806421573,0.021652865694648568,0.3740749048493584,-0.030192522776845435,0.2663257960379514,-1.1140911357770795,-1.0996457347863169,-1.6275686660079804,0.45867197306601465,-0.5283187052665294,0.5238815983733656
IND,Home,DAL,1.0067045500571625,-0.42849123806031425,-0.2383740044057313,-1.8834969152193552,2.198267101930392,1.40136123425975,-1.2517817827351296,0.21444998321748104,1.6731600147155177,-3.904070996169286,0.7369457810660293,-1.0159120968510356,1.3745634717759831,-0.09461542603011942,-1.3338754803755697,1.3706019647939325,-1.171876134077297,0.9852591982117723,-1.8589282497920439,-0.43932945947900276,-0.9074068180593327,0.7151603001113367,2.3638519629571824,-2.2768467771093364
IND,Home,TOR,0.4483391620519972,0.5799346694676252,1.2398753077326212,-2.418487242094836,-0.8753409127872112,-0.8934217006952506,0.20093783477768762,-0.7330371218635013,0.49772768963708014,-0.00691097844195654,-1.14920464382008,-0.3642885115608915,-1.3016086200655115,0.6097141968900841,0.10482448626675936,-0.28819027437456224,2.6379239632010774,-0.18687358052151834,0.5178947606079058,-0.14704810733910412,0.9841883324246155,-0.3258602074549109,-2.324646458491389,1.6892007634400525
IND,Home,NOP,0.8393942437771816,-0.13914327621728964,1.1386062654359719,-0.2608815967890677,-2.2730800635475434,0.4130334718835806,-0.23829579047186683,0.3240699887436214,2.4027034588192735,1.7551656753086906,1.0108103943297164,0.7855938819044582,-0.35667486737394277,-0.06418157504609193,-3.341987502188589,2.433740673310647,-1.0675353796893658,0.2574849442779972,-1.9351279256258096,-0.7946983139799649,-0.3639270835707845,-0.8220850972286335,-2.6556829197347875,-0.5066227949423368
IND,Away,NOP,-1.9147875052758627,0.16766399626153272,0.8046870121512096,-0.5025054589500463,1.6987555938754362,-0.3447577845458677,0.7916460510863322,-0.9660153155088971,0.5505956423904041,2.3586402204004493,-1.1868993555688203,0.4721673176670177,-2.9851004071427916,-0.38876002423815187,-1.17252017092187,-1.1037693825709871,3.10594424927105,0.6442794449129428,0.5748953881252322,-0.2136945523502912,-0.5230859807445691,-2.1558128624919894,1.3834678740743636,0.5694331859101357
IND,Away,SAS,-2.30101815690843,-0.5206735575567185,0.6893329380361072,-2.3870174050746726,0.7445431930783766,-2.292533434415274,1.39641541975393,0.172447478017689,0.4813750888775144,-0.38348956909410337,-1.6274568062322854,-0.07333368934087095,-2.974145022546151,-0.7949360808572609,-0.043105375214433854,0.3962343405739462,0.9143518423894746,-1.1002633864434395,0.8337064716582732,-1.220484712217752,0.8086812027889063,-0.6732217810947341,-1.225033531868976,2.6937877997877973
IND,Away,DAL,1.5756277020378402,0.38698311780790445,-0.41434123807506534,-0.5591264050942835,-3.432028893226478,0.6258362193090249,0.0725150924582429,0.0157412964729296,0.8674721750142675,-2.2284177636955915,-0.25853864848418634,-0.4294257692338356,1.8919072244665123,0.5237837120234842,1.3654257477033596,-0.21359999006770114,0.044071532317802614,2.116221069931248,-0.9119509565285789,-0.24665093685399067,0.3626742014021084,1.0043966952205567,-0.6534217458223704,-1.4388269919595675
IND,Home,MIN,-2.1291176518407244,-0.41960942545517893,-1.227442498979558,-0.892532386181229,-1.040105125839776,0.6400561179879457,2.1372401970669075,-0.8633131022583117,-1.4974141984431046,1.2862533584553622,1.4666065052253134,0.033441059652435316,-0.3637101533750729,-0.8922995133851231,0.8408220246513703,-0.5783866692486354,-1.8127476220860217,-0.755566680465778,1.5804079809750096,-0.08525638160937395,-0.48574575703609985,0.20082000023557753,1.4130902463497121,-0.6322751564358967
IND,Away,ORL,-2.9879426488827927,-0.5056548204948214,-1.6418517788932692,0.530358543005307,-0.7613274565378458,-1.454202012926143,2.1172868498108013,-0.9582358117834922,-0.0972157767585358,1.670615913485596,3.664691753643581,-0.19198385025860612,-0.8847898222571989,-1.139186772500106,4.650100548711846,-0.16703164858951725,-5.439372363236573,1.7873269625984989,0.19258522095908945,0.38775751059996244,-1.6905937068103694,-0.06587315921787325,0.6562892419144623,-1.0685602252094442
IND,Away,OKC,-0.9237904956616216,-1.149358406698039,-0.47907149222582385,-3.384973341597562,-1.1078324925845433,0.617911264659684,-0.924020568376276,0.14203903781264243,-1.0432362582186665,1.0160113040179366,3.374961992034721,-0.3635342351824438,0.06880487291743519,-1.0989155796613728,-0.506728494966855,0.758288469099961,-1.8516433306820892,2.3957825653601463,1.2161435957266775,0.31819941905799265,-1.8310026564452444,0.5232918648888453,-0.7898116065046087,-0.43246577171632633
IND,Home,CHI,0.9580936448200892,0.9115316815707378,1.075241461020855,1.6208311909835453,-2.488432499340686,-0.6888077162103565,-0.26901714887754763,-0.28900809390537907,1.0340502787274155,-0.6953743737003579,1.5593124512113052,-0.15923322920459201,-1.0500600810240583,1.0739304502127645,2.063342666699949,0.3408105329831444,1.123709712205623,-0.42652699383537884,0.31855042963427654,-1.6444201476637195,-1.3881056726321281,0.08065894617997901,0.03694261618532935,-1.5107762580250332
IND,Home,BRK,-0.37049518762268124,-1.8414976636025553,1.7285884933107922,0.31708205116367544,3.4690853947896683,-3.8470768701505844,0.14233354589924316,-0.0944609668093681,2.3332966657346557,0.28895316642314767,-1.524024274165137,-0.6971989037615921,-1.9235809266961283,-1.4217345864921564,-0.9967167842024608,1.5372369914680946,-3.6596932756602416,-0.49542601197391284,-0.7846713651769397,0.7642797673608094,-0.2405329315042535,-1.8503374167591664,1.3173069108641715,0.06958074490572722
IND,Home,CLE,-1.6779214774452944,0.6376538827571293,0.6254417795061279,0.24695931064640977,0.3067730315149543,-0.6933531930321778,-0.6177685816478483,-0.923177494252883,1.771239376113204,-0.7353959635019688,-1.3909104815175841,0.05029292262816598,-2.1937793380589823,0.46642798177030553,-1.5466206490410759,-1.634870178598837,-1.0695438719491284,0.752617915048789,-1.3758947934657009,-0.47365794787245,0.012327382350541958,-1.3383282407260673,0.19309534877917667,1.8810339402060534
IND,Away,DET,-0.4809345584060471,-0.9926501658236941,-0.7454400375942365,-0.11583147643250467,2.1914315061084775,0.813497187864938,-2.147095597376088,0.976383540773776,-0.9942121650441087,-0.8867194254791442,1.5233571651819406,-0.500263632674169,0.8896322919000489,-0.9311081756659728,-1.5603334872219832,-1.451450608204494,-4.866097322646846,-1.215687402042017,0.028493925591506365,1.120804001828112,-2.619838620697687,-0.08023461471760346,0.5644953486478892,0.6540789378260121
IND,Away,GSW,0.5650185271778864,-0.007049774237482282,0.6442088758203405,-3.0670132871112368,-0.6861226702273499,0.4637299009089136,-0.2966765543209604,-0.4907518191199722,-0.019406209648898692,3.0067126790270677,1.2081638297833666,-1.7860515266159485,-0.28363809634653164,-0.1053820822047823,-1.7252688698268954,-0.1257532142563812,-2.6572864033201182,4.439649967985121,3.95491964279753,2.151489629223738,0.3323657147040103,-1.1264971311855063,-0.268916261580644,-0.14697354056414424
IND,Away,LAL,3.099884973414189,-1.1763566234139657,0.8551293392551708,4.7349752269103025,-1.4570830591143389,-0.11158782146128432,-1.3287966848747648,0.4984666765239248,0.18335808954531518,-1.2158296301407319,-0.4911393282981783,0.2975899237381574,1.7698066221277242,-0.6181618935973661,-2.371968769393668,-1.9146230265730517,4.336118594089811,-1.0724697993008778,-0.6778940734416716,-0.5626618022303738,0.30648611432526884,0.7728603763287769,-0.727596728530311,-0.0783365078909874
IND,Away,LAC,0.5167703480064771,-0.6226593406902396,-1.6410959783612995,-0.8256323347499275,-1.483213161627129,-1.5176540763109243,0.014445138005443918,0.1697154094780305,-1.138875350314823,-1.7258365446260333,-0.9785708290455589,0.09714837974401666,3.4848154648152185,-0.7113414453763512,0.34830708896387713,-0.6234798498690654,0.4045319684036348,-2.558938643227809,-1.6430799126889926,1.7281460283168326,0.19466353554691812,1.2055847483654982,-1.4100773355288072,-0.5879792527737289
IND,Away,CHI,-2.1589795834759653,2.3407809322959854,0.002030529162372235,-0.682199271617139,-2.824997962988933,1.1508735334166456,1.836133674256411,-0.07910896849203808,-0.8516390919914293,-0.6916270018678216,-1.441321224770467,-0.866217191286574,-2.79951637733613,1.8346856578529642,0.7832501377715977,-0.03245780319053234,1.6274669192116467,0.0018030258572030746,2.724354004960191,-0.35326697939236335,-0.6915863627066646,-0.9887892490828358,-0.12510010337718003,-0.013798975834491167
IND,Home,LAL,-1.627529407151589,-0.12974348556600174,-0.13095966267814244,-2.337770256137096,-0.18779812262662626,-0.9383231824201611,0.050083196053402335,0.8651852518770307,0.3640138352567444,-0.712038897119941,2.326916818503752,-0.6242725603018933,-1.2138995250307216,-0.44374882845763,-1.8216536455016576,1.688277460449383,-6.238071348990071,0.04231014262537896,0.4086379578218419,-0.5196517982880794,-2.2669981297664945,-0.2495312955347232,-2.0794335158021644,0.6480284478668298
IND,Home,BRK,1.1340913184730779,-1.4171665843834331,0.789081124753227,-0.10823135326302233,-0.9888290741701604,0.002502653260165939,-1.0857506221729933,-1.085938406129355,1.2853440061452361,2.250911682756042,0.17036870677319582,0.2109180863461283,0.5323589432671946,-1.0657937740991155,-0.8772739785303345,0.32780263339203336,-1.6369360580949568,-0.4163442878476012,-1.0392554565301844,1.0190285607848732,0.23424554501977773,-0.792813578457217,-1.2176141841413832,-1.6353305708650558
IND,Away,BRK,-0.41958495159253356,-0.048036359723132596,1.806809415130939,-0.5020510760310116,-0.4239828793250508,-1.5744125116209904,-0.5612537837054825,-0.9988025776950723,0.39605417874788573,3.4840708447790516,-1.718005180705602,-0.0031624711007109075,-2.1172630762262687,-0.10512420048541016,-2.6817216196863587,0.3899127321432947,-0.10215605125037759,0.7536869566032913,1.6500397299030283,0.5069290621998767,1.8054832157348997,-1.230562109004831,-0.9465991929986192,-1.122016611855659
IND,Home,OKC,0.05268998435230397,0.3028813977127818,-0.7467579979454217,-0.04419197002887368,0.5017372226221902,0.03517079274142738,0.40182166315491646,0.5528756179131064,-0.20605202280637813,-0.7598129621770683,0.2764671046994333,0.40629427435633025,0.9935907066988706,0.24481931250309946,0.3206015823164379,1.3618497579027669,-1.5938784848831302,-0.17257092140401675,-0.7769576094613317,-0.41072038853437737,0.25320778370121805,0.8255963273229907,0.7266918380046953,0.4110108383770617
IND,Home,MIA,-1.373237122955692,-0.25301983186303373,-0.521383753462855,2.073229995272449,-3.2307956253353494,-1.4746523308914308,0.06396674057508901,0.4394386658758145,-1.1098994537602394,-1.0956551968412271,1.8444146447426626,0.5824657841355078,-0.30188924227239694,-0.26701382603468543,1.100768192814893,1.4458030461295712,-1.2655271368508751,-0.6727347593289523,-1.2638383794098595,0.18989840536735336,-2.2871030146391518,0.8257577217400207,-1.6401678897116985,-2.0783130859526886
IND,Away,TOR,2.3460792622150466,0.28596302202525337,0.61988458894538,0.9917660824497607,0.8542573200868427,-0.21192444404316652,-0.3765064151289961,-0.5923166407466424,0.985427739069541,2.1435444674329633,-1.574756539468095,-0.1703346834564621,1.2960466679629823,0.8423789359657001,0.3552826728051767,-0.9758118891601183,-0.8401107482430586,-2.067862209620623,-0.9105202646009252,1.948073916063686,2.56685459365185,-0.6458872833216864,1.25403990363174,-1.0321961685783745
IND,Away,CLE,-0.9553280586078475,-0.5466204816174715,-0.24116164280314814,-1.028363163168759,-0.598950043047727,2.4332995080200606,-0.5799901252898274,-0.5824171278909361,-0.3100550933828056,-2.400932214434626,-0.34040849042434485,-0.5821793481276762,-0.5214730810296595,-0.4558208886318105,0.0688081558159176,1.1999135868162307,1.9212228540442207,0.7243430002082901,-0.7818814473248699,0.8283253654152638,-1.588749565169483,-0.2933475413963217,0.8308411536959183,0.5459747439223988
IND,Home,ATL,3.9806658872729384,-1.563770563774763,-0.35708266244384035,0.9271338464205647,1.512570646579381,0.7319335077100606,-0.4776862135981594,2.0388812544183845,2.7446577262986795,0.6078459753116642,0.25988929374643055,0.5441980459802696,4.6350362425756995,-0.6051456034958343,-3.4189597301833548,0.5088735175100555,-2.032093285639592,1.6967630082647691,-3.746538726390685,0.7200317044115673,1.6019938325211056,0.24616315466158753,-0.6045906651922872,1.004722754353681
