opp_Opponent,Location,Opponent,PCA1_1,PCA1_2,PCA1_3,PCA2_1,PCA2_2,PCA2_3,PCA2_4,PCA2_5,PCA3_1,PCA3_2,PCA3_3,PCA3_4,PCA4_1,PCA4_2,PCA4_3,PCA5_1,PCA5_2,PCA6_1,PCA6_2,PCA7_1,PCA7_2,PCA7_3,PCA7_4,PCA8_1,PCA8_2
LAL,Away,DEN,-1.0110472505978774,-0.1861143401197624,0.6826760502104543,-0.9819608485818775,-0.7797410716582723,0.6890677186992141,-1.9030891423857497,-1.3511925951014447,0.943761075123347,-1.608195571965819,1.2376199613382928,0.5008294764581752,-1.7543373325598444,-0.2938792333815223,0.5932351352202903,-1.4440036522076503,0.10453430051641498,1.7265974542909763,-1.2075445030674161,-0.918528366284578,0.7068705651974752,0.16963748453315608,-0.9457309802528406,0.3837765133461041,0.10051227950128853
LAL,Home,PHO,-2.833872813438273,-0.00047922343357040395,0.6173329044993097,2.1628578370596956,4.166319842629968,-0.7038358821396704,0.471934769695897,-0.584473672545609,-0.5545020935120099,1.0368339351559197,0.1101258192940841,0.32728960113411015,-3.8774109298294044,0.13666173186760336,-0.7586415471801549,1.1365289828578826,-0.039699249699382246,-4.452416070505361,-1.6363959519287032,1.766892071942333,0.323625414170794,-1.7018871922811414,-1.069375312294019,1.6931459358510514,-2.9825872230100177
LAL,Away,SAC,2.1522435885242177,1.6546286651442639,1.895768349947062,1.8505983867686735,-2.0993407201429743,-0.32191417894150826,-0.4506795323146198,-1.4863923403542914,1.9023341304391177,-0.3839945164224834,-2.3751391412337592,-0.2379567043067794,-1.4934365010393367,1.9711481210276023,0.083508879751425,2.325955250348948,-0.6327005118039878,0.8160925275676212,2.377750510281581,-0.2922110870260509,2.9456537762244914,-1.349134293810899,0.16223411477804056,-1.1551252094052518,-0.5793058301652152
LAL,Home,ORL,-1.9077948347131903,-0.24287806552100938,-0.7795970326971318,-0.017244337413863827,-0.22585131255407598,0.863723162276083,0.6804389693030503,-0.7984267129938872,-1.4133871352611391,2.979795423577083,-0.9903111507642415,0.05465146002570143,-0.22373954440492777,-0.3763035083228536,-1.195730784287011,-0.8919613045624835,0.12609195592321346,-2.758640254427883,-0.11785586856041633,1.1228810671163758,-0.7532831877228516,-0.9614251298308844,0.4555084115730301,0.20932430305172703,1.1799759188896743
LAL,Home,LAC,0.8814885294503455,-0.5278384623450622,0.04591874726319235,2.501576900645951,0.6516523804659945,-0.7350820724731857,0.4526362347759099,-2.3745890485234447,1.6272454157158716,1.6967863151529319,-0.091815666685161,-0.3897020121130366,0.24353496379231104,-0.17343969494402112,-0.3043201279306138,3.0887767746326475,-1.040538828111639,0.2336868362669782,-0.6622476865887841,0.14559722922243307,-1.754058798193895,-1.2476007922528467,-0.49702148015544306,2.4267930317243094,-1.1147394863071285
LAL,Away,ORL,-2.235114000271808,0.4271193873028596,0.4095690158241765,1.635224514053069,0.6523980794813862,2.4483509670208528,-2.6717501611632746,-0.6749236792074625,-1.177904406772529,1.5612339026324173,2.8039847553675252,-0.761090796352466,-2.7328655844041054,0.3711484041346126,-0.21047408985554614,-0.28572141287590747,1.4848493630858928,-0.3076507606089744,-0.8905871512928575,2.316588451338366,1.0004974417684889,3.6516692321640103,-1.4815658135407708,-0.7161997167616464,-0.5089046290873853
LAL,Away,MIA,-1.5959462107891316,-0.6595610514743878,-0.6895771066704117,0.027680899025349592,0.5529655797340537,1.263800812109425,0.08821608544090859,0.6214936102371416,-1.6530701098811722,0.19510227665163754,-0.7127620925270142,-0.024507765907687846,0.01819182639471825,-0.749727683219569,-1.1749896161467783,-2.448861869105835,0.6641216356129691,-1.3708537171661768,-0.40513678718914387,0.955368103973807,-0.20452556995494592,-0.6007196978258699,0.22108633250076462,0.7679640751975735,1.5674734910032222
LAL,Away,HOU,-3.040904534591634,-0.1986871701572397,0.48649543459589045,0.3074599472083496,-0.10099415813239165,-0.4933513994060244,-2.163151476058873,-2.585369389826518,-3.5049426872357285,0.43446093208515574,0.23096664528019953,-0.6496658919918159,-3.8256679086862295,-0.40844063376164313,0.3395930669924776,-0.3457954806646074,-1.6381806714413398,2.8798479970322974,-1.4785365169259144,4.738647456374908,0.45391466882933346,-0.5781116389091608,-0.6577339248984491,-0.8511180165264861,-2.1790766928208662
LAL,Away,PHO,-0.4216018030134869,-0.2789990088972648,-0.7933798600927081,2.369244093082612,0.3736259961813866,-1.4030915052724044,-0.16609814356206054,-0.7651715518445283,-0.724998496433462,0.7145813716267077,1.275901677901618,-0.9219370317505131,0.6667909364362902,-0.5762426566881599,0.8420333162420336,2.2672161150880967,-0.6191241169968834,-0.051316562933967386,0.06765547095016308,2.324116677654168,-2.5847118178751067,0.349769014758455,-0.3932477048470566,1.2851895602779209,-1.3103064496965973
LAL,Home,POR,-2.310888072925708,-2.202468875989771,-0.5857853906733218,-3.018244924253593,0.3477512913301322,-1.0304665696122906,-1.223657689456624,-0.3057413661807041,0.10617271835128932,-0.7516583025309935,-1.4187188701801283,1.22349457712899,-1.7702148545100154,-2.3105543264127344,-0.5176799855365448,3.16970147301171,-0.2826540880190144,-0.4373581723946978,-0.5187593320382823,-1.7829414327709399,2.205708706622227,-0.8063125702312204,0.8277437634672286,-2.269933624166412,-1.3861139207887057
LAL,Home,MEM,2.274269008794407,1.6045406116964729,-1.8473704038325456,-1.761425693757843,-1.5330033845862654,2.3683167034573454,0.6279662915664496,-0.38883008413953735,3.7485718504128793,2.44539239189291,1.0529644847699096,0.14173050719129623,4.985057475151073,0.9491450979234746,0.59166805326905,-0.5287261458582009,-0.10132666942806542,-2.320829318350924,4.179123134219214,-4.392680977587632,0.5591160508988294,3.68186000261995,0.01662322944044948,-0.5732028434283737,0.5546140344460844
LAL,Home,SAC,-1.01202973496686,0.14533944506659582,-0.42514568873621833,0.08918854193168228,2.8281115655763815,2.4279347743474258,0.709635904813899,-0.47666257555823993,-0.2847444937925511,0.5746784701095191,-0.3794025297862316,-0.04705564721494584,-0.4308979575305003,0.09228306355414824,-0.3645582413026276,-0.90891898610519,0.30198638243050385,1.218127127645906,1.207177407990342,0.905130017262557,-1.3481379790044339,-1.837248906570911,-0.8597968100435867,4.065017904058904,3.117678868112986
LAL,Away,POR,-1.3476832165175696,0.6008433088596913,-0.6035470688117944,-0.16458610097944096,2.6072894535505156,0.5902076960314914,1.045171615662786,-0.7242397696109149,-0.020332558375496343,-0.007210989609147557,2.2611314242786293,-1.055249741930779,-0.11767818009920317,0.19433735694241455,0.33271624724455434,-0.9866501215678517,-0.7922504485481975,-4.199485028396822,-0.1428037134833442,1.4088431097480674,-2.7714250562006097,1.499327556384294,-1.7156959156862026,3.024820135965048,-1.7512697133186228
LAL,Home,HOU,-2.203627996462505,-0.16766154420806487,0.17010495328904762,-2.3070097270730416,3.3630655075973226,0.7561960368567209,0.33075857107351186,0.09617158126417563,0.9600499268528476,-2.8577821830156522,-0.4911553663777501,0.9664982461015227,-2.3547453762433888,-0.08474500817036172,-0.9147525126272684,1.2369618807428444,-0.906718403461185,-0.9149335208588549,-0.4287453259135703,-2.5617624735546687,-0.3911937254976366,-1.7018426951117274,-0.9870829776326769,-1.6510355541640824,2.033168599394779
LAL,Home,UTA,0.8614215693845056,-1.0011250628782777,-0.8313934372438929,-1.0151418539685728,-0.777995174557453,-0.10019195196824207,1.4948253556051823,-0.22547565120827015,2.006552430248326,-0.026481571931033218,-0.4705274316024768,-0.8538700424710604,2.204306102688201,-0.862426294019338,-0.6852776484722232,0.894681288247307,0.23482888236426597,-4.466067635303089,1.5217645371013466,-1.1660943152235863,-1.6351850588344707,0.25254232045286373,-0.06960263209130547,-0.6389493990015702,-0.7720038519529221
LAL,Home,DAL,-1.6932014751958389,0.5249973281748936,0.05043938738324199,-0.26053407997813094,-3.644459144459265,1.1362035702110058,-0.49077135498421126,-0.6734978019611476,1.2625586317466724,-1.528686890365003,-1.3128476007320593,-1.0499586977129374,-1.4650230898773924,0.17763095629167805,0.5048877708658562,-1.691736263886576,-1.1969292995582663,-2.2951392910427852,3.0188532059509003,0.6111384020957817,0.3763413679063083,-0.8929377952311378,-0.8674572713238986,-0.6296678228104277,-2.105521632269241
LAL,Away,CLE,0.02913501006005355,-1.362295704488195,0.028476807367030208,1.1278991184736147,0.6758292882562312,-0.013692256630320964,1.9027137627178476,1.470346996266747,1.137251153752655,0.8543966263497097,0.05163759864600739,1.1953134047746046,-0.03650031426547448,-1.0650729809942088,-0.4219180068289493,-0.7540398338115409,1.114600638002118,-1.4680638448316377,-2.433607906121375,-2.003135865086774,-0.16357644442605318,-1.2127385706569163,-0.182042683436434,1.3165805025812787,1.7421522726693865
LAL,Away,PHI,-2.627821284642477,0.05164149057893284,0.30298186647018216,2.8891876145149697,-1.8011037411553958,1.9536053036135828,-0.6829072371633439,0.432777391548201,-3.435507280221131,-0.5967935813044177,1.0276621574312923,-0.6570696573861479,-2.599364671416991,-0.06114744013162524,-0.6858354207822206,-2.679130985186439,-0.33820762644695296,4.729882682001142,2.0304044265238113,3.031102779122012,-1.7642018584074268,-0.08231066473865635,-0.8769614235413928,0.23222335124570834,1.8291977324283613
LAL,Away,DET,1.0478145482251053,-0.008240125352149677,-0.18565800212928485,-1.4018765065364964,-0.20689376734500958,-0.19056588049437748,-1.0567374968886891,0.6310837861868217,1.7908451698100132,2.3467444711990253,-0.14567277010488217,0.37859116836790574,0.9294139459689644,0.16788720473877616,-0.19760507401407207,3.8546240713296718,-0.4429887393342663,-2.2675483785269996,0.11535878544312643,-1.7831546773381697,-1.203616325019458,-0.49957824443804516,0.380004190751089,-0.3432708142289419,0.3408152606129166
LAL,Away,OKC,-1.5392217225287161,1.2733281369309728,-0.17380013115779672,1.776467637967679,-0.9522405804333669,0.4080719025304024,-0.4865034341733632,0.5809884240970506,-0.931225120662941,-1.711272193484913,-1.379151870338971,0.00941323150082946,-1.532007187289086,1.139490828195917,0.10263872289731507,2.3251459393120197,0.23527771674481573,2.6505462904648316,0.42743071614400274,1.0469023884168212,2.107604528407814,-0.8306325197867428,0.2770328114615467,0.2470373998278605,-0.11267110068891134
LAL,Home,HOU,-1.5534075944222552,-0.5861910206191188,0.5964086778029929,0.13020439851929397,1.948439698235655,-0.7137324148619608,-1.1289260976574549,-0.6010072684228434,0.4394181894552749,0.8737677763885898,-0.2922069654890325,-0.3926731467055684,-2.541550148330876,-0.5461312535719982,0.2522988017459793,0.4555112510574969,-0.9115658620207815,-4.031603256387653,-1.2844557085448876,2.040874802192841,2.194793453952305,-0.2710988572497338,-0.6074431925753928,-0.8104739846707729,-1.0745628367823366
LAL,Home,PHO,-0.8156341974585932,-0.503078257993653,2.550004199753268,1.3213913148481553,2.786241375853759,-2.0235332560763823,-1.1293419094012362,-0.36545015460765695,1.7113329821023309,-3.6977798108873663,3.4741639372522006,0.794411709232871,-4.141076847748566,-0.40750894072698246,1.6842360262579656,0.2558626957632455,0.7023401062855734,-0.7214307405855502,-3.307335348709657,-0.7456433057280123,0.32722112320398594,-0.11782447786062132,-1.947671705096117,0.503154455535879,-0.1480663265631994
LAL,Home,NOP,1.860961369847891,0.718978976005525,-0.8134014150565178,0.187155138140041,-0.7434949441058606,0.16503494551241885,0.801763392744673,-0.9775599030119579,3.628554405414821,-0.7852855339328911,-0.8840033914733633,-1.2958614096430687,2.8643401525669425,0.5014773803289967,0.21912576998257066,0.9406539835641519,-0.3701205256758626,-6.774429529301856,-1.1805312933271659,-2.01262337272759,-0.3654844127548712,0.8536878369084389,-0.04375667052973759,-0.05139898884194956,-0.9234957756950904
LAL,Home,IND,-1.743517158146973,-4.100173739298785,-0.7406070049443266,5.549388206915539,-0.9381981935488724,1.2187905667063272,-0.5980726444554983,0.39321540133818383,4.37308035503156,2.105840933065996,1.0255243079888428,0.8380912151720296,-1.2508347598412997,-3.929032070000284,-1.2618598963589407,3.246937443104065,-0.8842965550355492,-4.136149112491506,0.9627238074720448,-4.3738700981829615,-0.03217689898361407,0.7222922092120171,-1.2691769686482637,-0.05671475109870805,1.2548437688970353
LAL,Away,DAL,1.3688873263983126,-0.5960674003834031,-0.30432247807727014,1.365308146115069,-1.7975819464022402,0.018390743116342277,1.0988143629223424,0.6942409085159135,0.19635275690023368,-1.1226631550485544,1.5141973140213214,0.26460085310031917,2.1087162223153486,-0.763928756607534,1.0286933918378331,-1.9349660927870636,-0.7318075533016652,3.1236016774973643,1.3737580974369288,-2.0847464292970073,-1.5429254020042855,1.6355008172112246,0.04965676323690776,-0.5268116568136334,-0.26861601590861917
LAL,Away,SAS,1.4795198728662335,0.133117279276602,0.24483055563408562,-0.41085897617238837,2.789922812271114,-0.4709616441345135,0.9084462491702932,-0.7528978733362316,-0.072029515972308,-0.1905922435231922,-2.146109670726891,-0.6197360947341973,0.8787553800124188,0.40054257257692044,-0.5743457375575323,-2.4869519722513185,-1.450860288927141,-0.018563394146499212,0.03499601796566761,0.4928046952357051,1.2317677595304906,-0.5076912227261011,0.5398500625534121,0.05841559108401345,-0.2826587552350014
LAL,Away,SAS,0.07428476707334995,0.604054555510865,0.6754955772496117,-0.11705670207277193,-2.3162482400359052,-2.4458192044195193,-0.39235636707997934,1.3932436556043568,0.0398846547816212,-0.34803114103253474,-0.09119983318892261,0.33127908251650234,-0.7606682552325749,0.7165516248599867,-0.30558050289069105,-0.0025466726051930266,-1.4238140543749527,2.5836641952585513,0.980139297451992,0.0478403963121243,0.7032755473664539,-0.4486133508238223,0.15954270321384828,-2.3524590508963312,0.8273803125627801
LAL,Home,NYK,0.7919190676984679,1.2506976787682977,2.380671642099841,1.3439189560911373,0.6022181211202146,-1.9303255542048858,-0.21773662497518978,0.9116305573204921,-1.0915596989176932,-1.5008961418136297,-0.0020713268274302945,-0.4185320447935906,-2.481993571852298,1.3639415532283161,0.3942543931424185,-2.1823059732031473,2.0582946609252186,-1.036031451733368,-2.046456450222561,2.1494501014590086,1.4241291179009263,-0.11441753787765815,-0.40560636905547737,0.06921843069933051,-2.6226438402661225
LAL,Away,CHI,0.10669799324682701,0.8486086842809141,1.545470530905258,-2.059190283942988,0.4327147394905265,0.4747752007894238,-0.9223469862656798,1.210455988483322,-0.7453304254788798,0.7609359197274197,-0.19080172789670616,1.031371592584947,-2.061773846186999,0.980308032170337,0.10350698272706649,-2.25039383182743,0.7897415190787263,3.0848454063813318,-1.0694721871600046,1.076812736689357,2.136795798979905,-1.3392785747953664,-0.01759346332453622,0.3892011989505565,-1.5362085694654894
LAL,Away,MIN,-1.5151789253438805,-0.592033924966858,-0.6767903921260153,2.7115181918708817,0.5089184942329044,1.922474667151451,-1.2725796975188273,-0.4831250533779617,-0.8850798077000664,0.3569955016161852,0.07268716913276345,0.7784431422995421,-0.46197201473777627,-0.8603072968891451,0.5385886266744682,-0.016327496731314582,0.1922419060211484,0.28615048016569666,-0.5434452934228685,-0.5491976135202483,1.0930430481956572,0.25543083901772884,0.20922496190720924,0.9883986469279851,2.4951240433629165
LAL,Away,OKC,1.5834659753162026,0.0708422965883194,-0.3202065226538166,-0.8008220646010465,-1.5751431382658567,-2.343731393896915,1.420194027953134,0.6925071887208796,0.3491783859407158,0.8985567043352054,0.13702564749058668,0.18167179837568234,2.0439526923477733,-0.15570423019607119,0.9460966132059948,-0.3853562551557218,0.6967896298384632,0.35675330879905764,0.4590213667045459,-0.9563649948216648,0.4623601704082056,1.2634472331462694,1.0365240289407014,-0.17656387097395332,-1.8026516846820497
LAL,Home,BOS,0.13417866628886976,0.2855251708223422,0.3971525291928655,3.0492696880676573,-1.7310526944196178,0.08767349029386885,-1.3033814394309122,-0.9129908776148498,0.3347170348144027,-3.1439778819595214,1.1963937834180538,-0.26572663538945607,-0.2635286510444906,0.10641825323128476,0.7202004667149656,-1.0202254016460957,0.1170906465449152,1.5436696184166372,0.49930652914104623,-0.4433233486753793,0.7263904078195043,1.3967645720000086,-0.470413810742907,-0.6246134928647935,0.6204608641829119
LAL,Home,CHO,2.440240986905465,-1.164156571650241,0.23552588743529365,1.7644837600084236,1.0631958681925122,-3.4949784311636476,3.348297288559507,-1.73239759750498,-0.4543792062125575,1.3995353059927365,-1.3599563395636527,0.5738225446995254,1.8384301287289102,-0.8659727549458163,0.7797089039797704,-1.9105657598563104,2.8654558115498143,-0.7070126534565,-1.004481307117401,-0.2323903375313221,0.43346659643837865,-1.0371884530419058,1.4624652967573615,-1.3970461314404945,-0.12079090505199595
LAL,Away,MIN,-2.297780387739378,-0.8021420645790333,0.47879538227605084,1.726455277796922,2.815176746174539,-1.9009344870175724,-1.2739292123843486,0.31776182204982245,-0.8587916289038372,-0.6060066988352423,-0.41659498554618657,0.8838956735169612,-3.179633977433671,-0.9311964036304416,0.8033251133788444,2.0519712602026883,-0.416709563630836,-0.6069768998779841,-1.3252910298524931,0.3290979050005377,2.5014136926362935,-0.5209880530241693,0.19827090279466272,0.5863757991840785,-0.584630888375592
LAL,Away,NOP,-1.3852836813055776,0.7306736321414941,-0.13733866682148782,2.25128093296955,0.3664423713062372,-0.6025621662685177,-0.030655680607579366,0.533249906835074,-2.540870224781448,2.954425780531014,0.22153914486601228,0.43893908112349556,-1.023633233457126,0.6501322234188884,-0.37396761540109924,0.6866455725585694,0.5242476445415367,2.9921217049663773,-0.9424638530420556,1.8823938269838385,0.8417547849815001,0.447069918056971,0.7824005143119146,-0.45927483835092736,1.4627780435739128
LAL,Home,MIA,-3.2416006570266593,0.21256227391828328,0.762132815721883,-0.6701472615419343,-1.7848110326669009,2.357190153904348,2.7446079210987695,-0.22726871047044975,2.1305656544058627,0.4825355962060517,-0.9205506659725677,0.5272852243446177,-4.35002416088669,0.4198186482368916,-1.110194088352929,0.8705927321370779,1.3131756083545632,-1.1966535405394687,1.158852386751089,-1.4027759878769444,0.2873296802681979,-2.3092805903049585,-1.6505093486404692,1.4417483671500082,2.3098377130274903
LAL,Home,MEM,-0.9609245898401247,-0.2783536255384346,-0.23269456761265778,0.3591171168044165,3.216782977522347,-0.7414229737084553,-0.31204485729422937,0.0690442512377367,-1.640178622813407,-1.2593336572495075,-0.2218065523065968,1.2707680313869527,-0.6542470036873033,-0.3506903309157568,0.005520723349036427,0.2522784345120847,-0.8345526485100245,3.9994333156224924,1.6787021365057258,0.4862771786409216,0.8331191487701819,-1.8209172783357497,0.4008822419590146,-0.6620644434656732,1.2753901476964284
LAL,Home,LAC,-1.2432396317618166,0.2744155084229484,-0.4587056545910752,0.3441757907698281,1.9398230910549568,2.0267771870159303,-0.9658343683933693,1.1547695872107533,-0.46091022803465603,0.16689692229909023,0.919144985259241,0.004371338735432472,-0.14486627119431172,0.05280675584083615,-0.28066153643803565,-1.9269601725828531,-0.5700281982435409,-2.766060407348191,0.2407777817367633,-0.4139495018232538,-0.6705896666719441,1.0026670533534996,-0.7196487430781995,2.424412675046777,-0.2589021941668722
LAL,Home,TOR,1.150963208320227,1.2326651715879529,-1.188322570783978,-1.8971049565146765,-1.1039496674147316,-0.06759256098058486,2.147512005585347,-1.6757341651846356,-0.5631431375900011,-0.600009782677941,-2.0310660454364817,1.1660448728459645,2.55297389809112,1.1321881750036713,-0.3895167374586789,2.9941523293886636,-0.6657238153371016,3.636674870587568,-0.932588263567795,-1.7341022596654847,0.4882109529257468,-1.6500105004283656,1.7766144135320834,-0.6834971607423264,0.6184069744687187
LAL,Home,PHO,-0.8756782968022649,1.4095968971374355,-0.516742275478271,1.57353085003523,0.0868787805109736,0.020590483397361938,2.618527951710039,2.0116164025144867,-1.8794495040477757,-0.7785749830574246,0.3767265450857796,-0.3981435291858136,-0.03376104618100826,1.2512334876498759,-0.39643558513140853,-0.6647382193089985,-1.3068774581818312,1.4819485869671873,0.041427068462617365,1.527882261657114,-0.9562880537487415,-0.014847263361370143,-0.3360197454751071,2.4058966118685623,-0.6483053585821559
LAL,Away,UTA,0.8340570360705682,-0.6614142149368548,0.08996408519823901,6.493205231331919,-1.215929487438132,-1.5680369288303158,0.2732728608587754,1.6543749312793012,-1.4538509290324906,1.4701672601835492,0.4896580972283778,-0.19137746323276916,0.46975312100252203,-0.6005000743813984,0.8215813928121866,0.08956823666263611,0.6375471576010944,0.37449703376003024,-0.20814557553134191,2.3048208673526847,0.14852131202912655,0.27680253707516317,0.5021274228401639,-0.749219084766853,-0.10346297426655257
LAL,Home,OKC,-1.3374360264940905,-1.1735093075960537,-0.5519474737408504,-2.0174632559661867,-0.18177609450948504,1.2732556652492986,0.3408672377583301,1.515845215799962,0.5781780349320532,2.3174598925885417,1.0003090454644907,0.33253246718319696,-0.022382653284678554,-1.3173743785618417,-0.35772185024095676,-0.955738593829575,1.4237311635429295,-2.090467981259576,2.5928717460382456,-0.9515249285993244,-0.4026168895157196,1.2496660561531892,-0.3222685641722159,1.6889126623833683,-0.2983584172400482
LAL,Home,DAL,1.0149389210467419,-1.1665058959491936,-0.21112127545626552,-0.3099585609395611,0.08378116738976185,-1.4068835479185038,0.19951195396745364,0.5199770130442191,0.3665298818426254,-2.4375052789681493,-0.6277137970942814,-0.6250214895530016,1.3645041293633564,-1.0334709347031423,0.3272679564435994,-0.4935854082289079,-0.6026087587096638,-1.6751561901203806,0.19557900541493764,-0.6049522558264497,-0.3465041308556287,0.3535553863831041,0.36427514308747655,-1.2426190811003774,-1.4255620242581761
LAL,Home,BRK,-0.3984972859499069,0.5950096554941374,0.730884989301889,-1.9409690976314553,-0.7322232879618962,-0.245678428157465,1.1018440075109808,0.5649471289134417,0.6927601791740796,-1.5107385785841065,-0.20799785964408785,0.4401913755141526,-1.5969529201195898,0.5311954293820788,0.6213711878074165,-0.16393146359849423,0.7356648713451446,3.159474361138296,1.8558421253386341,-0.9212199021089202,0.15067928891164376,-1.0795109508537748,-0.589730747214129,0.3888102413856856,0.6367238327790035
LAL,Home,POR,1.2736487296123957,-0.09721475542915983,-0.6932060751238842,0.9657651237365807,0.8942592123186914,-0.17519020193111698,-0.5034829859865694,0.32236319344577596,1.5186296859088282,-0.26129377443444735,0.7041672903560577,0.5191197823044611,2.4233297295154617,-0.10175903450393599,-0.29536598291970323,1.7010257366122499,1.3951727096475672,-1.7569897796363758,-2.231400662413808,-3.0058750311772746,-0.9483199291424181,1.0686260878054614,0.46291543683032293,0.21038325129504104,-1.249205715169525
LAL,Away,LAC,0.25383345072390895,-0.26213281733970334,0.6947023625125702,-1.546688479155826,1.1590246518353042,0.4837438061909022,-0.5187139952967745,-0.8413680690886947,1.180038756409811,0.11901774159900656,1.8332557005686274,2.02480977405063,-0.6850110699690307,-0.11325557969238229,0.06456439950276124,-1.170962028525485,-0.7148672810261222,3.794387544818222,-3.1119301559164056,-2.474993619299522,0.31710287538459864,-0.6263579632369507,-0.6002422476435318,-0.37721580024150353,0.46836290708019157
LAL,Home,CHI,3.071865172330682,-0.1237927173605033,-1.6032578763755096,3.485956721036924,1.2369542518752472,-1.5219269333307277,1.2521603426258126,1.2755938502752098,-3.254087856163276,-0.7111008668070896,0.5626551810757499,0.08018220918359342,5.406007446020189,-0.4464335161084317,0.7627512923951776,-1.1123110217220695,-0.026412635812758038,2.1669626660367873,-0.8124717139071104,-0.11426588049783637,-0.9649264269276668,1.9459628201076722,2.292347281760873,0.05711968685185555,-0.9301055425139532
LAL,Away,GSW,1.9053870021692159,-2.546419273219095,0.8077018983266161,-0.4567207444180264,0.3015895585611605,0.7669148195115618,1.7203455318156817,-1.4337653766706038,1.755864316231412,0.34751182352091364,-2.1694350324585874,-1.3043171201547492,-0.9316920510642343,-1.3798614675870282,0.12670500312828586,5.133358116177623,0.1412945228421515,1.861148789904745,4.993173035019517,0.9606786190440086,-0.06199636011108361,-1.6855966702191014,-0.36176320930161715,-0.09883939030321374,1.6330829782699536
LAL,Away,HOU,0.7736431818339357,0.3917333912895287,0.5518028598136288,1.174941755205546,1.0448648197172266,-0.7967159174379459,-0.9280228646120807,-0.3216429648354901,-3.3475069562130324,0.5854375210468461,-0.3518867295523421,-0.7305887062889016,-0.4365043733926318,0.5981841142840211,-0.15447057230223155,-0.515328621376985,-1.6208734624805052,1.9710037874253292,-0.817598483052976,4.295661900122993,-0.7651475581316463,-0.9795384123362614,0.2953452206812887,-0.2384249414147215,1.6301448488695824
LAL,Away,ATL,0.9371595290418554,-0.26695940122275436,0.15856318322662422,0.11519833937756899,1.5126971413858503,-0.2494040486217518,-0.7566454361137172,0.9089372446210123,-1.8842892673729443,-1.4392632367830063,0.014266166647121091,-0.4053349850166545,0.5350426954832173,0.014336155983557522,-0.555768001827037,-0.9976973291443799,-2.114292112000361,3.2129445839179644,-0.03908240704178289,1.411102481888175,-1.479674940757935,-0.6430367697214855,0.07677699310835273,0.3436950664115023,0.5796614596903188
LAL,Away,BOS,0.7555445142131305,1.851285263698635,1.0037749974037078,-4.108802793801259,0.8733888102508894,-2.4322229141140856,-0.710743594595684,2.7777271884872343,1.615443507023406,-2.37910337742452,1.0770449502589918,-1.2785515270286258,-1.0934503355388652,1.1407771281366754,2.5869341029679203,-0.08117962990831346,-0.416502930644239,-1.7441975274453052,2.448305347210257,1.0160463151395156,3.494985017044746,3.2540453744364233,-0.619844989325341,-1.9902988802773456,-0.12449159888356279
LAL,Away,NYK,-1.12165839466871,0.8791578851331588,-0.7069996621308406,-0.9536541268148018,-2.843987952254587,-1.9064601211619863,-1.3338548037230864,0.7154770686105848,-2.5517784400104104,3.2717525455679697,0.062060833581998855,-0.8506208823638783,0.40317089998397926,0.4457008311353549,0.31155443891734047,0.995186691961861,0.6316062487986451,-2.7333928317608938,-0.42379455604672767,2.838517378439892,-1.3039055108133764,1.386755781695399,1.1764676133074359,-1.8568072954750505,-3.427188410483104
LAL,Away,CHO,0.7493296277355802,-0.819060650448259,0.2433676069425346,-1.6687981324961578,-1.5991347874108446,0.7523191811892888,1.7267552660272838,0.46893348989149575,1.9495894602194104,0.30416867236392137,-1.8449431921387518,0.9197169600747637,0.7490381471459805,-0.18565814404021236,-1.9870597881103824,-1.187921562647154,1.022465727734827,0.05346036119920278,-1.3389863796035266,-2.887198820377335,-1.2109462953009458,-2.9159044175442674,0.2287715794980593,0.5617657742463296,-0.6750964212636764
LAL,Home,DEN,-1.6102538825127504,-0.9159116904835143,0.4450429380371916,-3.7454264231683565,1.486181054700959,-1.9266365924074011,-1.6705691142243062,0.6699264558364161,-1.183032745999883,1.6155681606082049,2.2790593927182448,0.04010074661672536,-1.9535911410584275,-1.0300296012595194,0.5271353314473737,-0.9508588216605949,-0.2778060836044811,0.530706990286565,-1.2370961389906487,1.9521494504641477,0.16164011233131445,1.2198707740986152,-0.5708086051763687,-2.13722447109579,0.019035468751942203
LAL,Home,NOP,1.8286181162786845,-0.5953983015076751,-0.8390731812993475,1.6351284547958287,-1.4636839963493251,-2.0073972539872424,-0.4018178691209875,0.04919858707530381,-2.7877649727926896,-0.30320381673115376,-0.0481337239472592,0.42750940609004023,2.9916808351897655,-0.627183376695336,0.24236731219598193,1.9606638135768066,0.3827625823703229,0.90414499467634,-2.406018044897843,-0.09346800855905009,0.25521361133923465,1.3830746270582586,2.6076376222254063,-1.0630787846605505,-0.9991784944725219
LAL,Home,DET,0.5720807147580333,0.9110639550342609,-0.5073419772773126,-0.9039726230738542,-1.274204678768313,0.44205444067028693,1.4450788983500875,0.18222884734775116,0.10816570355028005,2.431262317135978,0.3516629652121452,-1.0142671589167558,1.0843248660790858,0.877650250307957,-0.22304293428152924,1.799540700343574,0.2241299601968974,-3.165770887995365,-1.7221397473623539,1.6698939201047651,-2.0071268630118655,0.3991948618712502,-0.26944382859475363,-0.5366840956675077,0.36950138372599406
LAL,Away,UTA,2.2779517554223396,-0.9699675401936841,-0.5412275553349633,-2.0285172237859332,-0.41057745950724794,-1.32535120622679,-0.0238665061475489,-0.2135521582776843,-2.1101359773596373,-0.4871089354431998,-0.1830166589450642,-0.8071626304806823,3.0102577267245803,-0.7953435992361426,-0.0024244185557223807,0.20199418325841187,0.5931165306679146,0.4535106381582934,1.3824699667439642,0.5568972880853568,-0.5133781040179195,2.4041104298448883,1.7764245357474764,-1.0933397288093698,-1.0205009811006214
LAL,Away,GSW,-0.39028936460553126,0.48737538299832317,0.6689297487063836,-0.7503355048603998,-1.7691575281616412,-0.10688141783891342,-0.898414502409281,0.3370255657837548,-0.6380370133468801,1.135227880955913,2.0320885450871184,-0.2476851143847981,-1.0492153426819857,0.6555605610388879,-0.6575217656975324,-1.1572293949796353,-0.9318848052565648,1.4786238043894881,0.993275856410314,1.4476076569613205,-0.9225732737039112,1.0015489240729198,-0.9431155418150493,-1.306035885029265,-0.03276716369284044
LAL,Home,SAS,0.8611498088411884,-1.5475474983547948,0.4172137227603264,1.620646516282878,-0.05642641296497182,-0.26756306435420213,-0.831781182731049,0.0010325716841430319,0.341977212335274,-0.9878149772314185,0.7817505992745336,-1.120694051278722,0.33709359497778185,-1.254822770868205,0.4907829881170681,-1.8751470168548863,0.5167111384441393,-0.5453465154686054,0.34299257176704895,0.481186376106309,-0.24519830649156393,2.201398487511061,-0.443554240667847,-0.6870681007002548,1.8046563474734996
LAL,Away,PHO,0.9302002541623455,0.6600808096547678,0.3458317716689115,0.4242017265544403,0.14427985806225319,-0.2522436165350454,-1.2040002229597144,1.5877752918147412,-3.5294143261794675,-0.14793546049326411,-0.8808488220177709,-0.8399885818286168,0.6799732958036353,0.5922791538117728,-0.10327704746450869,-4.683016856318143,-1.8371631034270492,1.2484301314692337,0.612832532969523,2.863651575739249,1.9847600317722516,1.8253470658920494,1.2804673810417586,-1.4022805433264045,0.5448891506363173
LAL,Away,LAC,0.7854547823209987,0.7966534443400421,-0.11795910913608659,-0.7799998836809966,0.11834230632442101,1.4534072723033908,-0.04050478910825532,-0.4815454829063208,-0.1774013641807504,-0.4239848479828286,0.314121600054665,0.80153668071063,1.5518854356096379,0.7602062619113953,-0.8065995204390931,-2.9513439607088734,0.853654705379735,-0.5688423083115839,-0.7931275908649857,-1.5366548188273306,-2.2118405279252973,-1.2392259098744376,-0.11034506205310911,0.6680228067788752,0.6096686878847764
LAL,Home,WAS,1.4869777003697675,-3.3229980580517076,0.7145889192630936,-1.4401400327142313,-0.6973307435307191,-0.33447010174236497,-1.4261884870287458,-0.1966899778412076,0.1649847963375246,0.38691429785202075,-0.8748948568364483,-0.0989872880062603,-0.016801007300009788,-2.302134617175222,0.12765299988869913,-0.13456189596806892,0.7288766739415923,1.9452490715914543,0.7321564058105712,0.04989172360622005,0.49973594501006746,-0.3076677108338539,0.5832578436428205,-1.5380562348348388,0.42315672897226375
LAL,Home,DEN,0.16923905638492145,-0.5091800340661076,-0.006130045176331425,-4.022338480903637,-1.9269449507379375,-1.4825194186171178,-0.40154286777522796,-0.6419764028717241,-3.4379716889969774,-1.045136705104705,0.4472975974399897,-0.028998951833849023,0.9052388211281903,-0.6617228967527568,0.24578067679165547,-3.8602189490854104,0.4409973278498023,3.322765073960749,-3.439390125748122,1.7858185410288538,0.788977844937199,1.089794992496503,1.4187285141589252,-1.6969568093226512,-0.0929027330798016
LAL,Home,OKC,-0.07184700442998679,1.5833265314032097,-0.9395817952136766,-0.22400070607537745,0.38735910684367325,1.9797139233537524,1.2018809021861436,1.986791896288693,3.5021322100747385,0.552103493879663,0.8826314269386876,-0.4099248942934316,1.5033766483707125,1.1369946176603694,0.2784685040326586,0.04676047710847548,-0.6417645090329862,-2.4849757682037255,0.7629529261338461,-2.7818366675905852,0.3118438086105043,2.274634791266855,-1.0260634685039076,2.034471150704426,-0.003508856106138123
LAL,Home,SAC,0.01998071734324509,0.9722149548310844,-1.011991904957156,-1.3879301838062057,-0.9575573424951823,1.332207836480788,-1.3340288279947716,0.008635412348357194,-2.9077212051772037,0.037630443949490965,-1.5051280307612838,0.22912166999501343,1.4274302249824409,0.6877533864858922,0.1390000995016582,0.8046567284560916,0.47747207313799117,2.557965599229113,-2.019636081961687,1.7428969724439578,-0.584726881432466,-1.9194782789376443,1.344108207909823,-0.20914731186731172,0.03227716624919466
LAL,Home,MIL,1.4402466372734564,0.4582588115647774,-0.03756083868659869,-0.1082188886457514,-3.1822455360356523,-1.3299716695970436,-2.568806223508561,-0.2720841814334184,-1.3282869443488536,1.3800580105306828,-1.6395295807637715,1.1851469673090995,1.5440260250048972,0.26904124966813864,0.5233445789337223,-1.680345239379835,-0.6006768176037502,1.4125029770537676,0.6001100155442757,0.1598515233233287,-0.2909248725634721,-2.6413012125309736,1.74934748681035,-2.0438736374269912,-1.4535039693289877
LAL,Home,MIN,-0.780747701899199,-1.0205535794549394,-1.0204784502884008,-1.5246822757813994,0.9681832214358775,2.019120675918314,0.8668145783356764,0.8973412165707557,3.867040758207444,-1.2308289607882292,0.6974431076435144,-0.4019201565859945,0.8057607522670498,-1.1974478673697417,0.20131144547287602,0.7206655391135001,-0.28607247875400776,-1.64934939940449,2.0753206850440518,-2.881550907279027,-0.0895973933639007,1.042916844234747,-1.361570609322597,-0.1303528556547344,-0.02102061923765836
LAL,Away,SAC,-1.2905504572842958,1.5779521109247845,-0.8548680243932925,-1.9479024106544218,0.7188112213390608,0.6218090888583649,-0.39631314592720107,-0.4617578389943821,-1.3726039316953191,-1.7759995212387538,-0.7060302084718842,0.11570640558431769,0.26845879465536143,1.0993195747947797,0.3140837139224975,-0.38641176194282684,0.030844564386314312,2.741019038051889,0.5992064722612832,0.6641469622018553,-0.7236107721856854,-1.5693906510161353,0.13813208734732976,1.0049513755945472,1.0745778349712911
LAL,Home,GSW,0.9496964356110615,-0.12840266663544328,0.5553214320507389,-1.2629924087109334,-2.924796523495427,-0.5570863698540276,-0.2675327200061205,0.22076034475336379,-1.2643006854789922,-1.0465923058038962,0.6526583070941882,-0.6062329000155797,0.5209657535866911,-0.03614884617719074,-0.08196930000284951,-1.1602517825925527,0.8660836958577024,2.5952203557737876,-1.0805692632745167,0.707097511753178,-1.351219117624982,1.046363740668961,0.3635173178547263,-3.4360473218540015,0.6943555435009368
LAL,Home,ATL,2.57200626155839,-0.08099965993937079,-0.35608570989922156,-1.4795655969165329,-2.040368283037451,-2.02864823830143,1.217897104730854,0.44751957856964153,0.36840303887789,0.08829112831092376,-2.467959298538043,-1.0599050443063829,3.2524069445612778,0.04564483074692264,-0.6139912480171938,-1.1668052627498413,1.1505169835396005,-3.288330100333037,0.511987640056809,-0.7713731932099572,-0.5087518867951502,0.4579825127208815,1.8656816161308536,-1.095606730886904,1.3186348718145708
LAL,Home,PHI,-2.807759201329566,2.040587321649886,-1.0495983526814565,2.059567380607361,-2.201227735001885,3.212859864871182,0.4510585275243273,0.6659762328646578,2.762067729594822,0.6298390129022273,0.37455116211562955,-0.6156290928983743,-1.4321121121365556,1.6328929176479974,0.38945363728842614,2.274063144341628,-0.7566103442627059,-6.070759783745871,0.1629327035639422,-1.2960654051682128,1.2769037174542808,1.6413695987148655,-1.5709581036804112,2.478574896810712,0.09986789850826333
LAL,Home,IND,1.8574230068372977,-2.0133363134192392,-1.2838734166564705,-1.3120077325453656,-1.252272243765509,-0.49578067799951736,-1.0580272262835908,-2.935107381048406,-0.12469471194265254,0.2713109358880208,0.2781737285303954,0.4309043205957577,3.0055246035585617,-1.7234067946245497,0.5890340600816713,5.164704090305562,0.11982006859754006,4.598371041283753,-0.2679402564845055,-1.1937896350100077,-1.1588095691240186,0.22733935286393483,1.3009840225927582,-1.9790301780958153,0.8325879319853076
LAL,Away,MIL,2.4291017949564955,0.962827735336184,3.2333740377557962,-1.2575386151022085,-1.7415961887439817,0.750253231177799,1.0555852509426313,-1.3251791262774075,4.664561373732186,1.0974803114440672,-0.16043434958131186,-2.2930228117183415,-3.148754939992023,1.444491943988897,0.809613050624882,2.399510315862264,1.3626218209795267,-1.9305146877488408,3.3580478870744193,2.4096991714012037,1.276021383531612,-0.3224989976882673,-2.2757913128697145,-1.1505521988154492,1.8681252773413062
LAL,Away,MEM,1.508748776692819,0.9336516389615129,-1.6701395329705366,0.5143933227586945,-0.9407638895360848,0.5202204071010229,0.9455191776154797,-0.14984733745326795,-0.47763440120720385,-0.07335628113827894,-1.634393979181199,-0.7405613673142756,3.5611726674876314,0.5886960568348887,0.3639867756929442,2.620311875714586,-0.2893585916337465,0.8778815587251103,1.27041630121811,-0.8250492202126887,-1.8836221392255625,0.2963359043933476,1.3315169489911158,0.42083172186681517,0.6979348142580392
LAL,Away,IND,-3.2217243374223883,0.31855966810102115,1.2353495205534148,-0.6604902281987359,-1.6431727941007535,1.74344153293207,-0.6531681743734029,1.4770296876347597,1.2151398055870641,-1.4757628797270572,-1.2452645557448925,0.32068263342893827,-4.822376383262031,0.41208094501600784,-0.5515193527430632,-1.5659956551225307,1.022578385353355,-1.1773998360737299,-1.8871890702058738,0.10373851728662008,2.6066530664430396,-1.9651070135751199,-1.346206636933571,-0.039167737304001596,-0.19611490327632977
LAL,Away,BRK,0.12381750020571936,2.3162566403732043,-0.9006825014276741,0.4413448742074765,1.0585552433985856,2.3631133246136584,-0.022583782963783054,-0.7785229183304578,1.645270578622883,0.8337382829517485,-1.8388406770041115,-0.1592402901368698,1.8919267257880021,2.4024988712269018,-1.486592239481232,-0.5554115621169138,0.09625637354901442,-2.799574343926625,-0.27046952842382976,-1.7442820746464993,-0.407646771048236,-1.068357288779755,0.13967510405340397,2.7631708745622334,-1.2111938573572925
LAL,Away,TOR,3.492295926566081,0.606470942436864,1.4193660747887062,0.32452438978999687,-0.49674321581768394,-0.9305140667601635,2.268122879267061,-0.6135093822754835,2.1311816556442045,0.5549426199872873,0.766967728057619,1.7321433528713281,0.9514424096376145,0.7921449472303589,0.203691837763333,-3.4201024662534145,-2.2211836004207273,-1.6650858553842571,-1.63414310377559,-2.1410117669099065,1.4796236735008435,-0.9996723604803118,-0.09285163487117512,1.5718694319329563,-0.2006006170165645
LAL,Away,WAS,0.08382696006158108,-1.4074063338490463,0.24039665029931723,-1.1557106379661315,2.413419677697032,1.7880986684469893,-2.709511069633611,0.8874974964988785,2.1730787171701857,-0.9571680393376263,-0.5731228484084424,0.7502928454235247,-0.5411551484015231,-0.9780654193669596,-0.5024709540039787,1.3915730737871803,0.6919297148000602,1.0601845415984905,0.9469410244872414,-2.105368848603261,0.2969748808715656,-1.60216205913711,-0.3370301293893279,1.549889903328929,-0.1152860465801622
LAL,Home,CLE,0.5591028095810291,1.6532524835328815,-0.9001112244027001,-2.188612486711754,2.6041693079665134,1.4002920499664457,1.5947447061910234,-1.1267601711393063,-0.49463493575664513,3.157609084794015,0.519824316193125,0.8290408798793244,2.344612885862411,1.5125451738526525,-1.0416690394594224,-2.879464365893045,-0.9129090152408217,-3.4791275005851623,-0.6395745026815957,-0.40135981987796887,-1.043253847999651,-0.3174713731060539,0.29318409355398645,1.7592010076153615,0.01408070762161599
LAL,Home,MIN,-0.8576935385526883,0.47123523728022154,-0.20776871521173923,-1.2688752062794906,1.3171388240761912,0.1221236036468012,0.04884403156006012,0.808693431162925,-0.6681708025837234,-2.2448177309460386,0.7088416172619206,-0.6544011915310658,-0.772862206674093,0.35272692188686905,0.27771881390482916,2.0088573662312306,0.7377873302180841,1.966450445258161,0.04704307505745994,0.854051646446767,-1.1835961101724055,0.21809496619232185,-0.6558363271819689,1.6758778010455058,0.5603352515047555
LAL,Home,GSW,0.8460571133507665,0.07778885688616831,1.2974935107439332,-0.02664133863911878,0.06221009827994488,-2.5355333590817524,0.2735159903000019,-1.2395871534834477,0.03708323618943199,-1.488747273549022,-0.516053557540633,1.6872793373479542,-1.0349910450193522,0.22279348099020696,0.5440853505765783,-0.2588800217281841,0.7755289273413651,6.549617050144433,0.7455479052056055,-1.4564839550255109,4.591576636359285,0.4850720117023882,1.2026313086602651,-3.1741976843096227,0.8170592167817717
LAL,Away,MEM,0.20866225269093597,1.3152693876631991,-0.6079345751130527,1.2562911538129096,-0.09636383079512288,1.9535391988799164,-0.18567071443894545,-0.07874011918991027,-0.6922874455587386,-0.2456814245025074,2.3533046538834164,-0.3874825144732182,1.1732941522531657,1.3437302996692162,-0.7364896894794348,2.6380052106859027,-0.7664856646186178,0.5105699696508653,0.5883670409731571,0.08411512549469143,-2.9611133679502535,1.4997271778681402,-0.6850380937752153,3.807776829071828,-1.0505928225877605
LAL,Away,NOP,0.4919202312060606,-0.8269326574521318,-0.48659668113047155,-1.563589852349141,2.5996142800765343,-0.5647627979249685,0.812062652610914,0.08884748467125164,-0.7486045749668322,-1.248616890989727,-0.3736916181182987,0.1618274164502339,1.6051428933286493,-0.7773261582799695,-0.4737794961122617,-0.89305820193491,2.0303077046741067,-0.560241650813518,-0.25415008731419136,-0.7283419793452303,-2.2932089074417057,-1.0943422855698157,0.5036327743878953,0.3975271824326371,-0.3538547847063727
