opp_Opponent,Location,Opponent,PCA1_1,PCA1_2,PCA1_3,PCA2_1,PCA2_2,PCA2_3,PCA2_4,PCA2_5,PCA3_1,PCA3_2,PCA3_3,PCA3_4,PCA4_1,PCA4_2,PCA4_3,PCA5_1,PCA5_2,PCA6_1,PCA6_2,PCA7_1,PCA7_2,PCA7_3,PCA7_4,PCA7_5,PCA8_1,PCA8_2
MIN,Away,TOR,-1.9623289849641523,0.5845674963942791,3.1043978437020385,-1.3544511222754272,-1.9019923709425162,-0.41097061354994224,-0.9937102790518367,-0.9802215857169978,4.666301522435392,1.3055070314909303,0.23386610086548215,-0.7786838903358153,-6.564695390039399,-0.854569917396626,0.464960859038657,-0.5099976091633627,0.6078768945717618,-1.7444224129061512,1.1066466831161632,0.006806460690511127,4.172647467346553,-0.4623530362204664,-1.7834601609386211,-0.7254885890666917,0.7106287630076303,1.4081899283572172
MIN,Home,MIA,0.006509314648045987,0.00582359899751901,0.4821152858929697,-2.3546755078175887,-0.5577318038227606,1.2654369104287653,0.8959358001279568,-1.843676744005729,0.21076758999046036,-0.8709740535838768,-2.2935555874360563,-0.577046290777015,-0.015391298259532282,0.1484888731013456,-0.2764108153000607,-4.138172598610303,0.19000979136113316,-2.729175124383972,1.515961866218907,0.08161063338906813,-0.7625078066332002,-2.186703821318839,0.08993529343679518,-0.38965254846794306,-0.8625610265442067,0.418455591819594
MIN,Away,ATL,1.1083552093806548,0.13380823226083546,0.1818993142037633,0.6964013702995064,-2.155086909605052,-0.6922991821009225,-0.59070808404672,1.5882820088002139,-0.3445953302712425,-1.3446874263063475,-0.11525179434819142,1.6418973450650196,0.4684393942238836,-0.24807780588011336,1.289684568838147,-3.0495014172094996,-1.2927717748966436,4.769227301799077,-0.4646950025805496,-1.6280706465441874,1.9076441247501066,-0.7612841302749369,0.6947978556405947,0.7603483493705524,-0.8014177929532873,-0.17298257798585087
MIN,Home,DEN,-2.209100975460486,-1.5630483260665937,0.11753700391753016,-2.409544769554185,-2.4062314288106132,0.0597917503310974,-1.8245626116350497,-0.9989416825082741,0.23382516176355544,-0.2169147329892274,-1.1773152426002094,-0.8214362556577592,-1.362959471965172,-2.1425146219690774,0.5282637854124415,1.784156840835231,1.842884997541083,-4.190914713912064,-0.4481397493249742,0.4980356824008132,2.0939383036315316,1.3786520454813402,0.34804902611685573,-0.5372055295707385,-0.9382197310364557,-0.32273858920581705
MIN,Home,UTA,-0.361812234441778,-2.3901137678323523,-0.7050990193840071,-1.254210044420164,0.26257613112867567,-0.7601160525427757,-1.5784869837095161,-0.5606035270852194,0.36144448152566827,2.853373996701887,2.2982933116147377,0.3264269425130542,2.1817301769142383,-1.8323682889737487,-0.9632201113229323,1.8375575889074207,-0.04945194502320137,-2.544025699670735,2.595641559471594,-0.33866169443386446,-1.1067583183016112,3.5665364410441707,0.004682774999408608,-0.5600867202047608,-2.5993803838312006,-0.9828947481090112
MIN,Home,BOS,0.7623551579765651,0.20678594671794123,0.017499807720213777,3.605079940378601,0.9159737791299826,2.667011467893347,-0.6168343544950039,-0.6608979523330719,-0.5465239198560617,0.378561707664439,-1.835389788114709,-0.47380018680993047,-0.05074147595975776,0.8895003679270569,-0.14868022975312062,0.18238268317648393,-2.940929037549064,-2.0882666804745242,1.543037063877443,1.3583468391708031,-0.3126002051296867,-1.7775789882782251,0.20086617779060165,-0.8644160890141389,2.595792844086323,-0.803530916915793
MIN,Home,NOP,1.4609519219503775,0.08842228438981724,-0.9034670676071164,0.590807909713468,0.9425738654087771,1.520891873340366,-0.20483006106675217,1.7544064354905295,0.955996117799645,0.5983855221201083,-0.960403494828082,-0.28504063192548285,2.287029204777497,1.003356835239409,-0.3977370049208225,0.3617048437818611,-0.8589548471211458,-2.6622158049483593,-1.2331632987703482,-0.5753567345320509,-1.5989044163238688,-0.9339616926986717,-0.07701887517857967,-0.38254166843495035,-1.0262849297466778,0.04000149607385802
MIN,Away,SAS,-0.2614536448695699,-1.4681545924782242,0.2295027834474647,0.2666946915302736,-2.143590748618109,0.7721697421250141,-0.5035831951157167,-1.7610957587188807,2.382014800188726,-1.7146524210177696,-0.42687056543050383,-0.3133610966284665,-0.3223619863971139,-1.28819874884618,0.010356423879157492,0.9368011977145786,-0.010517788194287428,0.2780339756676531,0.39602047350309083,-1.9010421539072462,1.970714721453857,0.20079561753992797,-0.5497652957770702,-0.016656601495902937,0.6650811160974545,1.0773746091307772
MIN,Away,GSW,-0.723440123844819,-1.5153152756562178,-0.2160482995317395,1.241863929947818,0.5943506428109389,-0.35711587390005756,-0.17384166262379636,0.7502652627255826,-0.4330316803729054,0.7009421297311959,0.17565051350754096,-1.7215821580779653,0.414435576312001,-1.094550966747262,-0.7877295131947064,2.1247173972091282,-1.2282618154251252,-1.3356974395997947,2.509506618140981,2.6836421679928155,-2.9331943804559026,0.16319572133451002,-1.145615951532092,-0.6760669922818043,0.7979964256029112,0.1228593297524628
MIN,Away,GSW,-1.0679261367582706,1.3895056698984445,-0.23924596193084785,-0.880776172517329,-0.27614717994923954,2.5010792483263646,-1.1516192187210639,0.9322794031172168,-1.0687470557149588,-0.1458832768961501,0.16316113459468826,-0.6705114874977773,-1.2059064594308706,0.8353633612672821,0.8877200181599485,0.0819461601359338,0.7144682394071116,-1.1480661720715573,1.7842926286798175,1.7456434489077486,-0.967948630368649,-0.657689788117164,-0.483512246041326,-0.826328675907363,1.7192769279895743,2.195042612537621
MIN,Away,PHO,-0.9573174364678441,-2.0445369182576787,1.5272203028665043,-0.974767816606059,-2.405107616387393,-3.5695686354481313,-2.654139292663181,1.0958747293000526,1.1228612310604005,-2.514019832098368,2.3901665844492888,1.3408983813324384,-2.10971689901563,-1.7675086075352004,-2.4656113098313437,1.6063573289803077,1.5995038158315142,7.4037364004963635,0.05989637120457812,-3.344678408769529,-0.4524396901544326,0.010967738154735241,-0.7460577496454825,0.766413725218366,-3.575413678526788,0.15160333107302676
MIN,Away,NOP,0.3217064314458231,-0.6290690053553147,-1.0229946245786172,0.7928536104081385,0.3571101600302776,-0.008038291302063044,0.5065280742637305,1.0379310985967607,-3.1785347771010515,0.9479344057046689,0.25593380876987004,0.33401789378882624,2.1697425385132556,-0.09253903807837519,-0.255705791015569,1.7385691240297725,0.07435281415004563,2.774511407713642,-0.8296398924998847,1.1608440043488626,-0.9049563194668407,1.4220691254163482,1.6449012435085832,-0.005022993893724779,0.7315593444197822,0.5412558490562425
MIN,Home,NYK,-0.21568743087588943,-0.150919005003088,-0.5269992345023581,2.941824001921896,1.6199453043751633,-0.28530009991567856,1.6313172443916237,0.12867534740532066,-1.140637446565701,1.4273742415540016,-0.22504176485385297,-1.0476763677373662,0.6630467164840135,0.5458101076375488,-1.183971947507201,2.2946002907181624,-0.4681257648666637,-3.367430522606978,1.1763351132006323,2.6586793270551325,-1.410715274192835,0.7064464955832548,-0.1075864758479792,-0.012153867412225133,0.4990017470543703,-2.6839690590476137
MIN,Home,PHI,-0.5069314742069827,-1.4126313567975228,0.6354508519401837,0.9559360084268095,2.040076478871147,-0.4969057200679347,-0.35373126296905055,0.019524565338541685,0.4410056361402053,1.369598825868337,0.60310547519347,-0.9833208188642616,-0.7777959642547647,-1.594755069692607,0.3054689260957818,0.0954831644074399,-1.2429510700615973,-2.9407404378738473,-0.5070692933244151,1.7170119324185908,2.215144087848999,2.966713673807768,-0.31587096724308894,-0.38843604314211716,0.8244011920059049,-0.4994760977901753
MIN,Home,SAC,-0.9912740498980154,0.6879626207226387,-0.17249057308110852,-1.0641657445650572,-2.5467534577069277,1.4330512387786825,0.7582161186121021,0.6840173701294353,-0.22721094885164958,1.2791640504939645,1.0636104824151342,-0.4103002911825657,-1.3626905017026936,0.4606827306083104,0.1331163831169039,1.8574958316672852,1.6647078088491747,3.370800974105243,1.2142060719333077,1.4791974145126128,-0.4529809635274373,0.4976302583045065,-0.5833239503034565,-0.6182960291735984,-0.29987692180439285,-1.0295851915593868
MIN,Away,MEM,0.7737999478035195,0.09359633421436316,-0.9824507134524061,1.983267728139072,0.29220393900169417,0.5655110063786853,1.6588166784351286,-0.7860587250080044,-0.3345875295022106,-0.11873045493930096,-1.1228249091871874,0.15124223860691705,2.1191744547479203,0.5131416915190646,0.09434592646549944,-0.10728115089241409,0.16212068082694114,-2.784142713912338,1.030081321989958,-1.2272594654336164,-0.7767248832952673,0.5859269289954778,1.0594702375782807,-0.7185044275677885,-1.9824411809683204,0.43186956092685713
MIN,Home,OKC,-1.559822241151212,1.5810546556535716,-0.6891607426553897,2.4317854317327066,-3.3381383914954688,1.0052053713872418,-0.540829784211641,-0.18090232234197204,2.6032876361072335,1.1930421100096724,-0.1856139589470562,0.38673183605807576,-1.4192921710644317,0.9241026454581232,1.018517961600461,2.602903299368014,0.18605803744346375,-1.1484016291626324,-0.4461079269470448,-1.9202053930619605,0.33933189278696035,-0.39621620133915275,-0.34768463152077655,-1.269018923639851,0.4106438607857501,-0.9949951404228023
MIN,Home,UTA,-0.5140185582906097,1.037357091823561,0.9766125845770153,-3.4534747343622993,1.8421466660489945,0.3938770798901683,-0.8871398841648117,1.7724180521002841,-1.160682896202365,0.7888414742991932,0.8407164945128403,-0.5177094247328577,-2.104371741180167,0.31855508108462965,0.5414587495112126,-2.333969632463177,0.01780064268123085,-3.0517803885237407,0.5461508127654697,2.8444477282812697,0.08252693663275425,-0.4315545362537435,-0.7570543493084484,-0.08465256768158139,-1.0029371350284795,0.46843382994450855
MIN,Away,CHO,0.3526176695947648,-1.042390530302037,-0.37184282443258826,0.39728485640827127,-2.0003757326319893,-1.6780686843950803,0.5982083301767425,1.3404200503897707,-0.3380383587267755,-2.2090467472363065,0.0878462373317802,-0.2934619400839535,1.2252583452380508,-0.4875270907658812,-1.1079230637336226,2.100176353441233,0.8561249317649284,2.5013476641838044,-1.5935141553267764,-1.5319776313285791,-1.1449258970597371,0.9974781457170635,0.17204721849798466,0.4768934328308859,-0.6629197615458423,0.3578398099919729
MIN,Home,SAS,-0.7114908138655116,1.8458085873033105,0.9799402039127384,-0.1942142515492223,-3.663968574522158,-0.5991979338482398,-0.05905823107297948,-1.1428611602390513,2.286798005408171,2.1355694380941,-0.09819494035053096,-0.9208199398482183,-3.039314426052364,1.5170893908070104,-0.20802438605546625,-0.5313538385385608,0.9987155128240172,-3.768867497324443,0.5142463145691614,1.3849706819422778,0.5992743795521236,-0.6832408910152759,-1.282838931582105,-0.8563067801524804,-0.25136798629719564,-0.6275084322387576
MIN,Away,MEM,2.001737561483718,0.06202500327570845,-0.3338517524400068,0.07943635758808781,-1.6005334809995,-0.7696543265397539,2.0643826985886022,-0.023305480952434503,4.8809317450910585,-0.3548786445205521,1.6877766926714821,0.6381270841513005,1.765977741193087,0.5870873851290493,-0.9411135074347144,1.4102286880991686,1.399961741458465,0.22029200945593724,1.1831344920459443,-5.428258013531154,-1.1356591371582165,1.5405653308364229,-1.286702286933763,0.08381611143820292,-0.05962200977047621,-0.27212785025173647
MIN,Away,NOP,0.12027076996820862,0.776534789158084,1.010435245398724,4.841209113756216,1.9347177649186338,-0.8190633950238393,0.5099670385348721,-0.4910035142692426,0.19377246073065185,-1.5118784899777786,-0.696757311463363,-1.0257799124910885,-2.05154413407031,0.355298801256384,0.37114766050409626,-1.0635116823420334,-0.3514153722669513,1.772320077998567,-1.4765780646825866,1.1509227139232854,1.8128529741836836,-0.1946288160189864,-0.5758980613391979,0.0523271798456724,-0.3824689844107735,0.7220641290858184
MIN,Away,DAL,0.8988175522079968,-0.6156778124556537,-0.10498347499813943,-0.7833701794458464,0.48019185451730345,1.1848067576728478,0.02135858760973556,1.2397619002508702,1.6315596773490317,-1.955279986255585,-0.356952740105963,1.0536220720966243,0.7119792743219753,-0.5738378774175998,0.7189695272092446,-0.04883716965389709,-0.9149983161185246,-1.3972546902276894,-0.7075424776415429,-2.91335969289111,-0.22766163693931626,-1.9721538832218828,-0.31792637049064526,0.4114645793099822,-0.9452022346173238,-1.1810573022473956
MIN,Home,IND,2.2371486495441846,-0.9391845826753591,-1.1960260800848679,-2.100812355985043,0.42969639394571185,0.7883431779346446,0.6011581377604487,0.6623435143651443,-2.321692463562262,-1.283511834353127,0.4734430236046055,-0.5481127400620154,4.166669525930959,-0.761936424236585,1.5902659181222147,-1.953747306069103,0.6442795336306464,0.4396862303147955,-3.3817161025050595,0.3995958653284897,-0.9134795457164976,2.1801482221006965,0.7861091017475276,0.5831051703245733,1.4043975666431896,-0.3747031723750016
MIN,Away,MIA,-0.4747496926964695,-0.7373888828700351,0.12143206811467462,-1.13918974287905,0.3180782716088562,0.290757931016739,-0.6251038798149681,0.4914588843684429,1.0989641354302837,0.8707061574026888,1.338704716415286,0.660214598237986,0.047042585610920847,-0.7823126919425571,-0.08686212116274938,-0.7350737348783094,1.3134116927521238,0.6554527673982868,-0.6195547448408669,-0.7812632307260583,-0.158390644300349,-0.21930728586992124,-0.557067402913579,0.1211753785964547,1.4105310510182303,0.7820727094737999
MIN,Away,PHI,-1.1606331577820819,-1.5193411088945725,-0.15160053618692584,4.372778610688536,-0.7394756987218819,0.531355481117381,-0.9782543554813,0.8353874510084468,-0.8220832107744044,-2.575011452120491,-0.7649108165517606,0.2698389858437061,0.10453798161139242,-1.4062664073514897,-0.1932340714836962,0.9782673175675001,0.3253134293261205,3.1436028543333268,-3.037189977602077,-1.2139173902188076,-0.3246414276243584,-1.070922700708614,0.3481066669306113,-0.2455732111476125,0.8763786022908172,-2.349523448549639
MIN,Home,LAL,0.9116578502602909,0.28557211232299146,-0.03169110021570642,-1.445210793165088,3.082403207810853,0.7044097382801762,0.14906881074889963,0.285066743595491,-0.28740383309753065,0.05527672737717191,0.09803345040710242,1.0902728980159817,0.12849942258806152,0.504874922005231,-0.05845909936525539,0.27198840138095964,0.37088052015986134,1.1497773522194263,-2.160465011488863,-0.8729702630155071,1.0493072645212704,-0.1373412457443718,0.6212933641854343,0.42744955305126636,-1.0073104616608348,-1.2276902934504708
MIN,Away,SAC,-0.08280389486381205,-0.5755801858340867,0.6642497913650328,-0.8294105151377914,0.5629229793200333,-0.4968411627442743,1.1057952578378007,0.05603499775600384,-0.26480091652419835,-0.140090219022827,-1.4199894277212266,0.3486967709793599,-0.2685645471919299,-0.20836972551795863,-1.0601884823337764,-1.7864474407096949,0.8240864493133762,-1.8605189464502423,-0.2559555379691564,-0.3214185697748832,-0.5850739082634836,-1.6803997234092165,0.5157690714965422,0.13757326130183156,1.5756238673837568,-0.46463143924373806
MIN,Away,OKC,-2.429273695381244,0.49791737156289145,-1.2296989737458468,-0.3544820316260124,-1.542055117203776,3.560539265872325,-0.9703499807305254,0.3117768201679859,-1.0505827244789814,-3.4402108875663244,-1.228510892166812,1.8245765683327433,-0.32502358772783374,-0.049987328103879645,1.1408168704175057,2.8631413683659424,0.08833361324333772,6.144948755083836,2.036920761337969,-2.9495289553704254,2.2956356523316006,-0.624470226965987,1.4498311318889374,-0.5404872502958631,0.6864162473326905,2.403821586755055
MIN,Home,DAL,-0.05211026468382936,0.9782674301242855,-2.032322579482586,0.2122641030368108,-0.4900680372552798,2.8718838011747234,-1.5370740503882236,0.3330622085010339,-1.3438518442805745,2.3174639637204577,0.6312848454384739,0.7570140999892438,2.2965418535883066,1.112099128355401,1.1676711680365066,3.2725531510251296,-0.8965021357437098,0.5428956975824687,0.5290323823799956,0.4125221906018778,-1.3011606111914549,0.6135526080190167,0.9193508122215871,-0.8251438612003835,0.5943381671746178,1.8416235825401743
MIN,Home,LAL,-1.150188420951464,0.7584321565231691,-0.7680939460522572,3.2172573374459206,0.6084435677801096,1.4190866690344262,-0.23557032636689876,-0.4594429328018526,0.5151543968847742,1.0753076187093968,-1.1707374447599013,0.668869987620113,0.224249488522152,1.1036268720443438,-0.38191434094441,0.08433560245288557,0.7949709597055074,-1.4176147819671545,-2.3572136493215803,-0.5894146139600216,0.6990641941764244,-1.071846183940218,0.6248904999084687,-0.46568575500228065,2.645948465157302,-0.48834694651667404
MIN,Away,NYK,-2.0952903493105017,0.20222606559469272,-0.7285994635917622,2.3377067935123765,-0.6858204466174412,-0.5289573947133819,-1.5893796921894376,-0.48634856147342514,-4.203700644856837,0.10623466058096756,-0.8185483065388468,-0.9807899145655617,-0.5030009339431283,-0.1829337608489602,0.3974345224163516,2.00998129469128,-0.08813116386723971,0.3922756077399572,0.48105645156390847,3.7888111920857495,-0.7924064900437304,0.5199494377903929,1.0789946873052763,-0.542587370023578,-0.2891936962188222,-0.49489063922145016
MIN,Home,NOP,-1.5806609842477137,0.23642234822652688,0.19961486376820617,-1.1650304739789352,-0.7169916039520338,-0.21950471863964083,0.27055970950764563,1.4273600545088259,-4.094100774474271,-0.2817087025090861,1.6814424684064915,0.7431734934705104,-1.5121245546594448,-0.07196486220109392,-0.48243723101505537,1.4830999227290955,0.1910670901205021,3.9089901715200512,-1.6098029231087971,1.5618551848898687,-0.12680937879238227,0.4406946030240032,1.0737808391254515,0.5009666415171177,-0.24365543173164272,1.1181160801593495
MIN,Away,HOU,1.459901138389307,-0.7315290610973022,-0.1757987429927611,-2.634883923701835,0.6995178033853972,0.5566463825447012,0.053964270086633286,-0.3481523699661707,2.4190684655349375,0.5987759550151386,-1.4958818552731479,0.20712320305735685,1.4644874548293083,-0.2665782228364809,0.06108879334763304,-1.1410809852233936,0.5256571842614894,-2.1910150655613054,0.1786322681435494,-1.8366452825388875,-0.5153808442331839,-1.6730846442986482,-0.08130815157539287,0.31824441404568404,-0.322453365712086,-1.9990744196863452
MIN,Away,DAL,0.825025436887374,1.1926850617438804,1.472303634655194,0.6700312248979378,-1.9056377171922365,-1.0074896437679302,-0.48567321461601104,-1.1684155931941556,1.9002068657882343,-2.1673533930877955,2.4951805628824153,-1.9279469849846573,-2.1411591961656984,0.9236485394422999,-0.48801378743296525,-1.1475550095358824,-1.4878097583946008,1.434898830910881,2.1063431935548156,0.012735918890824156,0.6771771069836432,2.8565273157758395,-1.9802048735822155,-0.800360257878045,-0.07581720565754949,-2.317031500679746
MIN,Away,ORL,-0.3392020218665903,-0.5746452826990025,-0.6222297733547957,-1.390566849850242,-0.10619571090699259,1.948468290040031,2.633829581269137,-1.130755948332395,-0.42330089695504625,0.3365866928172103,-2.3594401551698296,-1.5560420306913334,1.4760335718790287,-0.2562273626326431,-0.10921974367821988,-0.5464877460361827,0.021696171608743327,-3.3231303469678664,2.5560158794091272,1.6228669804582843,-0.25770527953516525,0.7634062578573466,0.5920432552997904,-0.8252031100774684,3.171111505156882,-0.9335654223530986
MIN,Away,BOS,1.5419436627819996,-0.36906820110911764,0.7905515004858308,4.357525319171516,-0.6550284071308594,-3.090607287755517,-0.7394065334515285,1.3685229324151436,0.5330306849690241,0.8945628309362799,-1.424147959008885,0.37823668449492986,-0.49465150208577874,-0.412760711618832,0.43870213440717887,-0.5287320375029877,1.359189348625527,2.328307895469959,4.261030075151419,0.5674760393507763,0.7663581600403656,-1.9254029800861112,0.0917030642298973,1.3366745048202366,-1.255725533870264,-1.8898039101606334
MIN,Home,POR,-0.12034331758277254,-0.8365670983888686,-0.5935903298019845,-0.010687183069401729,5.374466483211133,1.6166200575632692,0.4933013555472877,-1.1651180701530242,0.4092904898952048,-0.23784634729722762,-0.8690403492664813,-0.021167246016044507,1.5908268394209386,-0.1270634594706861,-0.8506066017293208,-0.00827242227950377,-0.6674063868982092,-2.6726516627186254,-0.8941124330070878,-0.9214196050317838,0.14794779505740854,0.32068305937072494,0.4569538359644023,-0.30305245771611,0.13569630167710517,-0.7110633994280388
MIN,Home,LAC,-2.011147817530581,-0.01176140535060127,-2.2478310830498605,0.6084183148077255,-0.7630964619031824,2.1210407958859134,-0.2835831569292238,0.9476049727694081,-0.16493436382512644,-0.0580071512311832,-1.4689969626019468,1.0773383245471184,3.219040555431099,-0.04191513872744909,0.7856882126295569,2.19090203151054,-1.7561067985737528,0.8009093378122383,2.3810604018332318,-1.724350152202088,0.2582224370830946,-0.599322134501863,1.3451342385999043,-0.2124014453026238,1.0459180720891832,1.5536548434186133
MIN,Away,DET,1.8800941570843204,-1.2103551504412158,0.13897684290488355,-1.4179252476815878,-0.5239477848379985,-1.1936342993467308,1.7071821320955782,-0.5073697100282578,-0.2714392641720563,-0.7250445690493569,-0.4925842316769851,0.31017537295275177,1.3045721757921498,-1.1147257638459656,1.100971413618882,-0.9454510293269464,-0.4778328499469634,2.254820106189839,-0.4044565691935089,-0.5710064862606717,0.9125902035687984,0.268813198498624,0.5275663679450847,0.9666560662260698,-2.0045636634984345,0.7166430112751896
MIN,Home,MEM,0.14265031519725035,-1.281361514990253,-0.6422631985330973,-1.9256474151115075,-0.5711292803177195,0.586065396250371,0.808064536064695,-0.9840310032668679,-0.340941526036007,1.7781678031586563,-0.2145722990999178,1.7290957860433493,2.1025733279512187,-0.9096769654407915,0.009153290193244554,-0.12015782007300221,-0.29550866904052586,0.26817580940087915,0.7498963067744463,-1.518877807244482,-0.4229074915713659,-0.2783852379816207,1.3396882042954217,-0.11572015944050779,0.8439316930057177,-0.7948345125215539
MIN,Home,OKC,-2.168024250028431,2.703342644113823,-0.5791391222629243,5.27381330943608,-0.06835155865505103,1.6726840251105808,0.8543027666765622,0.5621709017963471,1.9807994840562027,0.5128457060416446,-0.8933095631955286,0.10296903956565683,-2.173231203546073,2.1580643524058205,0.6302700695671646,1.3701276425734683,-0.6191521276130245,-1.6786771569825016,-2.170634505337852,-1.396114861353205,0.777813884370341,-0.6329533172738195,-0.10858368383971816,-1.5456605743451963,2.8949646506741424,-0.6656614811802596
MIN,Home,CHO,2.3364978383093242,0.9853363566132098,-1.0207919015563427,-0.49506723236867484,-1.2342809856614112,-0.4654438457651516,3.2640263225696886,0.797607234275857,-1.940387724383049,-2.5252765972116484,-1.8124708155376728,0.3895348604074556,2.5017027270361347,1.6353928706029934,-0.2735648450784628,0.4033105500304362,-0.1625460717508838,4.636970024988251,1.0272247409447197,-1.2219211882877568,-0.23265409263635906,-0.21552925037241422,1.654102707083172,0.8079762068397986,0.33297114519007914,0.25069261616764354
MIN,Away,WAS,0.5748521336185755,-1.0696156244711263,2.0373376666273604,0.805984479191278,2.320144987978142,-2.637903690255908,-0.913426164234538,-0.15385235682568577,1.281041733192023,-0.07336288227266524,1.0874094340264975,0.12521387719718696,-2.8973002968248474,-1.0595436654991448,-0.7249200306645817,1.5451206152110863,0.8935448479130568,0.4613068512242784,-2.110523360872387,0.8022239990096347,0.39243065333283644,-1.9920077895721804,-1.4596608881999968,1.648276949654224,-3.423708805530281,3.1032005285948063
MIN,Away,BRK,-3.2373631325619145,-0.5039170982063629,-0.550328764594406,-0.23882940105919073,-1.3490313305077473,1.3581101007390042,-0.39816662293134375,1.0501409456253528,-0.7718581886511549,-0.6773684012028321,-2.062969415808261,1.5734774029128886,-0.2358674385890411,-1.6455818993260865,1.721876686169896,-1.9625434963946484,-0.025084844544840716,-1.173718239105805,0.08281113909852932,-1.8380002725160076,0.33580546002029893,-2.1547488046222876,1.5535486545141193,-1.0738984267914748,-0.16861383059739402,-0.3148997932836498
MIN,Away,SAS,-0.20448537479728118,-0.9632403746279988,-1.0757255495670934,-2.944113562328682,-0.3922002169873213,0.27890256014482573,0.7893890998121619,-2.1494316909023574,-3.221629802265409,0.031600144864617485,1.404365799773203,-0.037578137276613265,3.3583231980164903,-1.1347412971763569,1.1318367025242215,-2.88058215796809,-2.0937287762217998,3.455222327579365,-0.5431211479244361,0.9178103491843203,-0.6240495798212472,2.829269885080406,1.1894620165201222,-0.16956615452146676,-0.2418508014962197,2.7399214725150056
MIN,Away,OKC,-0.6699420041027313,0.15706484754948308,-0.2810432722181934,0.7471633766519793,-1.0476095212863439,-0.7137016943209665,-1.4251080565100285,-0.5032845943673537,0.3503467478951439,-2.03937640975788,-1.420914854660344,-0.30427312289201996,0.488177536345698,-0.5576285785418492,1.1993594475185163,-1.7979159764779897,1.0636772636137215,0.18625605627945674,1.1038404567182964,-1.1794802405743303,1.3060582508512437,0.30004615920422384,0.4495516568396568,0.15031358561513058,-1.2149226184331647,-1.027168022825928
MIN,Home,DAL,0.49581894327336623,-0.9908442588466005,-1.064379062841892,0.842610048457572,1.5474122541376512,-1.2790098993543333,1.0635463402760745,-0.5046332548338016,1.291584314131387,-1.3583228487670886,-0.48800899183655966,0.2743881737837716,2.9468997405648283,-0.4699204262500733,-0.45515879254000996,1.3820149950124025,-2.0968695139853746,-3.626569575097936,-1.2691630013680755,-3.254589472865915,-1.0297789774036572,0.9636450285972423,0.3208350098801181,-0.07007209792657522,-1.9595065683426613,-1.2506416353255425
MIN,Home,ORL,-0.6517588093940196,1.2585460128593606,0.15032009014144346,1.2131580325330582,0.31861670362859357,0.9137084363099504,-0.6919813926734031,0.08452530936553282,-1.9405081065935843,-0.17191805579732833,-0.9779967592389016,0.13243669811628742,-1.194589755899483,1.4399750984357884,-0.5394452153204212,-0.5473865294164828,1.4055450705097832,0.00824134930433423,-1.9768847157979224,1.063914843115948,0.2766890604754009,-0.6587910977557455,0.9028984081929432,-0.4733680141499258,1.9182067541626246,-0.006621316113165073
MIN,Home,HOU,-0.4421849934563995,-0.3922866625015644,0.807023636299987,1.7931199542698408,-1.44367372092845,-0.29755601203794935,-0.7292311942166155,-1.5885990787539226,3.897404465086646,2.654841386569262,-0.2823238586214781,-0.1409104644426395,-1.854173602108593,-0.7687867465380521,0.3637466196077125,1.2601412504395813,-0.6337292713354895,-3.9491271952438547,-0.39388559458266237,-1.1271142479709801,1.4647077792583232,0.09951752940673433,-0.6998863045752879,-0.6623625318764227,1.4644078784259607,-0.7345283196723734
MIN,Away,CHI,2.9812774099744557,1.9903697132749392,-0.09081715803308883,2.8795085395863107,1.0607229292143423,-0.624533892240147,0.7050735640466386,0.5625963917039568,-1.1849170214167757,-0.5728944997497132,0.37462870954819855,-0.9315212665205387,0.18295087199338503,1.887060337447039,0.5804694568678844,0.5719939500806913,-0.5226146463100445,2.584974897969692,-0.53211347838347,1.9413983583866,4.9923983971954,4.3664414308615624,0.6847774445346199,0.7720225630715533,0.6889268672599715,-0.8460276598605786
MIN,Away,MIL,3.644543706008669,0.7433903481492266,-1.201862195273767,-2.346748689085403,0.4139404609517053,-1.6832090768018566,1.7069373372922119,-0.48961985137076397,0.5403211517872109,-2.3364558299577736,0.8012167724967906,-0.2839145012455258,4.54739671946669,1.1418585944081756,-0.24173073427403843,-2.6378663951467383,0.27758966922797434,1.816390904349702,0.4604234699353704,-2.437661441211895,-2.065664374462856,1.5663083906206692,-0.19465642535971117,1.472583950447791,-0.7432268843107738,3.4830474579643966
MIN,Away,LAC,0.939451164003812,-0.9785534456804293,0.01422132934301916,0.42112675859042964,1.8847774803962782,-0.25041897295944043,0.9301687058451199,1.2731534974222602,-0.035504350953182336,0.13222166017931364,0.5731866991151631,0.583494806766093,1.5129589134429469,-0.08745880356004915,-1.5407975788224357,-1.0126496297824876,2.045042082882782,-1.6860575483427205,-1.152041183206343,-1.3952009729164332,-1.4037032925679602,0.46704372760888446,0.30426291639099917,0.21079059077341114,-0.7307996801594298,-1.1632503230217106
MIN,Away,POR,0.18308058901072405,0.049105937970551426,-0.455627808547057,0.36809622798265146,0.35816248227370856,-0.9362648803572995,-0.770724794486467,0.0767459446713029,-0.4336315286702778,0.9260943597708887,2.246701952315124,0.1406059645088677,0.15548925128155905,0.12492885944519669,-0.19817152648537675,3.7909050264057393,0.6734390303679587,0.28534221495278833,-0.7766688447544589,0.6787556050810648,-2.211705780265976,-0.014213315122509966,-0.7916134973557462,0.66009189821604,-1.5022225872312893,0.6115881868343199
MIN,Away,POR,1.1892285374781946,-1.780994427484541,-0.006145870668281238,1.7393300676820718,0.6407310051714316,-0.6480947633269429,-1.2738566627838277,-1.425400049968451,2.705320980227704,-0.8433336830533369,-0.6386058190686558,-0.3376152436322188,1.2342671991660834,-1.0162399365104713,-0.8428421911443195,1.630389163728477,1.4430508443284804,-3.811598523217038,-0.9550149558183094,-2.76124444598944,-0.26912105176397233,0.6248775814094087,-0.3198542071610568,0.1726424352729292,0.26499659237571815,-1.2926788989457558
MIN,Home,MIL,0.7850724011747771,0.2154752173875606,1.8107296966194089,0.6951862142083534,-0.8400459081665832,-0.7545751300224344,-0.7805841497324971,-1.3955551672126782,1.8707796151536462,-1.56884326589005,0.9272836411842449,-1.392405427892211,-2.1627892959676633,-0.3697961187495497,0.4511069910775666,-2.8628771802450728,-1.414462710497499,1.0249934607440967,1.2053963087668769,0.5117184729435234,0.0970038482285975,-0.43144613876930904,-1.8736060359505151,0.037971177019162014,1.570211502990486,-0.7071072846787714
MIN,Home,BRK,-1.0713491505589756,1.6758445020313482,0.5976525968974374,-1.2567816660521882,-3.2031653494637764,-0.5874768508199871,-0.22109105185129432,1.4961244136542147,0.09262239158500907,2.6029197258985315,-1.6517647687227694,-1.3750035160429919,-2.6175868643850313,1.3632710292363992,-0.051914852614852104,-0.4059051058888772,-0.220326464485287,-5.683436569175751,0.16285907682710887,3.833031672297406,-0.3501535664060093,-1.522115994784435,-0.7757592811857094,-0.6625259007138904,-0.19012238243642546,-1.4454326159815796
MIN,Home,SAS,0.6156514122091848,-0.4962146371031405,0.821166617598088,-4.30070152843336,2.3497815359301186,0.9999390831877824,-2.146887402106507,-0.5200048671220495,1.328514323429146,1.355873947842915,0.5732392220127303,1.136234978163237,-0.8874916090087798,-0.7848615055799109,0.8083981400509013,-1.6312350421789603,1.3574217521310654,0.6557498613388918,2.599384386068229,-0.6461435413136253,1.688461813466684,-0.49334290356429644,-0.16127536365606704,0.36269698939362804,0.41944276309871287,2.053561426909111
MIN,Home,MEM,-0.395454885231345,0.9343047671296663,-0.7027562499137653,0.5901255877323228,-0.8435080709147956,0.053806742633221834,1.6863721873412685,1.711406021274969,-2.022428609566382,4.6201946121577,0.9059364492476093,0.3980622281499856,0.6071654459884456,1.0164614959496538,0.011649872463900996,0.22647861190197421,0.30744019588208665,-1.9458599789089224,1.1207617755379333,3.396100512834424,-0.3616266115910939,1.2018626285332847,0.7134876335545038,-0.29475399176556333,0.2990109456074955,-0.05379037964283635
MIN,Home,SAC,0.25982735327649514,-0.6697915157950682,-0.2506833541454879,0.9979678303637869,-1.6163144882263771,-0.8486128001186519,2.778419480741605,-2.218974676329121,-0.7643115770524206,-0.3474364612577328,-0.604383293978933,-1.0702793472769954,0.28258998506997995,-0.37437819998022276,-0.0945469467103125,2.7734471760786152,-0.7328332056733614,2.357379126180302,-0.8827852077207025,1.2311526282064567,0.04964033065828136,1.1639320257938026,0.15280045471190112,-0.14931105826062357,0.32200461446910655,-0.23995950297951574
MIN,Home,LAC,-3.42192421822646,1.7993238276657157,0.8668311154370931,0.1281387809892174,-2.312550183234886,0.32502816814139973,1.713214724902065,1.6451785691720726,3.0630764813416684,0.42370440857514635,-0.5229931907796906,0.046292282890870104,-4.347755687613815,0.7896461285237139,-0.09873429085408741,-1.369871952018882,2.083487978940123,-3.110462282759032,0.429686914204421,-1.1944337541667267,1.8061422841725225,-1.4017490506353671,-0.8486321770845936,-1.092385730008601,0.09828468048218086,-2.38497394661125
MIN,Home,POR,-0.7233458034734992,-0.831917413492716,-0.8905971995923058,-2.846343748322479,-0.7884635917568102,-0.49153973566574827,0.6236756854445138,-0.20868111819715218,-0.5546557281641066,-0.09245405753431585,2.1680700299013904,-0.004398713527443667,1.0823503343062322,-0.6736957455133279,-0.439350728296759,3.7605716722979357,-0.5721560672910633,2.406503366001213,1.950855828985927,-0.02074342834972382,-1.6656833885198157,1.051334321240017,-0.5173691878806559,0.4940106773133782,-1.4019259612608084,0.3742519942931726
MIN,Away,IND,-0.11600569791173101,-2.4682048094352913,2.004794474956451,0.07130328336574404,0.0674734930907172,-1.5158132898948828,-1.8328541117432802,-0.9570481209636357,1.83355008298769,-0.7588175972935723,0.38715801621582346,0.2870690635972393,-2.1096283327151957,-2.2747258779019917,-0.7653594936632653,-0.7386419799734651,-0.5295622031401356,1.4238860733609429,-1.7605856618423454,-1.4536122784183247,2.4089555939828085,0.5338471028774802,-0.4281686836437223,0.252624783943595,-1.497681179556755,0.12738767387062136
MIN,Away,CLE,-1.1777259336607382,-0.4692398717326253,1.9324169268240787,3.6809132833988043,0.7389818319364043,-0.877829465240721,0.6422661571030269,-0.9059953473142696,-0.4270039736786815,0.17163150050639445,-1.5626361645514364,-0.36982973833467947,-4.015413776380926,-0.9054027240241906,-0.16883808016840807,-0.22633618055468774,0.48278660025771003,-0.45842174778627715,0.3653635306653157,1.4958300167939027,2.2640246867744027,-0.5936961951441592,0.26987190124447413,-0.6529148023672513,-0.43581126499736234,0.9306678427218672
MIN,Away,LAL,1.8398867625411734,2.1604920938005057,1.5753296209776204,0.5060957766062543,1.7733006930050623,-0.8092858425626545,-0.35992871058808906,-0.24315946876794206,-2.615785119802201,0.000987491823544548,1.5981178936758407,-1.0151515485619467,-2.264722831268358,1.7065836440301456,0.10399052731886618,-2.9415390701603745,1.1460639982118415,2.6538925367701185,-2.2707278125859567,4.367703778427954,-0.055229689812056594,-0.12158808084637192,-1.0552840777243258,0.6208072634497226,0.5018125910137217,1.5478312191301442
MIN,Away,LAC,1.511462478892111,-1.1670140029439837,0.9356752508508044,-0.21522479314095788,2.285923702480385,-1.0454893479677143,-2.3569968873094798,0.07216671291387565,2.987470235959984,-1.5883996304738823,3.32047132144709,0.4233109684875518,0.776019826806644,-0.8325758990457398,-0.882318254211546,-2.3998297470875807,-0.45822940015853886,0.2888445013163729,-0.45354905631827747,-3.348072763540853,-1.00237566563714,1.0909046941301417,-1.664610783893884,0.5955953434727292,-0.23516912984812494,0.08950582083172609
MIN,Away,UTA,2.620831140302963,1.2674464262709648,0.1785750597132938,-1.0525655116408152,0.9889936808926018,-1.5949956716100786,0.7323162289149161,1.1512124746695838,-0.9385838845853103,0.7225991148110132,-1.3192381434323819,-0.32627215762624917,0.6263135905616773,0.9997106813677673,0.7037883801577441,-2.383257852451064,0.5888476274234469,-1.597148184124111,-2.1833305094170146,2.2507128740917004,0.8170859001545945,-0.8814732523114815,0.19841966597024652,1.6963569813734165,-2.033086268467,-0.38707862012883504
MIN,Away,UTA,1.805425511427433,1.058586637748825,0.4937845252485133,-2.489318743355136,-0.10681419791051662,-1.443355695500654,-0.8717471615307227,0.8828163234766566,-2.317647346690984,1.1716482277415137,3.5423276873225764,-0.051601743201465204,0.5837640811697641,1.015829594496495,-0.4903415392315443,-3.0366421787792643,0.9504649646721178,1.1755007188019158,0.28889414153030796,2.194097280286852,-1.967805667638405,1.4531240114898032,-0.5484257752970322,0.9901718591489282,-0.7941589010318537,0.37382254568192885
MIN,Home,DEN,0.2691269861747226,0.10463254197205218,0.5350404606641024,-1.3520708165157174,1.06412973048526,-2.3354919500458897,-1.2897069392947162,-0.21351128061586938,-2.3389951962383324,0.8486464161122139,0.5481977421129632,0.1435607070914633,-0.6201112875812282,0.18014231450802864,-0.5293088524982358,-0.41324611886748597,-0.7410401645011953,3.220878822572191,-0.9824704373800184,2.524358988335515,-1.4320378101862286,-1.3434608283090008,-0.05324517828036319,1.0481576771207755,-1.504499943690283,0.29990291631209015
MIN,Home,CLE,-0.7545543429419059,-0.10940293127723105,0.012968451579509389,-1.4448499101553713,-0.09394998459346775,-0.5988238601141648,-0.16196718149711195,0.8708624235256884,0.9075633897452348,-1.0988510061449177,0.9059103515474858,-0.3662124745926857,0.2640005318664888,-1.0911922341149025,1.7837399566998993,-2.8477761197962494,-2.410593550394884,-2.510209035600136,-1.224787659356549,-0.5774375500777745,0.05620902571424839,0.36833266311331186,-0.7933754967478234,0.06598785215864275,-0.6084138366821187,-0.4503213785904819
MIN,Home,GSW,1.5927248276201837,2.215113907921503,-0.966124458556101,0.14066664270395485,1.14986333695488,0.8608737241605509,1.098953535821051,0.17383685927120196,-0.019645839917076458,-0.007329844563551121,-1.6836104762492667,0.470272090976555,1.2047154693252067,1.7259933611425717,1.5799355412984095,-1.3260958452424711,-0.4754313859720036,0.5137609002904174,1.223230097637498,-0.2564820563130778,0.31253069834898173,-1.7349929399151054,0.5901080852616657,0.45266573070954685,0.2786802394894312,-0.509979754044124
MIN,Home,DET,-0.44819952273182717,0.3910689466798473,0.18928784947617744,0.24626977574625925,0.659602980366281,-0.6918896363526132,0.33973167376210484,0.28636542165488577,-1.1519968463724812,-1.5710313017751518,-0.28731655458987826,-0.3129228860517265,0.17553866455645234,0.7814451346913077,-1.2613519260489863,-2.3263178383820833,-0.5590823374338388,-2.9176051659223075,-0.1440718858455658,0.1686365288697112,-1.6065176455390562,-0.9406192421935071,-0.026468927770733317,0.11179464148586442,1.231371534242519,-2.750774392890933
MIN,Away,DEN,-1.9650314821313337,-0.5029255419711781,-0.9324586986251882,0.7879792709576768,0.603399901660967,-1.7232575961567032,1.5687879756267638,-0.14640068409319998,-2.0127475189897015,1.0666071236142816,-0.38226565578865956,-0.17966295771260934,0.39494068116153164,-0.24976115627394746,-1.0565015504493787,3.494381592538072,-1.1125849922721456,-2.248050392818952,-1.2672558294076142,1.9576328562253054,-1.8761881348185105,-0.746178110075985,0.44374983682955943,0.20380804333951671,-0.795781216135565,2.1913173231177634
MIN,Home,CHI,-1.199101761639317,1.2041743620856495,0.3145563398666888,-4.225884576340762,0.3065511106385993,0.9877254232787009,-0.024544831858576418,-0.6578977866989748,-1.821674669750734,-0.4193295055434982,-0.19162124512643247,0.5726826630639295,-1.4211702515562357,1.2707616975796108,-0.7853177980553849,-0.9026007039511834,-1.0106244706445224,3.4847032130283533,-0.09679545383074253,0.9933135477703929,0.15580583817424964,-1.4208494195226982,0.41901999283962077,0.23939475474553218,2.0220044024262642,1.8143575502041651
MIN,Home,HOU,-1.1835226199047744,-0.932870364318525,-0.9658042986772895,-2.635746341424461,0.23043244471100865,2.264647487236199,-0.006532313247967854,-0.4857328717938707,-1.2687689622736682,0.10608246935086632,-0.5017184964298017,0.16867823405116278,1.5858566023474794,-0.8617675476563237,0.18439063696631053,0.6570440508322613,1.1707476481615842,-0.20978339538880156,3.7472403051057364,-0.28388343950771366,-2.628801260338253,-0.6380392153825284,0.6533404565427002,-1.0090631719109022,1.423668346374429,-0.6343096308269147
MIN,Home,TOR,4.463990926155381,0.4613481825149857,-0.09268766441179814,-4.49238111257439,2.275469012448306,-0.8327725780671071,0.6313626942297184,1.4416996247727232,1.1327582924759763,1.8944369773718899,-0.6928910092064773,-0.15082844381961072,2.01141625067468,0.9738900891643262,0.21916181119988243,-1.1904240618832969,-0.6414534793175238,-4.99802776805715,-0.872812164030813,0.8469495017411954,0.9041522805896266,-0.07742323615783661,-0.0637114900531907,1.7440299434225401,-2.234282422322129,-0.8127153662719032
MIN,Away,PHO,-3.1174745363200635,1.1987388310547198,1.2619688843435948,1.3320998240909336,1.5710704154807584,1.845680030475252,-0.8404345835997639,-0.4434552211825826,-0.4159094183177322,0.5883504803777906,-1.1960487832304099,0.3601294135313493,-4.704529096675211,-0.3087736277942198,1.337984867214211,-2.0361973941910265,0.17075848724929865,-1.617899334747599,-1.6402244812603937,2.084681948272338,1.5678926964631836,-3.414770392918499,-0.4668202675315762,-0.506563354596348,2.330835683862008,3.2211597826799787
MIN,Away,LAL,3.2903476253535247,-0.6373114165006194,0.7469380125110773,1.324602313725669,2.7386267142716663,0.25088995338403147,-1.468646303486245,0.5770746566587837,0.6978579515478632,-2.1546503534240817,0.4496313420032792,-0.7812694005830096,1.170024919501042,0.13747431891128364,-0.5541456146307218,-2.4964705899957305,1.157477240537555,0.9747626225245766,-0.3772823983216631,-0.7467095001880308,-1.4321822748404873,-0.24787203634602126,-0.9140182846713487,0.5885556636867187,1.2420448530703128,1.0448709456957699
MIN,Home,WAS,2.803614885182113,0.836917985767822,-0.4798260153528922,-2.270124420526766,0.05626530620589331,-1.9384890071376948,0.9222405580541189,0.2735693982263939,0.698281543791128,1.1722620768626764,0.3152798266943059,1.1456820220617139,1.2895746414157538,1.1496741826823949,-0.06347530913015938,2.1960656483684966,0.3273377570302851,3.4020520760541606,3.3879010700688763,-0.8133878788800168,0.038013719674627175,-0.5781829431389592,0.2174250941880751,1.7454033240645956,-1.4342994237045026,-0.273665088137137
MIN,Away,DEN,-0.6694483914960234,0.026626187117993354,-0.25817419691931104,-0.4518354770429678,0.07324300912996017,-1.352670627642177,-0.9035643249042425,-2.647514679995004,-2.5912859820556453,-0.7086947720876383,0.9202379051748815,-0.1190408390092315,0.39422237704665053,-0.3388061455000341,0.5694108226346217,-0.9010949821970706,-2.131402820762286,3.473393945710865,-1.9590704385601831,1.574420588145022,1.1686812260289878,1.4864939628975906,0.591928259405999,0.4622279732457332,-0.22556354660837105,1.3284767570179874
MIN,Home,ATL,-1.005992965583236,0.7625642131325269,-0.11368363835072912,0.18948095395554584,0.9628662996584691,0.35241357521347344,1.4434119889640447,-0.8335915450611032,0.4409191751799162,2.6759478791559403,-0.2318283053007509,1.1399792292810853,-0.9890742618731079,1.4348547443457367,-1.2709717354791197,2.027766208840427,-0.11382183031244639,-0.8706991554463577,-0.8268694302850775,-0.16738919953682643,-0.9025175255294038,-1.8824321674536857,0.27391683466645894,-0.6353394360350864,-2.0289693703953797,-0.7220505486889217
MIN,Home,PHO,-2.846357780447373,-0.2616058867766911,-1.269321959054028,0.8209174196295057,-1.7628157265782187,3.433380384659513,-0.9164004529803167,0.3198184275326495,-0.7951936610751295,-1.910995427261272,3.0588622639598477,-0.12638373258920832,0.6181940681663085,-0.3009402686424476,-0.6607485967709145,2.7118267230045006,-0.013189132192585083,5.413666901250752,-0.3614323286167053,-1.741162031903361,-2.177151559827363,2.308590502935395,-0.8255492482675238,-1.745232056420337,3.344929933474589,0.3531750177482589
