opp_Opponent,Location,Opponent,PCA1_1,PCA1_2,PCA1_3,PCA2_1,PCA2_2,PCA2_3,PCA2_4,PCA2_5,PCA3_1,PCA3_2,PCA3_3,PCA3_4,PCA4_1,PCA4_2,PCA5_1,PCA5_2,PCA6_1,PCA6_2,PCA7_1,PCA7_2,PCA7_3,PCA7_4,PCA8_1,PCA8_2,PCA8_3
NYK,Home,BOS,0.18148966213255702,2.1186814675291723,0.5593634024133484,1.8934711075271045,1.6717828313185326,-0.6316106443955123,0.9231600030386762,0.22681806022730763,-0.4142232552313609,-2.6961742307130256,0.7322491631214467,-0.06351666666896943,-2.069183008392095,0.4950927541186787,0.5162084453439206,-2.737911841209841,0.23968256595405088,1.4426010690082214,0.14704333995829727,3.508168563551197,1.528642410662753,-0.05060252961026885,0.5634947253044604,-2.225338528312987,-0.032145885008747516
NYK,Away,ATL,2.082102481304951,1.6366357159709943,-0.8497456791581952,2.123886876733173,1.840327395264261,1.4985843553723384,1.086455324096097,-0.099165450214747,0.034826827968399116,1.1588937340366474,0.04782456716981384,0.12161540843517846,1.2262268754845407,1.606691060883991,1.4072568423290912,-0.6073614277154643,0.6030827575268815,-0.8695966620808921,0.5184385808933953,1.087655269452175,0.12087544496276653,0.5864058421446552,-0.2597268618691992,0.5410641941758313,0.19404028778716614
NYK,Away,NOP,-2.9579838519596255,0.6416169404960604,1.2073965083349898,-1.5557437191195678,-1.1441160267667776,1.321731793887838,-1.5069441454738004,-2.671615271709999,2.8531211936782594,-0.9280341651292975,2.1648240005396673,-0.3779918951370022,-4.823653514904806,-0.16500213404576816,-0.6302673051569443,-0.4105645980841337,-2.402967727126065,-0.2833039715664126,-0.38820097198102194,3.2184858550065054,-2.3512347102696767,-1.483515207129516,1.2861646499898862,-1.4650104910628403,0.05175527020390084
NYK,Away,CLE,-0.7661203965748962,-0.07900359677572363,-0.35438561798437396,-1.9437325867638013,-0.017558047047570517,-0.7795064840096032,-1.793389617121148,-0.1116684769482594,-0.6276807899471349,-1.2444082806682963,1.0441657869585583,-1.2227035719120334,-0.5540408437751332,-0.11949585361755614,0.893002741650658,0.309911355501101,-3.4501524372523398,1.2463777167433323,1.3087909146060235,0.18180441312974224,0.8457874061605815,-0.3048559615522916,0.2937460118097694,-1.8113331965344932,0.5615328383538997
NYK,Home,CLE,-3.3671314662949876,-0.5724933931488887,1.7396572726591186,-0.23930080266948575,2.4425667904028403,-0.7303109700485803,-1.2600906091790602,1.0921228218976466,0.8614222885325007,-0.7789632117016482,0.719719963751345,0.11358873047749261,-5.192609508690745,-1.640223982485429,2.549411990965822,-1.657004353470426,-1.8596407254589582,0.8657607498234223,0.908470040732316,2.567676508123752,-1.821127871059464,-1.1728896974181238,-0.024400073674312014,-0.10412253335920753,1.575033905473437
NYK,Away,MIL,-0.7604398642217431,0.7235694354544522,1.5400757339347633,2.4909919144405475,-0.035398769167942185,-1.5534358850266652,-0.9126626249548085,-0.9070036862711552,1.9399719682342353,-2.025077232003075,1.7333946877571489,-0.5608777656921377,-2.8595584648529857,-0.14807805008312266,0.18290604445417524,0.14497310256563561,0.8380237720593449,2.5174155084287593,-1.4777978256878532,3.1570465520080346,1.3121325327054014,-0.4319564149273449,-0.49488592185042873,-0.051823870727943734,0.27360668523631587
NYK,Home,LAC,-0.46023352061959155,-0.8261626953078341,0.07826415163400027,-2.800574834575078,4.162616030812415,1.9633066163172455,-0.277489985613343,0.5949108905535359,1.5011513477852625,-3.0521278684353423,-0.3685140153816353,0.8545496041929886,0.11081885688858349,-0.8599507028470685,-1.120186773949958,1.8976087544798574,-0.7442486827975132,0.2056174966499549,-2.8547660668015302,-1.3821998988563902,-1.2321476372870153,-1.3676571505512642,0.7239683938060375,-0.761134785778025,2.7382304785124263
NYK,Home,SAS,2.6958661404114794,1.3224063947077531,0.7494817415687507,-1.8485719175081312,-1.6853537602411797,-2.747889074790707,2.3053605977477223,-0.20618864315307076,-0.863789068354834,-1.9088615665136703,1.2882202929931978,-0.8289858612471331,0.8796705883038323,0.4128552697460418,-0.053100972909695426,-1.2829977501490275,-0.834539091186392,-0.8078848535312693,0.7588977680832617,0.5464131119376993,0.8026030877626446,0.5501273397985267,-2.820203474119441,0.1940174395957439,-0.4881842811420363
NYK,Home,CHO,1.6123317195079414,-0.5579618417867322,-0.5813872045835768,-1.890337247869867,-1.245976131648915,-1.6082390859428393,0.5087133645672681,-0.522299675314116,-1.0789473428272007,0.015654984271187986,-0.785392208145831,-0.1562314669505998,2.69186087115498,0.19917512043376123,2.4413098165888,-1.4979351092758773,-0.17424359223519542,-0.3867709192526372,-0.4761411576849412,-3.0497154299565015,1.0734171139362656,0.4728363775637499,0.007757578412183193,-2.074330793147934,-0.48865898650103323
NYK,Away,BOS,-1.8888429021280535,0.6704835710737588,-1.5862598244746822,0.1652610297640974,-1.2008164645199602,-0.7427415392095563,-1.584467729379603,1.5490051989118552,-1.7337494077735938,-0.8615714718304419,-0.2793366173877475,0.8937214166982898,-0.7207774841623658,0.8016838998800028,0.9482226609087361,-0.9772167209755581,3.3956321408996963,2.38618290775858,-0.01844437739626825,-0.5262802832877722,-1.1267593089155705,0.14393148733522462,-1.844602562993709,-0.29357169577493375,-0.8960539251880071
NYK,Away,ATL,1.164868679425768,-0.11012746005287863,0.376238930325441,1.144737841137299,2.0578676738189308,1.4661870361641285,0.43027619342993517,-0.4352822529631592,0.328692332322764,-1.7333163506717324,-0.033960721277834435,1.4577230316145242,1.0310203470000263,-0.5479801134666797,-2.4780931453106447,0.8245686792312998,1.7743093117902213,-0.9031682589841226,-2.9757267412958193,-0.35946399776952637,-0.29274996064865155,-0.04774920599010435,1.7453652323599045,1.569545880704189,0.8078765725245147
NYK,Away,WAS,1.335106174021191,0.31437517779441726,-0.08448851627501933,0.5554299603105014,-0.8198887886199627,-0.4698520371292015,0.36372546594361055,1.523167289921095,2.0750999711999794,0.37568490314271497,-0.3905228844726435,0.9984027196335425,1.3516867666980428,0.30252587459791214,-0.821124645537389,-0.8236304212891542,-1.5564084980906927,-0.21767398197855492,-2.707034856447363,-1.0183576321104089,-0.9101159620101086,-0.1593960705488002,-1.4258010414944702,-0.3867368868251639,0.10020833041210556
NYK,Away,CHO,1.5164899193683592,0.052515682352908,-0.09406689438496335,-1.6181614355036904,-0.7061225991333802,-0.25063775700168966,0.33120631735652967,1.2699347190926897,1.1656170629116727,-0.08161748659971214,1.0846482232981831,1.146226549876779,1.6104704741907894,0.13478165494623384,-0.4856296956524589,-0.803333218966599,1.2900875383608201,0.7778496549994987,-1.9410337985915216,0.8640605699429834,-1.492878804377152,0.6616788158406134,-1.3155858539606866,0.7032987314832435,-0.194486191867526
NYK,Away,MIN,-2.04434138427254,0.8381681961980089,1.0945855142507686,3.208106105055224,1.344034521916006,-2.012267588956822,-0.8307572289350706,-0.9297647511748637,0.9864222492641529,-1.1520894804281596,0.22960452225371691,0.06619669353438534,-4.0490318245335954,-0.02974857195132055,3.837445340907045,-0.020289718276508658,1.0511271214465643,-0.44386232007156273,0.05035806474696657,2.339557786747333,-0.2657754942381436,-0.814045026951041,-0.482685402698982,1.303119545725168,0.2131661253109156
NYK,Home,MIA,-1.884634832438785,-1.1776879911866147,-0.5716313880673206,0.44919090571974774,0.14011283935030577,1.7006933598024707,-2.130703061776022,1.5117720899923175,-0.8482655544905724,0.5989157310624094,2.978833570030304,-0.5902590665599072,-0.6245804545460344,-0.8402814942619042,-1.0674830341843358,-1.3197228488921642,-2.878889105131348,1.1716234134169827,1.372266292280905,-0.5586869265644666,-3.2268490205994946,0.1812252529081687,2.591678711587254,-0.1803954599829302,-0.22041777491655556
NYK,Home,PHO,-0.7454667162593913,-1.1081504727817255,-0.2461364672953334,0.6957211278442942,-0.5381393429704117,-2.8406367247055813,-0.5187412844366729,0.01795954515046588,-2.207983111289893,0.3509099632876766,-2.4214397513435135,-0.8451952619506518,0.21094295802384455,-1.0668922548215638,3.1307210410316917,-0.8616747235703152,1.6125152851051676,0.6257013178961551,1.8790127673695036,-0.1481069075281198,4.46183663913719,0.3676495445468507,-1.372772189841381,-0.32690695867739117,-0.28051795745149305
NYK,Home,CHO,0.35649798022193385,0.4831492008918413,-0.36756011798149646,-4.235371072971734,0.048392773591874924,-0.05490192641799714,-1.414295769793847,-1.1374774136875687,2.3760733943374084,0.7672395422774186,-0.6540124110132346,-0.7440805091624454,0.4353259687057899,0.522030658862024,-0.8155259478823633,1.608062229823857,-2.420728821500176,0.13034724142657853,-0.1328335487880844,-1.7916860944265887,-0.8365257113967602,-1.1833748256306482,0.9731602047424525,-0.8333470451622504,1.269888895490375
NYK,Home,DET,0.7287400391042418,0.9815189922365846,-0.5298709334869326,-1.3090079636674143,0.5694423905483131,-0.8509982118330681,0.7128399207059258,-0.8545389753188585,-1.1322630709291304,-0.2538787289535686,0.2963378747987046,0.4497702502837456,0.3402879250023558,1.0912814770106356,2.0783636173708246,-1.0313524180500604,1.792367192957176,0.16625622964549372,0.7046420058060384,-0.00199022243692412,-1.392253725703079,0.406663239297759,-1.0304353634952803,-1.987799213545414,1.7616187733132573
NYK,Away,TOR,1.181068344613343,0.005398513777280805,-0.2215806037659731,-0.817107912895938,-1.4562316894967762,0.7611726488992019,1.2089856233479164,0.19839423417116914,-1.7362739628143584,-0.2794249659045587,-0.39381827514569845,-1.4354615847763739,1.4682094125700063,0.044343583073713985,-1.4325473886692197,0.132336050552575,-2.2953974610972003,-1.674730536168095,2.3565086455129776,-1.3371644641808778,2.1042079193353866,-0.05884023165466803,-0.47692722984570846,1.5630864244589142,-0.42988753609478064
NYK,Away,MIL,-0.6796490358669578,-3.023209868660173,0.5464968375899912,-0.5945968769628528,-0.1806853767421277,1.3620278343208694,0.03285790463402748,-0.5201839900841899,-1.865305245025471,-0.22999136422315444,-1.6165100503320446,0.38244444730440486,0.31291974714636905,-2.523604160409158,3.6663707912855785,1.1481643699649435,7.550237059504603,-0.39299240768672744,0.011409306830651758,-1.3859660598073953,1.0813851754279529,0.2359600337095088,2.287272315594825,1.5836057750392258,-0.2366366239281947
NYK,Away,BOS,1.0560401593675,-0.04622426747714327,-0.4113884791493969,1.6405332172902434,-1.8615564349289528,1.0726726816578864,0.5498060561268492,1.0429229085175153,0.2703120233489258,-0.5457943985321508,0.3869361082166088,0.7014571768028975,1.326194246970179,0.3130076925778016,1.172480190154525,-0.2622053977612157,4.486367748583563,1.900143556283822,-1.79078151162798,-0.5411480693547239,-0.3127517041975954,0.32662853045303014,1.3067962116633205,-0.8695342747619793,-1.5148773930889967
NYK,Home,TOR,2.547121416820811,-1.901173094107899,-1.0283698330790891,2.7610084849165695,-0.6226182567212898,2.0725860456275003,2.0007184479644846,-0.1686255383063414,-0.7275403680667296,-1.3327255713054613,-1.9088863823312108,-0.5398257233777207,5.2206019659620715,-0.8421918545075451,0.24945445153781928,-1.5083855429029895,2.4431779444851585,-0.18073950779833833,0.19183464449441914,-4.979619269453315,-0.0019939511662978786,-0.8596187750155454,2.1532889099425994,2.321789982134804,-0.7042998056312735
NYK,Away,UTA,-0.2642553630592751,0.17310045964961357,1.3500160560008605,0.020917893042957606,0.8699649917588769,-1.547178717671453,-0.3751419053847028,-0.6674975278652524,-0.9116688970632681,-0.049704184255691564,-0.5549488927889011,-1.2142543571237785,-2.053979161179696,-0.06507147193312347,3.0348127872269886,-1.3636063460463301,0.46306392128962276,1.4562874635695517,3.3462914072280094,0.10281728070485535,0.07705844126577313,-0.8906579330169828,-1.6104213855598086,0.8983031337234457,0.6031291111034244
NYK,Away,PHO,2.1609061747782987,-1.8987421592856961,-1.6551093159755572,0.4337930588447912,0.5761056175226041,-0.5210120113728716,0.691931148596087,0.40406545976075403,-1.0186396462115606,0.6891878812936971,-0.18785645875342175,0.7879162202089448,5.503168609560342,-0.534687219164886,1.6937722812559433,1.2025842962207187,1.679901439987771,-2.510190315295264,-1.2795216664121816,-2.5605117408330047,-0.44978359045282135,1.37180693408714,-1.5600125190799654,0.02240015886828357,-0.6765087848268672
NYK,Away,LAC,0.6733166668177498,-0.6063327269911479,1.0147989845097385,4.095936904257037,0.3366815860255817,-1.6538326743186131,-0.6955265284779057,0.052840658557190556,-1.445243658964598,0.08460986334378023,-0.1878622299695885,0.6036307703421406,-0.2028358298254868,-0.6550938269916318,1.4485539646509544,1.1122514921786246,5.1906390103709725,-1.6384461651917612,0.5737313121582546,0.7176167395498546,-0.18898764090138317,0.7517029491313386,-0.18185102455852525,2.247940396870422,-1.3726075830176525
NYK,Away,LAL,-0.5089598194910773,-1.3396158996125296,0.33935607399980894,-0.524798087381836,-2.0623728672473525,0.5874144624962154,-1.7697420407114488,1.6397477863876564,1.594062584625128,1.272961478324689,1.2284191694871485,-0.3894076938275733,-0.27883627837854125,-1.1475937532937637,0.2650551887068212,1.1586417169830616,-0.9721755922320297,1.1519083330019018,0.025704749866641053,0.10736963536379401,-1.7908123513133956,-0.3035196051706168,0.725256359341822,1.2832521514963486,-0.8353080349941306
NYK,Away,BRK,0.8912863869374678,-0.6285799301429008,0.8853922751383333,-0.804433419068,-0.8583794702749089,-0.9744595445134706,0.01901091028114551,0.48840205156557,1.4512131822856977,1.7966980153996157,0.016932233600672177,-1.6461816821629172,0.14180059971486594,-0.934461402364816,0.8109850256587131,0.2393103256458842,-2.081667609862245,3.141135279187101,1.3535734542673918,0.4560475568827212,2.338239789269196,-0.23549440944347688,-0.4233528825274484,0.023791324712868222,-0.6418427675550028
NYK,Home,MIL,-0.7024482552469123,-1.3249805364720035,1.21259532571578,1.8594083108077184,-0.9993304095163033,-1.672142291447921,-1.586326072553116,-0.1230762273105458,-2.452394285304632,-0.3772659448416946,0.5971330457226629,-0.801632929642239,-1.3389962071364652,-1.6662125012154665,0.47036505412710033,1.5317774934841728,3.288587119059081,-1.2873566589276004,3.8962974072523746,0.23943482618229217,-1.564080598392066,-0.191643652722141,-1.0116990286432066,-1.4898348308585636,-0.06663536816885676
NYK,Home,MIL,0.9209670420233281,-2.915650591769672,1.1292974532777897,1.1726025882526099,-0.4321130762334346,-0.34617481183894333,0.2874205830707655,0.42099637660089995,-1.9150131037153952,1.2234324641726013,0.5415580629108477,-0.9720074400617568,1.4527975589434046,-2.2296643390727753,1.5205401554034854,0.10427234102831942,1.065659623789017,0.7900986600123607,1.974802908454013,-1.9572693874635136,0.5100403965432128,0.8525572234902427,0.27880699796839997,-0.31781236993236556,-0.7043571665503215
NYK,Away,OKC,0.05928286466620989,-0.5303605159212219,-1.1368295250939018,2.317322733011832,-3.226110854663155,2.1720029591408205,-0.9316101920422141,0.21053431757581878,-0.0635313947687563,-0.7758239172479244,2.014115329980047,2.0950193380697417,1.2932222275864358,0.25008735487032013,2.5355695519383077,0.3081072225880226,3.1596707251248035,-1.6431613023484988,-4.16782221462936,2.1344336785839024,0.7424017946417536,1.6272208227392546,0.9857564289046614,-2.4666763645170904,-2.7969683114961357
NYK,Away,ORL,-1.906388059665197,-1.4602570236877972,0.6274827123673543,5.256083343345707,2.236428037523559,0.7477779132128637,-0.4876871640256368,-1.5000030570182525,-2.5151305739167675,1.6276928624432003,1.2999040452589574,-0.8727010882006866,-2.2336527547730336,-1.2285253359316328,2.3354138141423673,1.4375130350098968,-1.4757020026389969,-0.9864058471082879,3.2094345176561903,1.10169088365746,0.26204942587138125,0.7293851731823727,1.4963246796635865,0.1296846811788887,0.7370059020598271
NYK,Away,IND,1.9213675784820963,0.2532605370308207,0.2967402289817131,-0.36928218857659445,2.4219758468320682,-0.5482526766775092,-0.45979472588958153,-0.004972776211122314,-0.0864420081728339,-1.723539108197999,-0.4010337472023633,1.0530405050315785,1.0064401010931747,-0.10521244663615312,0.7697133132366204,-0.57153962867237,6.7299244432227,1.334891862429604,-2.054179444373971,0.05611508877119741,0.42424716140498414,0.13405945323965748,-1.8973100029355539,2.879397141375346,0.48251029830217385
NYK,Home,MIN,-0.505652432289215,-0.23891544958709882,0.19870135865930505,2.915673699062513,1.2349561237688433,0.46305280805614135,-0.2932609682801797,-0.5232735226496134,1.9766940459535414,-0.8387762122544236,0.3647312941948287,1.253113361522532,-0.8056783656745983,-0.3945070149943421,1.9034504749513794,0.013114381698381396,-0.5614972482583934,-0.8874072167152951,-2.394380778508164,0.5417792782717812,-1.917150092874902,-0.49816028498212195,0.31037232750785915,-1.8150768770256736,0.2675178551495909
NYK,Home,CHI,1.0239247759825862,0.1722352551590317,-0.18826831102547992,-0.4628144406475957,-1.018921164947627,1.563820305620654,0.2108372489066763,0.7502505215970675,2.0674522798757367,1.1832764703682654,-0.07361271858378828,-0.33359691623917487,1.4444729527364077,0.4018181031792491,-2.9195898130667577,0.17018515223453076,-1.5720556315906749,0.09381229656077412,-1.1421351196067997,0.15559655001878017,0.9502040863984452,-0.09692957620517144,1.2664519638255025,0.38394190828057295,-0.41219679132140075
NYK,Away,PHI,1.7648628688277554,0.8775552939919109,-0.7346358028171052,1.9887589449319014,0.6612181188537647,0.27353829661938583,0.7927887391926087,-0.5284467861225848,1.3944970027326589,1.8552086459629746,0.980251547992279,0.18949143906483146,1.6683737684697617,1.0969700876864574,1.1367947581228515,2.1279604005794113,-4.388897803530258,-1.931988684971698,-1.6346000700306869,1.496349224864774,1.2717052422652508,1.3537666751680353,0.6318021336717281,-0.033443914716641765,0.4544992592294018
NYK,Away,WAS,0.629664184620046,-0.23087288050452848,-0.40790286330298753,-1.2657642948321206,1.0910060756314395,0.2521716707379179,0.6153412931580478,-1.318175699735994,-0.9837472529988869,-0.49444280328388596,0.9194436500323543,-0.6809729810486869,1.0148577265471195,0.19197392072983024,0.9371942222781467,0.9983067348317577,-0.425022415363079,0.8186748154567219,1.459420465086715,-0.6475604466732022,-0.7702377688831303,0.1311138022911973,-2.188755409373006,1.8748190986897622,1.8140861821845267
NYK,Home,POR,0.5132496471278797,2.694160675820387,-0.6413538974719036,-1.7100661999359252,1.5476660430435436,0.7104675414568156,0.6711212459245327,-0.7826276362720171,1.8661524757356003,-0.502145999464366,0.4689035970569382,-1.0486029139084605,-0.7574799935908131,2.3421099763836817,0.2429899773802608,1.1600904076169087,-5.269632437571433,-0.5445566149750832,-0.4380956522945791,0.8401769587226809,1.4248694884663522,-0.5298604513706593,1.119767234999392,-1.0472549882762063,0.7534342629279368
NYK,Away,DAL,1.159405026503885,0.6034051991828688,-0.13125030660446926,3.106516281865343,0.4805720604150991,1.2386589559185324,0.23182800682957366,-0.522624774608272,-0.1819505472280415,-1.2213787169514452,0.13363494075023838,-0.09947917559581602,0.7494036591716658,1.0685394829022496,1.5316777057835238,0.2654808090117529,2.981084832171272,1.0751422587340456,-0.32438000355098917,-1.8589937673815236,-0.9694190603521973,-0.3394481789845366,-0.3032944866671928,-0.12718129442499065,-1.055267663244113
NYK,Away,MEM,-0.7043406432202048,0.3830844086683824,-0.7366315973709052,-1.8914351185917646,1.5736466328052998,3.01555982481275,-1.634913957521504,0.6730618283138421,4.365758836536316,2.9335963938533935,-1.276024153675614,0.30480962637674835,-0.16509352960400203,0.8553757911261781,-1.1951671266361619,-0.860615873699194,-2.9521289927832175,1.142055953249322,-2.3183739340101774,0.3839164561521934,0.19315822842509953,-1.0566037332032359,3.1429605584137486,2.5489915919157475,0.24375210431582958
NYK,Home,ORL,-2.025095508774082,1.4113040715877818,-0.692551433652526,1.46734446838079,-2.7536675719380623,-0.6603885747147458,0.124205917898249,-0.5715876980452469,-1.6841861777154057,-0.5590989511443757,-0.6785324557878627,-0.49880446535627776,-2.1536476488005714,1.274150319930905,0.03002868421014016,-1.1364838247811542,-1.87792401595682,-1.3362641447957975,2.1932153268046153,-0.5564047525861073,-0.29070317602135765,-0.5654389658669903,-2.218086572271038,-0.5792495851577836,-1.8055633123393506
NYK,Home,HOU,-0.5163140998847148,0.34166448995709514,-0.19860688533686113,0.7604401249241574,-0.7497330153434539,0.8641857128139931,-0.30213278342992034,0.6165794476599847,1.721667991546622,0.5907235994218206,1.381956749145317,0.2962200887757832,-0.6296539082481609,0.3311134363632222,0.028286860221242854,0.48217324328417155,-3.2799222670693315,-0.5245547358333663,-1.7404551221052202,2.492222862687655,0.530119066993739,0.48696365954114323,-0.13735013373431623,-0.34306374381950616,-0.8814403840528444
NYK,Home,WAS,-0.34086302616891323,0.3700569927926143,-0.37568211312674593,0.8212127826408195,-0.6493704009088754,1.1077966544753484,-1.1396913147068797,-0.004783605192994342,-0.33791063671139165,1.8471964179575973,2.2843706249158906,-0.509128472017547,-0.6483037321300281,0.6099274427835198,1.8941003318734808,0.4247753200924304,-1.2613016260713859,-0.982559519490483,1.625140211495018,1.4129822390697448,-1.5521804124411611,0.7389794985673332,0.29921185587673094,1.9892479395581393,-0.2507988605270615
NYK,Home,TOR,1.5783786392705688,-0.18094847934435276,-0.25992254662498765,0.9527438243074653,-1.893487722653552,3.0336312697441477,-1.045958424551669,-1.7014253712362122,4.8359668634300865,0.3372835905437514,-0.02620005311137047,-0.554667284586206,2.0327167206883767,0.5953257549455898,-0.544734037383652,0.22228148031894904,-2.422621469898727,0.22131781328334957,-3.663029566449562,-1.6382953518386039,0.39756449662942883,-1.3461914077527244,1.0204936312249469,2.0195656157005684,-0.6847489210706926
NYK,Away,BRK,-1.1503087416828588,-1.2822785477456828,0.08545369183966944,-3.4803956453103018,-1.2321145071961894,-0.2511632252764409,-1.292522229532467,0.865193792489522,-0.10353647860783279,2.147686346372937,-1.395097120088807,0.11286785874766281,-0.31809216032536264,-1.191215500829306,-0.31719557618883587,1.6341944117304905,-0.2624593285438984,1.6419185316701184,0.48890386758927723,-0.9152488670099295,0.44131329581865647,-0.07407390718229351,-0.1819342101795613,0.912991848917393,-0.0797382926678235
NYK,Home,DEN,1.0112642350371344,-0.022440242825251772,-0.8232428269171617,-2.7845760150423065,2.2337200168745905,-1.4296986739951025,0.48271493564791673,0.8634153865684624,-0.5748165477190165,-0.5965870063317142,-0.11259973646077497,-0.38936121364143067,2.289881931175573,0.7382717870887147,-0.12559240353837278,0.5748201102966479,-4.978307418179574,-1.461561768824334,0.2694601704382243,-2.4210277255253514,-0.4682542205288646,0.06737907893132533,-2.0422228436775374,-2.138965449763488,1.4713128085035372
NYK,Home,MIA,1.3804043806747817,-0.5639767671713635,-0.8471975818697561,-0.26342180979567287,-1.8966462716512356,-1.8462369546625907,0.8120592926031006,1.1346508176188943,0.16863391973143796,-0.21258459353054332,1.220677308181235,0.22895577488508304,2.7447548107639954,-0.1992624732253589,0.6885040928528899,-0.74271810466104,0.5033616748885291,0.5480380111201991,-0.9182157526063514,-0.588131882416595,-0.9500559550930144,0.8883348302943639,-0.1086918683396506,-0.06169293507900113,-1.5693661950331363
NYK,Away,CHO,-0.030831737799206834,-0.27092912439318606,-0.47971371042768535,-1.4391510302944015,-2.0524983804833807,-1.2038000903650987,0.818616086313249,-1.5261633998690578,-1.3360810577110298,0.839374012286976,1.9612390316442947,0.007327641584978232,1.1580930297291607,0.4854423871226219,-1.9639078253094038,0.5471520002061389,-1.8522928005328523,0.09157599479322741,0.3494103341210626,0.8738030059811497,-0.09209281634140301,1.6535255542446383,-1.1182285606595128,-1.022316273882396,0.10910177813365926
NYK,Home,UTA,0.729328751016815,-0.43590316702507415,0.7690185974948484,-1.1147521308618003,0.4850789008310146,-1.953773642305462,2.2736930036333676,0.5090433238141648,0.29041678293648265,1.1763572229276866,-1.9495258823347892,-0.41197215364006673,0.5669831839415349,-0.7106190408654022,-1.0992335037512877,1.8202471683333534,-0.5457025081718209,0.4589677119407603,0.6910959094450874,-1.7489538378972613,1.1134107866247256,-0.2627529822508795,-1.5585266863204386,-1.4710874930478375,0.2940085721098466
NYK,Home,IND,-0.20407703670076258,0.2650654205727748,2.8148715735039422,-1.8998640919791794,-1.308280118607493,-2.7851641564847744,-1.929859865782993,-0.8410216743940008,3.9154633204617824,-0.8188091050176981,-1.6835034189968932,-0.5534468790674878,-3.047794473431398,-0.8685026620208879,1.1731881544405662,-0.6039169324493449,-0.7366465783437024,-0.30531496321649176,-0.9212077114355416,1.7316103988557934,1.0245153766659494,-1.7133382735026461,1.7527778510623613,-1.098065465557921,0.0984576744814211
NYK,Home,LAL,-0.34759779875089875,0.04444420443885522,2.1363001203609677,4.0343862638309105,-3.250097453353196,-1.802068654755507,0.18132259288694316,1.0332037762449848,2.1940674218281075,-1.0511348964569236,0.41171605473203865,1.146655452114655,-2.179438879718786,-1.0617811333677498,-2.0859275485722186,0.9067292277645442,0.8705775702513052,-0.7620788139539747,-2.4483888112787335,3.33199566260492,0.4008166371778376,-0.011821807632299784,-1.3414879131467004,0.37875457546676616,-2.5598295158450224
NYK,Home,MEM,0.5686809849964336,-2.330192932717391,-0.11542243865602146,-2.8484157869348365,1.8780997440110494,-1.3293824010661612,1.0321998495415718,-0.7682436961580635,-1.2761216311862442,1.5330957027413943,0.2574781530803962,1.106036104908827,2.558830800474512,-1.530678448837434,-0.8723763838983868,0.4717505263646262,3.06340041543884,1.4605074254021326,-0.7298095316453632,-0.5632359793214321,-0.5474422988463966,1.5940628820134937,-2.47387880028234,1.5582816959911316,1.1493579710461912
NYK,Home,DAL,0.24600366646427133,0.494264857529452,0.7016593151937686,1.536436132438011,-1.095793906333295,0.9099031943549665,0.5533228825137685,0.28662857073635795,0.18581494403783733,-1.137254867824291,0.8930055308686065,0.5559457567370681,-0.6356560915553763,-0.15475325811087445,-3.345562940035641,1.4134236762958332,3.48350503709193,1.6631726203718236,-0.6335570302944309,1.4187923976686376,-0.8254040117417784,0.040453106022453035,-0.12634635256378396,1.1195248328593979,-1.267625100634244
NYK,Home,IND,-1.0109185881019003,-0.956575952854895,-0.22421347703364874,-0.7230834721099825,-0.6777376441632675,-2.644221592732326,-1.4178242533215668,-1.4111060924590753,-3.3893980877515872,1.714977725173167,1.5705736882177606,1.131827317568333,-0.2787731249008114,-0.5001562851154975,0.8434013619064553,1.3599835956450947,4.064510275687118,-2.2915329497697896,1.6382681733141815,0.9174386445108484,-2.338707440472185,2.0542633159673436,-1.6027384823660353,-0.26592584404823666,0.44761457342575345
NYK,Away,HOU,-0.3965043315504416,0.17330960784761512,0.736207150576911,3.907582521424348,-0.3721849086676847,0.620581156727105,-1.9391185483160902,-1.3372827770874105,1.6964414958185166,-1.549762284451099,-1.5217960774836234,-0.3411952258417018,-0.9629475519245226,-0.3022432552247217,-3.165923430495301,-2.0545979155992278,-1.1026148568716772,-1.5182692531549213,-0.571241411882091,-1.5002632502876068,-0.3772723023713345,-1.945608191887321,3.0075743435075486,0.5256966722868349,0.12701737095539375
NYK,Away,ORL,-2.062836733391315,-0.7223205433404009,-0.31632120452638857,-2.199995187443796,-0.2951237007949775,-1.658847167741701,-2.397639155530393,1.4725220289223557,-2.3416261085310794,-3.1097849675938143,-1.4239195174935841,1.1894988486454536,-1.1043508226337826,-0.9722683976868499,1.0373192068743982,-0.06702696767731324,4.42897252478017,-3.1362132141041257,-1.1848382245739353,-0.07514068279037006,0.8771606110557859,0.06908156045861832,0.7838089836218367,-0.7237456309667968,-0.39735930185155177
NYK,Away,PHI,-0.7675447776516482,-0.07946551014204173,-1.6469948686587104,-2.550887574333716,1.9825867615235773,1.3575887862247153,-0.9058397672608743,0.7377680326745811,0.6360857001940369,0.9598566722451016,0.19884114580531384,0.7359667057661373,0.7396132958296494,0.5728705290915255,1.8159286808298807,-1.020158359782368,-2.3081922993394848,-0.7134402263329043,-0.5196786779211766,0.16334022859493078,-1.7359711546809256,-0.03483518995327825,0.10123361018880003,-0.435104535838931,1.4748745218808226
NYK,Home,BOS,-1.2874202032864719,0.6377070018366834,-0.8721285371966498,-0.28569085029693636,-4.287781924095895,0.7485129270104403,-0.9708984521542916,0.6181523225333685,-0.9746071754605277,-1.2963526168978676,-1.8443655911972408,0.4842965981920061,-0.21017202353386483,0.953489964933265,-1.449039312240525,1.6567144267235967,3.9676706187322037,-0.626693364271762,-0.6315682366544333,-1.7276202178040931,0.5319933735076652,-0.40336377658419426,1.2600204616780748,0.2977947242795183,-1.7570224898243385
NYK,Home,DET,0.4769822412228921,0.7988691140756561,0.22496287589464375,0.6016372764361003,2.102135389336901,1.0461520323913494,1.8154369886827588,0.31247090021541424,-0.19552567729856468,-0.4600481197247407,-0.8458004177506553,0.12852104906242587,-0.3595014871158998,0.3719741380749092,-0.8300690166220029,0.11345394369693246,0.7577939214928785,-0.45827223840204934,0.21779106866846332,0.3014731253374453,0.43502598110249735,-0.22498119416030646,0.914500141137026,0.5341638409451662,1.3072806200205693
NYK,Home,NOP,-2.0343279575016386,2.6084337228739742,-0.8259088063152795,1.1476637038391326,0.6284612232314448,1.4123618997436287,2.0372908055794343,0.3846776623278014,-1.5695253923748356,0.6966395663664422,-1.4121664655651054,0.4053016754959894,-2.989768603154999,2.4808522667194333,0.4341762255638751,-1.0439913856525773,2.92437142925936,0.5573673779053112,1.5597853945014388,1.033741783837362,0.2870223855028409,-0.15767844992166283,-1.0346132856612427,-1.2400739120625126,0.3707648201123549
NYK,Home,GSW,-1.1616106243031354,1.2532549175262695,1.14258014365418,-1.551266734683424,-1.6891434900657352,0.031075758521086363,0.4883910110083894,-1.6186380707897838,1.1475448036700355,-1.0435704923722073,0.0413773113017095,-1.9895795862419043,-3.3310336483327827,0.05336372324038374,0.20134129918935406,-0.7002225528867844,-0.034871954070165016,1.6002345214417055,2.6170165562849297,0.5680799454106016,0.42799584676909397,-1.9559916577741006,0.7858116497686086,0.013253099002942704,-0.6110782813351083
NYK,Away,CLE,0.16031712101889728,0.8145822162587321,-0.7148702265430871,-3.7809713061687122,-1.6508694960539871,0.7782991550137809,2.4010678746114507,-2.0375061022440706,1.4667480312345051,3.459053046534931,-0.4375519630445438,0.36921976023053227,0.7712434665499875,0.8912401454047495,-4.037924303452628,-0.5270809267164872,0.03145785615481973,2.821921381130713,-0.40373056581705297,0.06483958779900659,-0.24784145524925966,0.39516515308924943,-0.47312771062220527,1.9545034650632593,-0.6048228339308754
NYK,Home,ATL,0.3574571267166264,3.5836282774237778,1.1905746012980982,0.4170406296358566,0.8972073585124738,0.10754170355474667,1.3540505010209458,0.17438901206776417,-1.527622018932502,0.2027951985538112,-2.7607965633803846,-0.40973178484210426,-2.816570271680555,1.9785232675553324,-3.6321121460558916,-0.3904182947654654,0.7058822254564949,-1.5960503210552033,3.155246735696321,0.5265624460117115,0.7506383993519555,-0.9776145709720767,-0.34514673004023066,-0.43005566051180544,0.7054841386814188
NYK,Home,ORL,-1.2362982915490321,0.16465522573524105,-1.683731080257953,-0.5895697010439688,0.15692194418512384,0.6442990640349231,-1.637600243697763,-0.570330654512442,0.8333874507739576,3.019274042634761,-1.7576103286182299,0.5130312469862548,0.9862538748130683,0.4426550244060876,-4.289818148499887,-0.18549171635915981,-6.464991295849399,-0.3450641735903322,-1.1040840771823837,0.9375471203502346,2.889604371098669,0.41568647729555996,1.6890364797433186,-3.0364885512715105,0.49676445222817817
NYK,Home,PHI,-4.53581699558604,1.8034465211244415,-0.44453358488066846,-2.7372417421524426,0.7330793175575623,2.5688848408440914,-1.2393739479840387,-1.6771318646753806,0.7718114505384888,-0.021149746177701146,-1.0072254320033405,-0.9253854922204221,-5.531256632100064,1.4367328264591515,-1.5098892100305012,-0.43889471653648643,-4.506824753615413,0.3522201947779286,1.7923254858716757,1.0977812285588668,0.4818099863544097,-2.119877510398403,1.5607496850241187,-0.12216192646815076,0.8969328291915829
NYK,Home,PHI,-0.693589066507751,0.683080187030959,-1.44810715664791,-0.5070147159201541,-2.3505045431170504,1.8568385922688144,2.161526012841869,0.1937823647362881,1.9389277726997682,0.607608436347432,2.099965784815513,0.3138050028867732,1.0175484214514345,1.6742026974699218,-1.9078081708682038,0.20573553186996305,-4.855239132138722,0.9836826218866848,-2.771255601153021,-0.3114216049074977,-1.095038021745255,0.4908795836301304,1.23606174856617,-1.477562831778977,-1.276343586087665
NYK,Away,POR,-2.0336378891472195,-1.512118706563646,0.7958862901363248,-1.2365904127759093,2.0392238920963552,-1.0508901849584829,-2.5882924424055838,0.39336677140605564,0.10282755078208039,-1.8906784712977152,0.462901399147225,-1.0872102644780537,-2.0699980244922402,-1.4960643750869322,1.3625170016004933,1.2698720457393264,-2.793795813090453,0.6015239507612317,1.3030012855413688,-1.0410330437440576,-1.0839528429052054,-1.31447212352786,2.028082050112498,-0.7520712238147578,1.7515267732309743
NYK,Away,SAC,-1.5416497192055054,0.772240746278301,0.01707970721798585,1.7780027843546866,0.8859352139919272,0.37410792098663664,-1.6805074660535102,-0.22640841065028755,2.0777993526751826,3.3465323519484644,0.30585524574963296,-0.4088917878690062,-2.0378958943107692,0.6872509674721837,-1.24978256874244,0.04435073309119198,-4.0709515014433455,1.7838623332673442,0.3359224740896055,0.8614037811219476,-0.490144461866414,-0.3877839370637058,0.0772794677659276,0.2453034765138369,-0.12328310986509872
NYK,Away,GSW,0.8646239298188657,0.021497586336537745,0.19351008910691725,-0.19490108030903933,-0.7795213596633518,0.5778804331449913,1.0373802467934066,0.49727909666422576,-0.6792549643983444,-1.9929979801348499,-0.1723355452577649,-0.2902614361947031,0.7620171321796682,0.045228860597108914,-0.7316154857283154,0.9185521332170459,0.8401813883139941,0.20703150101573145,-0.3327114084705629,-1.2388726757222184,0.6317238673003978,-0.22014087332256324,-0.20574860754097082,0.9029248716776239,-0.08311795375762318
NYK,Away,DEN,-1.89466247884906,-0.7557378344387624,-1.004969577261874,0.6967251358949093,-0.7217450016410468,0.23634907205970698,1.7089984005190357,1.0586770763704274,-3.7285025444681286,2.72980903590844,0.8937569867029903,0.6276848956363673,-0.16961827123044726,-0.24210678192511756,-1.7030841579757943,0.08199690478835864,0.1809572728540403,-4.5180636156114256,2.308043392153384,0.7009561186174302,-1.1900709370801337,2.085326580740279,-1.1246491323379957,0.7751434589822984,-1.1527567962704444
NYK,Home,BRK,0.46958265155660334,1.221357127179964,1.021919392738142,-1.5860404801957624,1.356918816494609,-1.3245773255566646,0.5294865322677256,1.0238918996993995,0.7536635032284312,-0.4804644132801759,-0.5030339557971156,0.3662942001769074,-1.0122876767165467,0.1426039080609788,-3.45347885065457,-2.7970507829289457,-1.4731251046065201,0.9940700426994381,-0.4131676053477584,0.7621067145037574,-0.18891831171637638,-0.37019747595168667,-1.278425477605745,0.5899353844857104,0.5275248933378713
NYK,Home,DET,2.0876356411058348,1.7166538309696668,-0.8162150779048517,1.2865925891263488,-0.15437327491072989,1.1061511318319988,0.9007716315483422,1.7792317037967764,2.1491801963878983,1.020356770214325,1.0365499939235896,0.18177724668847364,1.601830138538584,1.9822480324653529,0.14548592902934804,-1.2960359658536522,-3.034307390808352,0.5379005947800202,-1.7012681365121791,0.5054117516908141,-0.680407845781482,0.3665026396829598,0.7753345539759515,-0.1592356453890242,-0.1469913482656243
NYK,Away,TOR,4.8373357427237895,0.7758623319996574,-0.6131148204146266,-1.36580954478781,0.23108243486380986,0.28571060568638457,2.381053275955499,1.8594477617943854,1.652413978125958,0.515533562646467,-3.1863445348378256,1.3177371142713092,5.213504543562796,1.2543637082308372,-1.7392364649852843,0.3044435104517485,-0.9109263911097912,-0.5970887669446313,-3.6812781521129354,-4.017190158882272,1.1346689271350212,-0.08712625748181292,-0.8038414967615194,1.8901064333435984,1.4228650986910882
NYK,Away,SAS,2.89347550905411,-0.02948594394100291,2.921797870550919,3.0861826552191243,2.4034945407664376,-1.2724409570128903,-0.2545790978758658,-0.3908733205310536,0.4266242915796173,-2.3255118678607993,0.3734133971795265,-0.32197822761636075,-0.13716466838478764,-1.163900155558434,-2.961664105109799,0.4531972525844761,3.339764832912149,0.8897091550991958,0.870650609516044,-0.09004510211957706,-2.0501560161380126,-0.810775082688863,-2.857343068014808,1.2506011538601025,0.13491031065975495
NYK,Home,OKC,-0.07497983478389947,1.3905488603937806,0.49080674721845163,0.20339969857024248,-0.0651314277425897,-0.7678891580359087,0.9923928968162233,-2.238489812739444,-0.0010561787866735224,-0.87146037111875,-0.08433435559100715,0.013115598896223058,-1.7231672568704715,0.9659653227766095,3.033376009931031,-1.109060477895382,1.492926989551719,-0.4291094225359713,-0.028799538183378607,1.6274897539157742,1.0722764516508865,-0.005792931026454866,-0.6325529672130682,0.45733188822948107,-0.19121514482244403
NYK,Away,MIA,-2.199196241108152,-0.06135038196824504,-1.5898046612092704,-0.324076819632722,3.327012806581562,0.6687830311772683,0.37940246552639995,1.137589009957896,-3.903129376741924,0.394148301763564,0.6972136331366624,1.105679161101893,-0.4650999814362882,0.7076858432926088,-0.11715172773092715,0.42820237727434673,1.866367572516392,1.879086071900681,1.2751531208469977,0.7436755691782526,-1.143979904678533,1.607316472836381,-0.9781573461032003,-0.379245183230091,1.3604607271279343
NYK,Home,SAC,-0.1462635961772794,-1.9165684499234594,-1.1245952472234377,-2.267823801434161,0.23835064853419985,1.1354265422996954,2.5186775596857176,-1.1281912512976346,-1.4419357040412675,-0.3851814465833358,0.8780033579864226,0.577208085775097,2.448667565445067,-0.8680063292784953,2.243566132469707,-1.1162293107633645,1.6102052826500168,2.036311428857611,-0.6143451841315757,-1.3126185724627044,-1.082455860456901,0.8785262173387388,-0.4328581218995454,-0.2362420066744212,0.7337920872538302
NYK,Away,CHI,-2.1343650239572365,-0.9290347201158417,-0.31127393505239853,-1.5473600576882376,0.8434656018985844,1.3012349109910568,-1.1903380832503978,0.363023474622327,-3.8065184665209606,0.013298400133248971,0.04313907500713766,-1.6897828147580456,-1.598102992846239,-0.9645559595477236,0.5768677420705908,-0.2668580357453698,-1.5278865637072574,-3.330859147674378,5.384738268685034,0.24305937315517173,1.1060422383723305,-0.29249333750276274,1.8426723463210135,0.903087715343357,1.3359235428515936
NYK,Away,MIL,0.9345974587096207,-1.2955304462507466,0.31089846907100616,3.247391280800535,2.255209704906286,-2.1994564689637484,1.1143479048699645,0.14111416458283946,-0.05556397123338657,1.118336131026653,-1.322853542239546,0.8618333733885903,1.7142039735762722,-1.3421719174794604,-0.3225326387479428,0.6571780844510395,0.23169853050930514,0.5046062338335259,-0.8168648089851083,-0.29863601713229315,0.7109777809233744,0.7661890971732085,-2.314278268984105,0.33182841551365044,0.0661485426527596
NYK,Away,CHI,1.5405737573784688,-0.3602285506658515,-1.4350021208255255,-0.27916658066879485,-1.4962528789979077,0.357993759663451,1.7272726595958607,0.0462754239595292,-3.80827824023942,1.2294703371582505,-0.0009283796365049152,0.2481235837706289,3.6859512356985085,0.654367018374524,-0.10440537860539299,1.78945919365828,1.443823931555811,-2.5963364284751203,1.1219899744226005,-1.3931999635896342,0.7870312832154339,2.501329622927115,-0.15395905094806123,-2.765256677799696,-1.4554486023606017
NYK,Away,BOS,1.7340909235566728,-0.18893242618486894,1.3936158096596376,-1.1405307000584695,-0.7126943171500506,0.038484621559577055,-1.0817420786526866,0.854412988951759,2.2275867390376933,-0.9917341376660598,-0.6861179829893614,0.00441607536045621,0.7233747944743438,-0.6844989837382567,-3.651760701710109,-1.926952307671154,0.8399868604843735,2.002273412981854,-2.645723166287324,1.0016652522679474,2.8523006608914576,-0.3672153428193626,0.26750863496739063,-0.08440216320323618,-0.31925278158670695
NYK,Home,BRK,-0.7890835647668253,-0.7060738465811506,-0.9464410326063801,-0.9282065231867681,0.9371804658592346,-3.21875426991227,0.7373366737289937,0.01476330011309792,-4.4127477808106255,0.5275960281700196,-1.0469725941581114,-0.5733488212617013,0.9312247362077576,-0.5581404325295934,1.0768701903933622,0.7373568701868671,0.6441908901291729,-0.8652453593295374,3.030377088625805,-2.0106050489197598,1.0514663914157363,1.2729905352056365,-1.2471318443605537,-1.947423245388639,-0.013396486754996655
NYK,Home,CHI,0.7159937174046781,-1.1146534603026523,0.4763351236407986,-0.7322302853339483,-0.6760863168398664,2.5216322686029975,-1.0599386309520067,0.5452390654990751,1.6561121342890017,-0.07966583674212721,-0.8904767177874183,-1.1233510462455734,0.7028151868702717,-0.9047892613444941,-0.0644582669597314,-0.3927276015636578,-0.3098477092742147,-2.2923740631840652,0.7170040193539368,-1.569526446314102,-0.11565558900538703,-1.5312911935844908,4.223699122770758,0.7160116897101603,0.09404088640881958
