opp_Opponent,Location,Opponent,PCA1_1,PCA1_2,PCA1_3,PCA2_1,PCA2_2,PCA2_3,PCA2_4,PCA2_5,PCA3_1,PCA3_2,PCA3_3,PCA3_4,PCA4_1,PCA4_2,PCA4_3,PCA5_1,PCA5_2,PCA6_1,PCA6_2,PCA7_1,PCA7_2,PCA7_3,PCA7_4,PCA8_1,PCA8_2,PCA8_3
OKC,Away,CHI,0.8119230699658194,-0.05949758323652882,-1.7650581097909939,-0.8730466823924896,-2.2811361327536788,0.7409673647073949,-0.44941290487611746,0.13712072148672055,-0.21375328990217915,-0.599267504934418,-2.141431855307881,-0.4330424037293962,2.38705048119933,1.2617268359388132,0.040695569670541595,-1.0323138697451844,-0.053358202372810616,-2.0782710333471885,0.5932230034991676,-0.873260831693802,-1.0452230695656692,0.47725020461593665,0.801950991674932,2.0634479826135497,0.3597258229263263,-0.3245097627942832
OKC,Away,CLE,-1.6017572655207142,-0.09166271176313062,-0.1754993547902368,-0.6219623386918299,-1.1440410507406462,0.6358017273451321,-2.309347495299728,0.25656771734177614,1.6122717251708132,-2.7574142349192465,0.24386402395861376,-0.05542566104644696,-1.3444047854927221,-0.979225508799824,1.896219141984204,-0.931557152481937,-0.5531976182742662,-2.5508216202750593,1.0741227415166819,0.9940259910165381,2.6923410850652836,1.497024015583666,0.3065239887256359,2.238842206657934,-1.617377046203976,-0.2040620254501916
OKC,Home,DEN,-2.7749154573530532,1.23270858628894,0.7886168393513721,-1.9713943087625065,-0.1928715236261543,-2.200164302377496,0.5530646135096162,0.3781158745366133,-3.6889612779953755,0.20191219849532774,-0.5888240544978255,0.49341347427877746,-4.258130743751329,-0.08925934268395733,-0.6073438334335067,-0.571138619165115,0.039793574038147726,4.743434928463029,-2.402930330029881,2.405843671382808,0.49595910965722645,1.5756983119215262,0.5249982302872714,0.6611553013172483,1.019690358018303,-0.7272915930480189
OKC,Home,DET,-0.5376098905038922,-1.040818269664193,-0.49473022106838777,-0.1217172943971401,0.4091231046362597,-0.06151159486915159,-2.0038108648959234,0.5186072246886166,0.9226541856289138,-1.6733152340571336,0.32477534002282743,-0.37349437716707956,1.0063738026849451,-0.6256649758652392,0.33721494853406453,2.352162027193275,0.04092086711388547,0.34032814241713494,-1.2691248453488737,-0.8614139356327902,-0.3436390333218644,-0.2339492679498279,0.6397747726657607,-1.1946965411551824,1.3825618218562323,0.3084096895615781
OKC,Home,NOP,-2.0682244184753045,0.7954751108595153,0.4230102725446957,1.297504727192098,-1.5016091924889476,0.29247603662515786,-1.818911273008425,-2.075384357234205,-0.11840383293383798,-0.5497857473094053,-1.6334094123242564,-2.1573026724330338,-3.2523413874475517,0.25655353905269923,-0.8291220735691703,1.1193781765152075,1.1656688062510456,-2.1051803547668624,0.9239709867574203,3.308261549019823,-0.8948481209628446,0.4701383171385748,-0.3379986092071502,0.9316604211842412,-1.0582089202914782,-1.0788780553452364
OKC,Home,GSW,0.9344505110788281,-2.066153954109309,-0.4618005582224434,1.9294377519818757,-2.15774103879363,0.8760503292563234,-2.445662243514871,1.3534025902098128,-2.8625131152183854,1.6902574088492464,-1.7531541264881718,0.303180586265206,3.470292912336241,-0.932011570840074,0.1413054706076711,2.777587329674774,-0.1998291681613494,4.460252504440688,1.4227628784552404,-1.242898662029261,-2.5070226850624504,-0.4588205007135663,0.7003754458468205,0.7854273676356137,2.0782408213421166,-0.08942570426493235
OKC,Home,ATL,0.6531908568679914,0.1373744561409309,0.41826046299689673,2.334960670717028,-0.13799178320179822,0.1714355794122874,-0.18959378238648547,0.7355086437931807,0.16376931433824474,1.000011138644977,0.6393839257374426,-2.0866620104917475,-0.1905287399916523,-0.06722983006599517,0.29884467171475954,0.12131140643566489,1.5434942407454062,-1.5562930663114412,1.2968798317764785,2.657465788542685,-2.968270696916395,-0.7935697548335159,-1.4212788235471105,0.4626222889684558,0.497256821010148,-0.011736838691102966
OKC,Home,CLE,-0.3992088597777119,-1.124754235291312,0.02080929963769239,2.988168175084482,1.9962935849007708,1.567581108142815,-1.8268457342146731,-0.5259621320196802,0.3669382559911667,1.0701457016595086,1.4510970007120987,0.5101456289614056,0.7043920412115184,-0.9280589931904271,0.3403301999786984,2.8755573872793745,1.4537998555877218,0.966047263238407,-2.277280222657035,-1.0005195650986816,-0.30362944156782573,-0.9306843313806609,-0.6007064012905724,1.187235587307123,-0.25365745078246643,1.137030133023561
OKC,Away,SAC,-2.5939386560113236,0.5898430250097006,0.48673343701042004,-1.2964671361711437,-0.2341629668423605,0.315104107299511,-1.5546621876635973,0.31036039996298126,-1.9099732827652722,-1.0888687222518674,-0.8822084578993942,-0.8322907675259845,-3.297275583622582,-0.4001815811553439,-0.5070085237249943,-0.8968692195129817,-0.21378523698969124,-2.1048643924600174,1.628755786770634,3.307838657546108,1.225206137376353,-0.018483123396611848,1.0430355911767264,1.6495877858352606,1.099435497329308,0.906899494191395
OKC,Away,PHO,-2.009260149967835,-0.5437622085743997,-0.3224416919141792,2.139182088386889,1.9377602660801216,-0.550501467194259,0.27309253821708507,0.3069114195254243,-2.656391391874257,-1.2336156742362778,0.9557469483496828,-0.588893916451984,-0.5424910688390109,-0.7849328168670257,0.12420158243299452,0.9971535037485838,0.150953994675241,-2.610704177332544,-2.1269548254121995,2.635486768951257,-0.45318236158563796,-0.5283858487781742,1.245131771079738,-1.7269000452269356,-1.711386161480607,0.11869796184061791
OKC,Home,SAS,0.738449894719046,0.25080015377520143,-0.36950672151411607,-5.227879958584794,1.6936693512638024,3.164654725036474,0.7566822144097333,-1.2134210780459316,-0.7733869730830923,-1.481130366925491,-1.507971931041585,-0.3889266592708123,0.3700042004326301,0.7789698908121461,-0.31600102545503583,-1.068404984846801,-0.4499447011271237,-4.440301799265781,-2.271947130258428,0.2379052120059035,0.20228991259393417,0.1262885700757435,1.4741151572057265,-0.4057806772029526,-0.5360102440178237,2.2326934778560616
OKC,Away,GSW,0.7085914987548593,-0.46767060012165584,-1.01675927478187,-1.0155811267726773,-0.29345912964220316,0.8037701909087238,0.8694414335196838,-0.16068735320025435,-1.3012200596081815,0.8196111551361612,-1.5471767588395486,-1.2569123277761634,1.8876960338687723,-0.12668715874651235,1.7349472422815928,0.5257334485900476,1.032469768104394,-1.3301263154361762,0.8629986915344112,0.9388810635465976,-2.329366839439506,-0.9600798051802258,0.2939369209569154,-1.4115746318015714,-0.2105612988261524,-0.11217421270217082
OKC,Away,GSW,0.396688361935754,-1.5016432907850237,2.7100289058672224,-0.47376331158217766,0.023198326053303527,-1.3415457777459079,-0.24655450176715107,0.2987714929482297,0.7746558550287036,-0.16729364696438698,-0.06648366397767516,-0.6951959501640215,-0.40532392553662555,-2.468642232043312,-0.06150312194866382,-0.5160592984374324,0.848825805037342,0.8024216162545194,2.3477191574972345,0.42606817234403654,-0.7821721109432064,0.552797279782872,-0.6220216173708413,-1.1873341806141355,1.3200624665715914,-0.05040061849999289
OKC,Away,POR,1.7626224674167918,-1.0448262748596122,-1.9905040199029218,-1.310417199880541,-0.9548064488440499,1.7801711010351446,-1.9822721343932683,-0.6742788054467299,0.8953848329023899,2.8019462734035767,-0.8961774935852919,0.48203554771174295,5.086216821309996,0.5570906440005737,0.5130411284178584,-1.9835239238515519,1.847350456741632,-3.5515388130286407,-1.4422163344072525,-4.193177590615808,-2.417397577130325,-2.3077478654037344,-0.900632247287825,2.2729406478291287,-0.7495916462324674,1.1415619221558886
OKC,Home,CHI,-2.1993911618867656,-0.7543764779316591,-1.446186777547161,-0.28645733181906385,-1.9818160271136593,-0.9616240029938817,-0.008537357257060235,2.402626648239947,2.278216625773071,-0.746774779599096,3.1290119844198347,0.46538242838977006,0.2818891258971526,0.06264574671876877,-0.13890497744353708,5.124713946165242,0.041299854917469736,-1.5338508224334204,1.9322537982577517,-2.308482807300656,-1.172169342431031,-0.24862062370058358,-1.0180275680557733,0.416327112708367,-0.744967860234811,-0.7673726312834014
OKC,Home,PHI,1.228932869757455,1.5068579054588054,0.190979857191219,7.129369372187414,1.0755781997451759,-1.3756895805799925,2.3053777467019176,-0.698543375260356,-1.947312288609953,2.9511483997907457,0.4239297802820491,-0.49056505306458187,-0.7358747736205361,1.1406466094068672,0.16643976749198103,1.6732317990404182,-0.07412493896371425,1.539255991083201,1.1738092020025734,1.7183404694058453,-0.31077583211216386,-3.0866207387716007,0.01439989227125801,-3.5821687513401606,0.6810572961090912,-0.9888894078566765
OKC,Away,MIN,-1.9664542105872198,0.8717014272560317,0.14913606057208129,2.5997044372346,1.934579370024905,-0.09019579539006344,-0.09523152566441102,-0.06608052415712208,-2.0024219468908493,0.5154305852512795,-0.5722844086215271,0.36127772013065457,-2.9001129630872797,-0.326119255191975,1.010241658783482,0.04477889997179081,-0.565238612002544,-0.7119098365474547,-0.6149922549491899,2.5685944557663762,2.1103884694952666,0.3264796416721921,0.3061767026682786,-2.3654557715130853,-2.80253335375349,0.6352433831477162
OKC,Home,LAL,1.8658083401573755,0.1179757705188874,0.43636324893306844,2.918890174971543,1.5152213892908526,-0.19710377141915683,0.8633693695574155,0.1676204359629153,1.7692318167063936,-0.5225083871290864,-1.2535126647610684,0.3884711541661761,1.066668704822403,0.7867675093172829,-1.1269991492630507,0.21596625245309692,0.45894504019069676,-0.7998522230769474,-1.1693094407610838,-2.23415260659725,-0.18115353608771265,1.5268277153225238,-0.2950664001430902,-0.6316646466749326,-0.5318532695724372,-0.4354223737878147
OKC,Away,DAL,2.082262350870217,1.6554276158251187,-0.14602740609621412,2.549231145507091,0.803434426071576,0.4252861780747877,-1.263661769693641,-1.4768370496925571,1.5037064106358398,2.8201526297407455,1.0809066059777097,-0.42723445287239015,-0.3968915141583045,1.2181471287756502,0.9576024186379357,0.18213244006393298,-0.06719056093007279,0.5143332155230527,3.719976036356879,0.7191238210919333,1.7974264793493915,-3.7702525680144654,-0.6727597477178416,-1.403793951018999,-0.41937258010416334,-0.10626559932723664
OKC,Away,HOU,-2.6082883478086383,0.5653134363835497,0.2828746216146041,-0.9114423677937367,3.0820437819800244,-0.07912118467909235,0.20959228146375425,-1.6524104530151291,-2.7723615712740943,-3.1113811160682077,1.3056874860016079,0.26896380574219875,-3.317774524059068,-0.4596394482194399,0.08327897651660193,0.22442937648236816,-0.46972079378172366,0.8242957620023501,-0.6366288134775497,3.2381796996835353,0.7908352555035114,2.5976135898832684,0.9531339850753985,-0.9787671445505245,0.20752351732421287,1.1750498250133423
OKC,Home,GSW,0.5435568367929714,-1.3981722862857593,2.6801733373205607,-1.0875436134696792,4.897215269424663,-1.0204157635284823,-2.1913994116688293,0.47831655418631275,-2.1242700883027346,1.083261506007761,1.6213924763066512,-1.6286756086201875,-0.9863542202384299,-1.6069468316825923,-1.938765478455296,4.290378658413473,0.7470862279202118,2.035469759547755,2.9491846281335827,3.5256429598305385,-3.603239221503517,-0.31790895802151087,-1.162114712127891,-3.1428534424543697,-1.0308026697185881,2.5594126548279346
OKC,Home,UTA,2.237515265222549,-0.046989972133309264,0.21855530336938916,-0.24118287892741908,-0.17363378631851223,0.42586743467769717,2.012351165621301,1.593843106155101,-0.24661558235831726,-0.7867556332690481,-0.2802539004566412,0.587652727522096,1.387046339234196,0.15903554054883906,0.4553272209825204,-0.7757682501806856,1.322580743007281,0.48137157788972984,-0.11886994745780248,-0.49268983480548795,1.5431543409024011,-0.937325465557411,1.2835589866309496,0.8063076785507661,1.4235729888572974,0.45404594260105413
OKC,Away,SAC,0.5199732628258007,0.8810825138093394,1.6429857279306406,0.12991609062101236,-0.08112257859783067,0.1926242892407044,-0.6272791791165626,-0.5391717773569148,0.5415522356586059,2.292586171243884,1.7256917635104871,0.3646460061313953,-2.2267368673079644,-0.18384709939419833,0.060797827098169624,1.5182218028701482,0.8888190602245136,2.1429746721849794,2.1398916637747183,0.21212757947900057,-0.1727325705345666,0.060144781268994134,-1.7892954997843613,-1.0501673809226388,0.6442795495352821,0.09886888974885392
OKC,Away,DEN,-2.023430931158418,-1.5912573549725626,0.6968978077973933,1.443484742174257,-1.14068066169427,-2.2460680689089365,-0.5621094104596079,0.9441213384147866,-0.4924806736984937,-0.08870167902320703,1.3504830103535468,-0.49755801820822126,-0.3037089783959449,-2.1535306280250643,-0.25689786660328084,2.4739284467209273,0.17255886604402385,0.7379240736162557,-0.9572306680251906,-0.08974729353434126,-2.993523968981496,0.5990057184369052,-0.7337467870003488,-1.2525552452672555,0.6112062003802815,-1.7511561846997934
OKC,Home,MEM,-0.4614132085756558,0.6507880581144092,0.43170650067947774,-0.7865472333448899,1.0291825306953595,1.0974742896692937,1.614841714952982,0.45900670144444883,3.646030298223053,-2.094837444239669,1.8387809650928042,0.20609402380826683,-1.7258633796055947,0.28114143851549167,-0.265438807228821,0.4386141666324822,1.0476316307181788,-3.5116397097177843,3.9838675731887667,-0.9720059875146039,1.0388243476685597,2.064080772145251,-1.217579506279496,-1.31121172473722,0.760086089205247,1.674033513634025
OKC,Home,LAC,1.4296635094670898,-1.1722386881475715,-0.2965456688666897,-2.9221789438816814,-1.0515980018758742,-0.31114108966804177,1.8831587126925453,0.40119347065680516,-0.924468765946927,-0.35502653444828086,-0.9815076483403916,0.1370041572270717,3.0952498193963796,-0.2433499329203295,-0.2772489135673647,-0.8218634233549825,0.6561783952451591,0.9735346194344787,1.5608264239690568,-1.1065871545360324,-0.8228044185068925,-0.6708580677911216,1.2088889082551897,1.6491690183003098,-1.3430483651021445,0.12234514077391889
OKC,Home,LAL,0.7851685680581266,0.9045009254725513,0.5058252206081918,0.864434740770055,-0.4110542716413256,-2.5644576311039105,0.32822878982606535,0.18835828808452176,0.37476575498985043,0.5522653365274225,0.26181397716942856,0.7595492413099905,-0.6173901540790987,0.7986116747093273,-0.6317217140521111,-1.3949464784533327,-0.5765989785198737,3.787910464457001,-0.3974627928133439,-0.26446721315558375,1.5260741114176937,-0.2141482679340863,-0.13443282419301208,-0.3201291107830277,2.4280059604253346,-1.6111956735355826
OKC,Home,MIN,1.2584113385103088,-0.6794702228569844,-1.5247546244059977,2.0194806867025075,0.944360587292762,3.493582555527988,0.2834235691441115,0.29486931730694377,-2.1467644656302287,-2.345849594639123,-0.3233004742215633,1.2032503773366638,3.6070729085656437,1.0502543055795264,-0.7869348680831995,-1.512507578750183,-0.3147374668158522,0.0655392497785488,-2.23486453849178,-2.1480021683275003,-1.6516101991763328,1.578341389555108,2.0388315147260485,0.5112523190722357,-0.782653570219589,2.123463848068528
OKC,Home,NYK,0.80892653249244,-0.8585204272209852,0.28389794315148303,2.7902703878201303,2.4762135248941752,-3.4467177076805733,0.2756834585317057,-0.6773283371426623,-2.738484968904717,-3.295030444401902,1.2933560478217818,0.8456811010113672,1.5428639054233637,-0.5870830322493971,0.023156349391872486,0.26696433374502393,-0.6376516758957818,1.865911916343041,-0.4739448239534413,-0.43411385676180053,-1.5530824770658607,1.6897888793298415,2.134561225574944,-3.197273636193435,-1.776688340331343,-0.0028946784330616195
OKC,Away,DEN,0.07563028760682483,0.07642929063346625,0.4145024620804115,-1.7820779410484828,0.2819077139942902,0.12745786915430768,0.421604910350359,-0.9337029886500117,3.3092566258296032,-0.32297312120482646,-0.21802070311325858,0.8658632533446333,-0.20037815645812018,-0.0153897562320771,-0.4481385464734176,-1.4268646402466398,1.2017531852722856,-3.114149314470266,-0.8506159458125283,-2.9801277832384048,1.6174656418540154,0.5284128511806071,-0.624464034926129,-1.1817580042662958,1.5444783392680985,0.3987281290713631
OKC,Home,BRK,0.38688046642268054,-0.5915156801099369,-1.304328590466431,2.713267480068859,-3.7620720963191308,0.45584915287873945,-0.7063705896245798,-1.5079130509032732,0.20450078655141687,-1.1598914667521758,-1.3408927328231104,-1.2356603275566718,2.187058657576309,0.14431926007864404,0.9135946150349471,-0.03182990292132341,-0.35288538783113815,-2.694231266274216,1.477553950180104,0.046334602956498556,-2.0839250130123403,0.6906942563349598,0.34337367997007845,1.5159270831059628,0.4053707916971449,-1.807441595586939
OKC,Home,BOS,1.6168002518261857,0.248698214821727,-0.5111084037672654,1.8822058913316086,-0.5927890720023251,0.8719997086652497,1.2670284183637681,0.22390194526600335,-0.8204225105400685,-0.08211249609041639,2.582042341379274,-0.4992887537288305,1.6174461536274172,0.7962244957105187,0.019366400747828784,-1.5821838162922726,-0.8636343967124701,1.2522656230995022,0.9760313704235937,1.4374030052366356,0.20383455797042413,-3.31308515281141,0.842674445744785,-0.33824876985549074,1.8060459940145874,-0.3436684159059205
OKC,Away,ATL,2.0468148962428514,-0.7337346119312798,-0.2564497350499267,2.634051951484844,0.7345804518596879,0.9186109166671702,0.3179138713586245,1.8588004991222058,-2.492549485523216,1.9555705721987502,-1.7029751409666964,-0.405972746858846,2.380154026885777,0.03902537918627755,0.3619109277665547,1.1497160503756723,-0.646070009336223,3.2820309266360392,0.711806800177037,1.1193660111059316,-1.279515054458883,-0.7511197944032577,0.3321343779402139,0.5942207058782581,0.2836184040539903,-0.6882923597719435
OKC,Away,BRK,-1.1227601760303547,-0.6227507776623799,0.15833647758981473,2.856128085969516,0.32487983586659097,1.2917488851036505,-0.035443553452974445,0.6259867390152631,-2.5185803048297237,0.24063368610988484,-0.05759378970486048,-1.0784795246282848,-0.1469021543140276,-0.4306103004033354,-1.1248957648395348,1.0233748542950711,-1.8883065129702112,1.0769725859861377,0.6822339649828462,2.1216522853987945,-2.5444164311333792,-0.1781161635176489,0.19938535184987896,1.516991187905288,-0.37532495353394085,-0.013062853563012719
OKC,Away,WAS,1.0721345541746774,-1.8951189336277687,0.3612420519159548,1.0610867379558522,0.03591528399180488,2.507594570383873,1.0351026447113771,1.009134088315997,0.10913416990840984,0.9656921976962187,0.681275449996116,0.4015181108150605,2.905149911260109,-1.3541677434813189,0.22111971300150046,0.9591054982690699,-0.8774728886037487,2.747654661974568,-0.5218083045235152,-1.7883219741834666,-0.9454956563392631,-1.5440972691394943,-0.05629037723370247,-0.3222686557282039,1.1842258345371994,-0.19096067883186413
OKC,Away,MIA,0.8320969694946652,-1.1533159788389011,-0.09355490244468342,1.939331871798051,-2.345418092759861,0.4821857173658258,1.125864143999438,0.3685947187558502,0.1032213455178622,-1.222157176176755,-2.730729806199994,0.3894486920982932,2.440234749065143,-0.3939604403024015,-0.6290727960545647,-1.9909319450509126,-1.0893832587968428,1.1118905599440534,0.15213260428101844,-2.058398143302561,-0.19986622771216125,1.4224009612448218,1.1528564642594599,0.9072236467144085,-0.48484102524001566,-1.2958592435736527
OKC,Home,POR,1.9569213404837082,-1.0957913372462926,0.7253108747305071,-1.9975474856601236,-3.3548769013604116,0.009849631242430655,2.2670700747470436,-1.770642861085189,3.8515108681876837,-0.7947930125569714,-0.9001082560240444,-1.3228149613895575,2.196663068865366,-0.44596302127496307,-0.7040323343438646,0.11750839648297108,0.44139767509520406,-7.976703579284834,1.5668829785035923,-1.6792114984115452,0.7000430416476041,-1.6546341153509208,0.22503512718227467,1.1432992294884265,-2.06283718148646,-1.162333297075626
OKC,Home,ORL,-0.7869300808296257,0.7754643438665421,1.1276031943596743,0.08095048059933245,1.2224271223996566,-1.3354466911129177,-0.18523544756371546,-2.1802904244408055,0.2808902399141476,1.5614086257653272,-0.7617804557773425,-0.08430397355403431,-2.2433015618657373,0.10621179265642117,-1.0097357806968597,0.20809801645492174,0.3902317203950104,-2.1880095662697316,-1.6835669458107791,1.2297100148981326,1.621044046281346,-0.3070982603377577,-0.6161712521410913,-0.9460639986277114,-2.0873423230663026,-0.1877573689205064
OKC,Away,LAL,0.305933058473543,2.876244191485668,-0.26934976359516194,-1.1460577212156036,1.4881686250109962,-0.7455387607004107,0.2777097162434874,0.900888710639683,-0.2019572857513764,1.6410331464011363,0.47997066996153404,0.9741043976181144,-2.437380907286211,2.335202907065611,-0.1759147863989517,-3.2644846154702973,0.7169676560931931,1.1588733528639898,-3.5050687249808052,0.6122637154307797,2.750691653095984,-0.9986560853218279,-0.2297611467096482,-0.14015853924820212,0.5598245160061288,0.2657177813564455
OKC,Away,LAC,-0.3860065959775298,-0.034124872964312734,-1.2100620044377803,0.3455424427412687,-2.0942425796645527,-0.11936447875836004,0.43498978042496056,-2.172805322827478,-1.3972887385340154,0.9840359871745125,0.3277887724052053,0.4969641517698934,1.131813759851905,0.4422486504422407,0.5218046682576187,-0.3220664909687775,0.20432131797267952,4.436488982863278,2.2114170757356955,-0.1792769748241031,1.1344073690608305,-3.022097469124635,1.2607819077233047,-1.09208997561068,0.03047816562676912,-1.6313260188330396
OKC,Away,UTA,0.7278224419010402,-1.2480380915574227,-0.19761446538610614,3.548861789444311,-0.5217724459530325,3.311270831667532,0.3415061943459471,0.5284614135107362,0.028067222248939813,-1.2219479095942185,1.197630383590121,0.44773798433715034,1.9534092663727287,-0.42472961528981146,-0.17959420169128879,1.8857933011675863,0.43997096144579867,1.9407939084386912,-0.8318733125958654,-1.535923245584278,-0.8107333649825181,-0.3127209641850332,0.6179147085777692,-0.49681877650487355,1.6138425919004442,-0.15891932750442234
OKC,Away,MIN,-3.6526985852761285,0.04943388840366059,-0.45127092715947487,0.9369985488887074,3.244857579131757,0.002888073632242307,0.7154769624590297,-1.2419898930174031,-1.5710970743070596,0.33231035863866815,-0.5825241842596737,0.5474995935820932,-3.186976519764364,-0.8852047085355227,0.8700479032325009,4.284914644637353,0.5722515991488664,-1.85299902116077,0.08509814364382606,1.8952488119222792,1.6705109488480254,0.9554279724313957,0.0659859846765841,-2.107858797466392,-0.8389745803905015,1.1427513708945825
OKC,Home,POR,-1.9602088789477674,-0.7839412173135892,1.166944984945315,-0.5333354369770577,0.9667023506953134,-0.6647012667977132,-0.49403621483092436,0.20652859629263734,0.7455354097912843,-0.7409758472598748,1.9266019554520653,0.00076866280480432,-1.866457905268694,-1.8681329566847436,-0.06471608199868355,1.1582172090040528,-2.22044460252013,-0.012007573703459788,1.0902548722546501,0.5275926709445311,0.4317189109576108,0.0726687949670664,-0.46741176886857516,-0.9552482056665148,0.3174945149608229,0.7747134900465903
OKC,Away,SAS,3.0110029647206935,-0.42011461006086426,0.35751002745311267,-0.2714110676225071,0.182535225519999,2.484816578332894,0.34574883287408376,-0.12375223076943194,1.9877547229384507,2.7570874473076215,2.041182028628032,0.44106469178228985,2.6499441020301058,0.2559892952639898,-0.3448109906127177,-1.8866205889850336,0.4238584227311986,0.23944519689965704,-1.8157538401613484,-1.765183815316713,1.2846104562282843,-4.4780255741615695,-0.5649442819092761,-0.33475990786280996,0.6359820456267951,0.748507404893084
OKC,Away,NOP,-1.3328908370478303,0.42884832566726494,0.22398657279025772,-3.243085778536907,0.919201290560522,-0.7043384817731608,-0.8278105489945145,-0.4932065810023681,0.8465273362371034,-0.9244874145308306,-1.8424470936362707,0.28068652903751734,-1.5974122970131983,-0.04568112541820297,-0.38049854357828733,-2.000491664902399,1.0430521609955103,-4.788544170076253,-1.2332829596151225,-0.8593258716332558,1.2506103681369858,1.3558667677613014,0.33305050004633996,1.065666691099362,0.4799907664333099,1.3998633771206377
OKC,Away,DET,-1.5983820060025662,0.12310623977161418,1.2188147019677638,-0.2350977247838346,0.0386086551209528,-3.232746144315403,-1.5125077111974348,0.01195116101929724,-0.7733167414663193,1.3526749626563128,-0.32260028575816346,-0.6538909035232614,-2.064881952861592,-1.135312586409543,-0.28676247755183615,-3.23123593767327,-2.1061825292689367,2.073449956224087,-2.2244294456199643,1.7573544293633847,-1.2782632387581492,1.3133503891164549,-1.3754570338552567,-0.22664267240181515,-0.7271582551364835,-1.807452683324461
OKC,Home,MIN,-2.1347934450131034,0.9377054455650156,-1.7688118670211206,-0.9789771563020399,-1.1436201828341064,-1.6093792612281155,-0.36614348242528244,0.7582533104338581,-0.7159781296703489,-0.5328738672507698,0.0567273382757024,0.5722691990512062,-1.2623711684700356,1.2244652326228065,0.5653208437503127,0.24428718571990335,-0.7030701313143369,1.3121226311743488,-1.4706592368324822,0.1207322455993178,-0.2009652522243843,1.9795360622684166,-0.2891784812777678,0.6967959956190435,-1.8153984397971352,-0.697162057577773
OKC,Home,DEN,-2.2640075155721684,0.21009679553584554,-0.040230218409375317,-0.8737581470706388,-3.184379383055277,-1.888457512540558,-0.2890709070543785,-1.0549182684130283,2.664444513881001,1.360868972012242,1.4548636479666233,-0.3547986844894073,-2.0682834016959366,-0.888865112095463,1.4134271990799345,1.2857594314191596,-0.26119541538245894,-1.6463603367345925,0.2638021131475915,0.36852131168781826,1.8501853568061526,-1.3660549354303382,-1.3296501905836289,0.5987097125370098,-1.4762099231442363,-1.346864879599662
OKC,Home,CHO,0.04526104095703735,-0.8749002564236588,-2.189997616292564,-2.84233850591383,-2.0412479011901836,2.2447966561879786,-0.8927826515290317,-0.1789979201757288,1.5660335794710483,-3.292476259044597,-0.9395915894441177,0.4085232523992437,3.036469128467555,1.1293673752777798,-0.4586715010009108,1.782524316540748,-0.594735266661748,-0.35772363708589777,-1.1011786156185326,-2.5451849376796774,0.7551709958281586,1.096332644057043,1.6753410081938438,3.590645338593052,-0.9385602718378845,-0.028240437134376798
OKC,Home,TOR,5.228091965791674,3.215430717212266,0.278950938111423,-0.06356409537476117,-2.0664810719138105,-0.22551957561147412,2.9517278337890103,-0.1490062806006861,0.6907721226441003,1.4897670530487905,1.1768932495590188,0.13373767542509282,0.22325116242497886,3.052728433077146,-0.5971954238894367,-3.5590327475858463,1.781923191396514,1.5765970709400063,-0.11456833124932646,0.20035024013063973,0.23175244193287015,-0.46363385160490417,-1.0145470779834045,-1.275860845344745,2.3894438982816504,-1.0370993341345565
OKC,Away,UTA,0.5830785019576145,0.7309478897808929,-0.926114432985357,-0.6386977380419272,0.5930850421126098,-0.7722606948391796,0.725599575819143,1.1117902737012233,-2.4787079817178146,-0.2021510369398174,2.2818236759414137,-0.2386302401987216,0.42476450359806117,0.6504273218849372,1.2784772117831507,-1.2122761252882244,-1.995729796893681,2.765469224786508,-0.2595693417003864,2.1504189534202176,-0.16273231386326825,-1.6935525881715672,0.9044560317085771,1.349281510889339,0.3237324230743719,0.4021682889938592
OKC,Away,DAL,0.5739660930430257,2.800822505333019,-0.3579959619878898,3.1861795949057035,-0.15161617428965576,-1.1359559062367404,-0.05206860011977266,-0.6592027135462111,-1.3266543482640818,1.5810022327311288,-0.30898966439888836,0.08318028944552952,-2.7009056997007126,2.0358710554962647,0.6790299593450779,0.2692190373003765,0.41427702661069665,5.442496647299298,0.5242612938693388,2.157903205475819,0.05727060753661423,1.7903907393350313,-1.3006294789868942,0.7469568768613529,-0.15216953822568094,-1.0158161120877183
OKC,Home,SAC,-0.23206770892401296,-1.3774908818228324,-0.10191679008405227,-2.177595433121182,-0.5120372057287005,-0.5721409756101443,0.882309614390739,-1.4473710114712772,-0.6472567727884957,-2.194454205057827,0.6171570266548236,0.5045674441526069,1.4894026298551366,-1.1316481920487087,0.5902049993521349,1.708205333846367,-0.07949399608017554,0.8425041931916732,1.1269836565123488,-0.8017636616004249,-0.20357968317725875,0.341948072495457,1.37349866691787,-1.7372588825287765,0.8574427556812912,0.3225485590449915
OKC,Away,ORL,0.016203093528822054,-0.9703931757801462,-0.3839570648548542,0.45280659819515723,0.3419090181329153,0.20960519737677138,0.1672638104716437,0.08058545699032964,-2.9401718790044136,-2.056303633865918,0.43483184982787343,-0.29483809898584573,1.5748432397838312,-0.2641993598959867,-0.40214830662527684,0.8383290246089724,1.084487461562142,-0.47482230205072823,-0.5775396624295867,1.3980690290120426,-1.7963117737236853,0.9600820143187844,1.526352996201984,-0.865507408982389,0.4597288935863166,-0.011358236015559684
OKC,Home,LAC,1.4392075639150446,-0.5641893166295288,-0.20271400579605686,-2.3712039719974913,-0.5599387029093634,-0.8574128250758968,-1.2789760736151072,0.9754428998345079,1.2104013902747819,-1.349626536257713,1.1593630272552826,0.027398207399576983,2.0901005140213265,-0.09244860003324928,0.27068873133387644,-1.6248086514521842,-1.566040836561002,-0.5667738993518484,-1.24444154511337,-1.394169395284877,-1.164443606728408,0.7725347659987463,-0.2335255139402805,-0.6560206583626099,-0.2913147442943105,-0.5406954705817559
OKC,Home,WAS,3.449690723772706,-0.9907712205085676,-0.310379922602879,0.02071511595904768,-1.7272687493478611,0.005452457951354943,-1.0187463773766843,-0.7480811709948144,3.0962147531279833,-0.5684790519696785,-0.4130792503162594,-1.4540593894138771,3.7346795944545765,0.3979514031156659,-0.27936380989979126,-0.4095854830473516,-0.25339756927042756,-3.159957180209808,-0.5305866975212565,-1.778874032308728,-1.6936541218295034,-0.7306727181454411,-0.45959661290264936,2.1896148646456823,-1.9434509390423385,0.19809994827608435
OKC,Away,HOU,1.1231924842827188,0.4694155788490639,0.36010665320614565,-0.2597533822186177,1.1582967974606957,0.905074258564548,0.7213059465325684,-0.3241473813546294,1.1462826394365095,-0.21117396922832896,0.42727319475725933,-0.5956176289241464,-0.10751565125833992,-0.12819481456028234,1.2408704917334084,-1.8496890410903812,1.12322759930743,-1.1143887858655146,1.1495357337050378,0.9697467668293297,0.7191307038968339,-0.19551125047036313,-0.44220019061700394,-0.23906939736748178,-2.8945236529815452,0.33285867202010055
OKC,Home,HOU,-1.034498474870723,-0.16593607350834708,1.0879133137073909,-1.6446251454235732,-0.7857124812351439,-1.5051164168416702,-2.4230318922173955,-0.7595956124497958,2.9336295635805314,0.5965529476522988,0.17187750533758894,-0.6899897189696389,-1.6055039759836582,-1.2798081107672226,0.543730092541231,-1.2518758402343573,-0.6809348858537151,-4.01453595946172,-0.5222334811641695,-0.021780296522191028,1.5397612302103605,-0.60632248702271,-1.100074576745875,-1.1253456455427158,-1.517147753073646,-0.3640174096059004
OKC,Away,SAS,-0.8532445827611869,-0.3266481763699953,0.6642382115760108,-0.18031420957707578,-0.35833261290198704,-2.6255118590277604,-0.8590550438802945,0.7915656501152863,-1.8746767311677708,0.7105238153907367,-2.0779434991612766,0.19842218979975718,-0.8295690697736176,-0.5834161199032605,-0.7248494315472388,0.42521897933820224,1.5449313765184967,4.212788770736605,1.3339337820155261,0.8000547504457044,1.004879690743947,-0.41272872400843647,1.0107477090813621,-1.2101095383761715,2.7187189004600687,-1.0103657251903895
OKC,Away,PHO,0.27579111009199453,0.14543601098342016,2.3425562444589434,-1.9292929315942993,4.454720058527178,-2.300621490325935,0.8855229214243908,0.6385959889468462,-0.512873109980789,0.09689418863277881,1.215732732099654,-0.47237706854615336,-1.6704101720726756,-1.1545895186693682,-0.3506360967717363,-2.1662923164288914,-1.2390379312151008,-0.6162806004473363,0.38967743322798487,1.6289411621112746,-0.11235876574910125,-0.5726335925240176,-0.24861311238960146,-3.5033044368585426,-1.048660343977782,0.9938673998934341
OKC,Away,LAL,-0.7266005268650061,2.074534234587283,-0.2956089145614216,-0.09193896841368851,2.6533543182877506,0.023529536123137105,0.022753665649141507,-1.0760090279417425,-1.397792174056883,0.9936606627650421,1.7233060709689392,0.04690359836509588,-2.6910671379937723,1.025703573573158,1.041014093169116,-1.6984540224362326,1.179654337321687,2.3308801518776425,-0.22941033894549423,3.084896629676738,1.0795535265899532,0.2080100042984269,-0.7861059835886307,0.40601797854527377,0.7151556640680916,1.367137862388077
OKC,Away,POR,-1.788299692394589,-2.5106789433851286,-0.7103617232722204,0.3261499665638898,0.4007368222264182,1.5923594287888931,-2.0791811468121066,2.0088675307296358,0.4011585050135082,0.0251380467535183,-1.110088812474279,1.3304674321536722,2.0438735014827403,-1.7251760034968382,-0.4460857027120715,5.736450118575578,0.45714602038907565,1.9570613636072787,-0.5167922159129547,-3.5192165434675506,-0.6453977508566756,0.592904502765222,0.23084438193305415,1.8663850987266857,0.37870652843220964,0.5721114619273809
OKC,Home,MIA,-0.752943823906941,1.0305458228751774,-0.1264881908026111,-0.3515842428187965,-1.289435908898564,-1.7603562625108091,1.2637920952218655,-1.2105235693124905,1.3031995342160214,-0.6761505555484921,-0.02460851533437932,0.6339233450293138,-1.182873677238472,0.7882815177656081,-0.438048879064037,-2.2986595780318004,0.05851694068205542,-0.5834363099895927,-2.0563170416579504,-0.7773179376949424,1.3944137714587101,1.0460132979535077,-0.24711669075412213,-0.2667375906718556,-0.7185735023809832,-1.1707382151082404
OKC,Home,MEM,2.4537412350470276,1.177575648969835,-0.9200866256428558,0.7766899957185166,-0.02775561367104989,0.7917367074197471,1.9222619194399717,-1.7951750099518962,1.467724138085991,-0.35734257129479935,-0.9012950161817359,0.4762690864118393,1.8376907620910896,1.7973968632808859,-0.2127642141112964,-4.446695861806681,1.6798908765977982,-2.7543273873188947,-1.2798851869287542,-2.152414511750939,0.319545328934734,0.29259884112363505,0.1389305622672229,0.8951874729002277,-0.7328517128722992,0.2966990816276969
OKC,Home,IND,0.17653947472446477,1.427074711897331,0.7761751073269482,-0.14554051788810535,-1.6878705598738661,-1.7671975481759388,-0.3842474028214609,0.6982084003125935,2.0709441031794262,1.6823042368918089,-1.6023493063855474,1.0866425824496286,-2.1250351324776946,0.21383481470520938,0.7430074529621742,-2.6036833812881763,-1.3016464602901794,1.9189195537170443,-2.532931422217908,-0.6825588272864481,4.004806791384102,0.13160915227204345,-0.7244312191120679,0.47892766397619063,1.5303760190512172,-1.5840494647107004
OKC,Home,DAL,0.7381983649589756,0.03896338359537882,-0.8885416153103347,0.8130657019791722,1.1023774737263592,1.237314224795651,-0.12523478929049295,0.06947823721567419,-1.4065861892335654,-0.08255194441851102,0.5529904669383691,0.7337696449767435,1.2836302696294073,0.9733279012113148,-0.33737444613464806,0.5956634071601865,0.5213028571647851,1.9218270215787987,-1.7913934852383684,-0.994663734009583,-1.333640916660606,0.5745486148497359,0.274870997134553,-0.5971402063172397,-1.0941848908386134,0.5860575354971352
OKC,Away,MEM,-0.26043043652266834,-0.0719453779809657,-0.07692566899996574,0.9817313240625738,0.0503125961178105,-0.49591930562207814,-0.5013541016918486,-0.1953374582047359,2.0448202693734205,-1.1870273732134724,0.4600315944410279,0.9128447933565859,0.14187476036398466,0.19377127936213337,-0.6235214471899272,-0.03980170460350935,-0.802430131931304,0.5556998396778561,2.0504617401603467,-2.59241785286142,0.6142202059426151,0.5249001421570018,-0.040887805386391286,-0.6385114574459658,2.9555356529956405,-0.15757059550327265
OKC,Home,UTA,-0.6636776651433107,-0.03899842497881173,0.2588817339325584,-0.9653720357466943,0.5858572699940986,-0.6938203225555665,1.8676017223230594,1.344093400294369,0.6310400920688471,0.1601479067725555,0.07480452665400536,-0.05659351682264603,-0.8049206500704382,0.03587357149494317,-0.7508297538449779,2.059631608932057,-0.3183746569000376,-1.2975264657544192,-0.8409999387411385,0.19864039079987517,0.367027631407049,0.33187562501438883,-0.4533862268645247,-0.21436717001305525,-2.3777557035590404,-0.13321050516689387
OKC,Away,TOR,0.46113212662713904,-0.2608055086097472,1.063520445116982,-3.0633541661074792,3.1313171588880238,2.5342309806234424,-1.0132667551416565,-0.7195356121727309,1.9536629825360536,1.7737262536188316,-0.4121319375079392,1.543466218715674,-0.3033934481162964,-0.7200379224005318,0.02659108371881809,-0.8093151107910272,-0.5051070058428937,0.1692432153990305,-2.181617308162642,-2.997669305310392,0.7444751185335089,0.8066837928161751,-1.4108607348094409,2.182428632417743,2.959267795043768,3.2387099409265834
OKC,Away,MIL,-2.1857369543051934,2.7313277072286426,-0.47809293065107966,-2.394115515951658,0.028266041442020523,-1.095875651845616,-0.6194085317553745,-1.6610309180677,-2.9358159406393525,2.0069461541519424,-1.5264164566072838,-0.5947843138942713,-4.554744727792619,2.096925628833196,-0.16449321071761558,0.2856327513073593,-0.6409006464558785,1.8081482683969483,-1.113482554546207,3.973865206263645,0.34622548636645106,1.0463710300052782,-0.7269054140419566,-0.22908278559434436,0.9068278263557285,0.17989243895425328
OKC,Away,NOP,0.12660567951936408,-0.2645307849216233,-0.5343966543813421,0.8220672460916368,-1.489814843646845,-0.9809748235221379,0.33682075686104607,0.9399725861897524,1.08917162952793,0.06294140448619005,-2.7833826096108742,1.0070891701769622,1.2083410913310777,0.06567401340298162,0.08913816315133606,-1.787647984193241,0.22243192863918884,0.1359256936444923,0.2709432216209715,-2.7879120872080105,0.38834766254553377,1.9711246000030715,-0.0752493524580461,0.20313806164102313,-0.03575297817252436,-1.3124345680207103
OKC,Home,HOU,1.1279261050620215,0.39561985533651634,0.6341556894247454,0.0656986740517522,-1.4426021595234264,1.2040120409030322,-2.236260931503742,-0.07613238097504794,1.0551336666195832,1.5636054317989034,0.6520014408628976,-0.8457249947049182,-0.5931382710450255,0.25730710717385014,-0.0427853925130799,0.9331072371569594,-0.8382657197742778,1.5786928439006958,1.4004872168860096,0.7175825301216597,-1.1605166615053228,0.03196677695752565,-1.7216861113701205,1.974302288086069,-1.1627811082428672,0.0960520316135137
OKC,Home,PHO,0.737438512919052,-1.1497127794187245,-0.26780468620888975,-1.750121144466223,-1.21422623652724,-0.7498835352393951,1.60642076609837,-0.06903261792911942,-0.49088225220495385,-0.45190844996478213,0.41692016405399224,0.15415848388096504,2.891259167352719,-0.7971454600420623,0.6382717248293858,-2.058197594100893,1.8603463389820187,-0.9368762103255558,0.5355210649108376,-1.269656350014993,-0.8944546627955454,-1.5868970596373455,1.0582287357474407,-0.5136076623768072,-0.21369602417342065,-0.46009012096575586
OKC,Away,NYK,-0.7567595828708953,-0.19162507146449612,-0.7949493205009678,2.622274495481312,-1.0661319706471712,0.7637131420089811,-0.3246830816923338,-1.2240207523409123,0.21475663914273463,-0.19841767705795862,0.9118699460381001,-0.4764765168018607,0.47266080485749484,0.3586412276615731,-0.40634114999472076,0.21447098324525501,-4.000612217688644,-1.1927022160859715,1.1328964819954601,0.25809985080990244,-1.2244343783833502,0.09100856982670939,-0.5069366697587864,0.9563108502692667,-0.4486269466008055,-0.9915877221684779
OKC,Away,PHI,-1.2577868699485253,1.5034999068823776,-0.7759214627441018,0.24088506622192943,0.23603918298849988,2.246182429155277,1.1724452454549605,1.5731452308395542,1.1062281342865372,0.30855353310789535,1.7108456204958113,0.727246670379816,-2.1404328321017823,1.3418676945037447,0.1393682886705148,0.2703587597171615,-0.11722763162653298,0.7252254994748558,-1.2356098554734958,-0.6603014098619127,0.6068419262865995,0.4471224440033999,-1.037524296548235,0.45778738245162814,0.7945198467118997,0.774766584467409
OKC,Away,BOS,-3.7900998185747405,-0.2016285631206983,0.12668271382438562,-1.135411835255821,-0.9270337171553107,-1.173830851468035,-0.3356899481696803,2.285150700334804,-2.992881987915076,-0.9223497369588665,-0.7194757015498596,0.27478731627445485,-3.485818240518294,-1.1395382314693292,-0.5484198617505304,1.7294578301518253,0.8197467545254415,4.446243377504987,1.1910677431188277,2.3764977932800986,2.0274719751225874,-0.15505678961757552,1.7917047522455705,-0.019198453359032842,0.8781623098355601,-1.2503181688443143
OKC,Away,IND,-1.6301060164840586,-0.2513118700288993,0.40386036970237027,-0.367422117830264,-0.48159612697339915,-0.11726186516632776,-0.7878799466664095,1.6667633281081853,-0.09293923109673519,0.328210819594174,-0.23642849643173414,0.9818264500336346,-1.469235493794777,-0.539125212544304,-0.7861082770184156,1.1301957270036538,0.12708231675083032,3.010276292944682,-0.13252299623552746,-1.043082895654006,0.806539673185217,0.4385838842828687,-0.0696138389299291,0.6082539748892605,0.4986008702484281,-0.3987185721585445
OKC,Away,CHO,0.6310073034050038,0.0826589556491413,-0.9721429317660447,-3.2743148885587723,0.21257456599073377,2.6848147987173077,0.4244509018339743,0.2570832171968725,-0.6592645751667543,1.328265699159956,-0.442671107685994,1.5310976955978504,1.322300665651182,0.48761956305774845,0.7259284545024054,-1.649527642991839,-0.8865967127414573,2.8022272819719714,0.905505206577573,-1.3904501738198554,2.035820755356289,-1.7019019902511197,0.7450460335800602,3.2415672472487294,0.8486916507717613,0.9421160048517363
OKC,Home,SAC,-1.8680938132803215,-0.32336126463375175,-0.8378781010433405,-0.3077728866096819,0.9208667988403098,0.25723610111717465,-1.4788432159247116,-0.19249067808806802,-0.7929053638471185,-1.7907899108340843,1.008305084886665,-1.5072583793034402,-0.6876713965385269,-0.06763589882106388,0.024406699784283926,2.6219972208327764,-0.9735180922327613,-2.804804764753297,4.905222721363786,2.9379298455069294,-1.6909380641704426,0.27756488920775096,0.1065038974176436,0.629890595825925,-0.17374711537779314,0.53865441503366
OKC,Home,SAS,1.647296830797513,0.7517755695663484,0.8976136154836036,-1.190786416592162,0.14201808392869447,0.38364442986306657,1.6943518958150634,-0.026550302921051618,4.184435508708762,-1.4075603331225788,-2.9822535327253923,-0.8135628898011493,-0.9352644366512671,0.10801635189154071,0.7610979061960107,-0.885420420726971,-0.2746329491426373,-6.121992845768455,-0.355575110856775,-1.0152830371906352,2.256203072967554,3.1276286708751884,-0.86089262960004,0.18798647862196885,0.31214178333730896,0.08440319018671734
OKC,Home,MIL,0.6291917418794686,-0.06498238566230947,0.006240724497726474,-3.019030005387104,1.5984858306593148,-0.6916413216513835,1.7378929529495493,1.2310615880564522,-0.742763351017633,0.10831598999058882,-0.8978075696499401,0.8358427573152915,0.800166879447188,0.5063374291096732,-0.9033941913625675,-0.7118679726820205,0.7788558667636811,0.3021981762587444,-1.934217940670422,-0.9841420715611255,-0.22812567367323944,1.0855865574514785,0.20639301009970706,-0.07974220108254451,-0.1890902865119764,0.7380179448134743
OKC,Home,DAL,2.0211839266548175,-0.8413334748955005,1.2428679723489129,-1.0676439102858488,-2.3018775212715346,0.7367102250419573,1.2417759391317262,0.36193966599641825,3.557515930373741,1.0819314633516635,-1.1241487360522247,-0.839535039055562,1.5330501806298045,-0.7388109535615547,-0.29696804525275594,-1.8349864454683336,-0.29329718519018405,-6.260911073245156,-0.6622648184048702,-2.5068134428553277,-1.077468081513795,0.07484514855856278,-1.4657325670227843,0.8356152380022843,-1.5314230221212517,-0.023111993157798535
