Team,Year,Champion,PCA1_1,PCA1_2,PCA1_3,PCA2_1,PCA2_2,PCA2_3,PCA2_4,PCA3_1,PCA3_2,PCA3_3,PCA4_1,PCA4_2,PCA5_1,PCA5_2,PCA6_1,PCA6_2,PCA7_1,PCA7_2
ATL,2020,0,0.030068059490203535,-0.02341770433046522,1.1461832031815176,3.5156467960498228,1.5149698773203815,-1.2857820838446963,0.4340242724266244,-1.1208281527954438,0.11709231089386715,0.734942930910981,-2.2986072030759943,-0.9732140442047323,-3.2938849760608577,0.06972793854115986,1.3992835967837793,0.0975326841192576,1.4947351367193367,1.094227657240726
ATL,2021,0,-0.10799847117109915,-0.43247586028726986,-0.5239652174088664,-1.5476315675634102,-0.043046033360365596,-0.9861533400813367,0.06889098801257618,1.3402373812491182,-0.2614386475924424,-0.22545845423510394,0.13964314107065795,0.9021308585792008,1.1623690489645813,-0.32596855311360556,2.299149095718648,1.4350205408286776,-0.4227122628490791,0.06326966584843301
ATL,2022,0,-0.11715850079379167,0.24342464360455177,-0.20648892069007885,-2.57069677898334,-1.589084457163646,-0.534672366128055,-0.0556856937963189,-0.20425498738178627,-0.23259923768762492,-0.8480092414722288,0.4686863730706518,0.8073681424989015,0.527968315810886,0.10447367016616957,0.7557278792617502,1.0976070793667372,0.4904653429028273,-0.3204286749940504
ATL,2023,0,4.319536636477268,1.9446351640746793,0.19862422076441305,-1.0478171352130545,-1.2574717779604168,-0.5333668998947946,0.39306397749775723,0.37771121016033843,1.315722131383334,0.0578161620526728,0.6608414083423737,-0.9050201150459782,0.04630821326579724,0.08766065231731868,0.6291492572150721,1.412252179255073,1.8791344555432232,0.37019860353869116
ATL,2024,0,0.21999545131967654,2.6224022792757715,0.9189683739204407,-0.9910981389214296,-0.7131486015752294,0.6701437089758997,0.42268281040249817,0.8202954077190516,2.8141920523733166,-0.5770769373707417,0.008733769221700377,0.23188995604280607,-0.825044162304307,-0.8438885017733524,0.6359447233354741,0.7436206113158653,3.5242632516060333,-0.07867888729965544
BOS,2020,0,0.2110055875928766,0.30142618550939154,0.39568269877855505,1.900141011638742,-1.1937433995463682,-0.9023509243658594,-0.628658608225152,1.5609398648795647,-0.31564651038789515,0.9419752824469849,-0.6660037648908748,0.6032752597748423,2.9366406917204273,-0.8657364535108376,1.3780695704561023,0.6057694601495675,-2.941479007615904,0.3487982197020267
BOS,2021,0,-0.909121114847903,0.49638327454784287,0.23071718139989203,1.038526419780621,-0.27601461697044005,-0.834886399838728,-0.31396560817040325,0.6413298962058706,0.14976256321953837,0.18893678768762415,0.3102200827838915,0.8735409199078971,0.3842975082064196,-0.4024885305367005,-1.5650139211311516,-0.1527215017315933,-0.2726409346190999,-0.2999128623253176
BOS,2022,0,-1.5567508319694128,-0.16606388142595918,-0.16921110148687757,-1.0329159387314286,0.06504329048149717,0.2528958178230329,-0.5465856310659017,1.5401834993456334,-0.382590099543063,1.2349859616362875,0.19836967713375608,-0.5017821024271202,2.6711268817130294,-0.22051401723911065,-0.6661715942511693,1.3989675745686083,-3.6075655609912065,0.08846385883057385
BOS,2023,0,-3.4725688614201853,2.614041682568442,-0.24810066824803795,-2.1433498346724877,0.49604949411516225,-0.06426032011867518,0.9065383151166685,0.8792331814820695,-1.5254794218717929,0.3375071082986083,2.236259118304085,-0.004809354623135457,3.12781959650953,0.3015835179424246,-0.34977507133758146,1.3504041344505533,-0.8324931031538714,0.21303336255450878
BOS,2024,1,-2.6571163976203493,3.9630450957323955,-0.2743090252776099,-4.822344443980925,-0.8078630187895735,1.09360153722241,0.011448788839297447,1.7515949612092663,0.17009282361811154,2.427197622724673,3.475674140948359,0.24715047659511608,5.136192531500718,-0.7319736991576974,-2.374282339564746,1.5178384078598077,-1.3042080218329972,-0.018299999472465602
BRK,2020,0,-1.2507991046229254,0.269828954724098,1.1511015415538746,-0.33267607904808755,2.232271602623161,-1.2405823632437052,0.4026972064540611,2.4233855596329876,-1.304381731718275,-0.2914572785012669,-1.942228553466547,-0.415427406608182,0.10718675395087304,-1.4760555225685719,1.165510397289904,-1.5976903089419567,-1.6999944403404277,1.1378070165741094
BRK,2021,0,-0.7246816837921798,1.8041133807144583,-1.3624371188912507,-1.7429343626530793,0.5359942805188839,-0.04385152031922514,1.0437260193972557,-0.07191492433870893,-1.676812291672382,0.7644480120229891,3.4970898024101746,0.6423555354694943,2.4581674137735927,-0.29112330488878646,0.34886369083652063,1.2344088719016595,0.08567095970508334,0.5258683922567403
BRK,2022,0,1.5550935506504338,-0.23682797943129302,-0.31620775546769997,-0.12039453091701355,0.5077534183252131,-0.6705403808269035,0.6233924768779667,0.03568107814818186,0.5515931039332275,1.16130273822,0.3668254501129535,-0.1000182537923445,0.45987795734417924,0.26859573741326387,-0.08159012833504882,0.9580709872996829,-0.7460518789507451,0.5741141434750151
BRK,2023,0,-0.6335754226962962,-0.42053537599342683,-1.554716622892093,0.5673537057683247,0.16058676239628425,-0.8823930485428781,0.930695422715368,-3.3432406328912103,-0.34826704238301914,2.4132940950291912,2.3640066605307,0.1321408528102137,0.48422069282068264,0.7534628579253236,-0.07265928126707885,1.2155836705795122,-0.11881819128967964,0.24443836169009264
BRK,2024,0,-1.1486287841413587,-0.11922528444836866,0.6935526618708542,-1.8223762604706646,-0.15085680094083417,-0.36050966260442546,0.5756925724798393,0.29346014026321254,1.5782462154038874,0.3227367392752753,-0.888030643468983,0.5500975303212016,-1.4500292045211516,-0.8091666920050046,-2.2250687214081255,-0.5570614556479738,0.8412049491231248,-0.19361369031206324
CHI,2020,0,-0.7628912541317193,-1.5132796605179553,0.9845838678804384,5.6255381888990845,-1.1802715906662928,0.9558698929328204,-1.7794428410252887,-1.6815443317375547,1.1155413233889024,-0.9988366588965268,-2.293948646926524,0.18742393373756186,-1.1669510897304658,-3.500254724018643,-2.129417239542496,-0.8751521546494105,-0.705217465407966,-0.7219816232598436
CHI,2021,0,0.4444474949626202,0.007339697254243519,0.008414519332417825,-0.40387534779077944,2.1253310760143798,0.41037854850639216,0.7406598275932293,0.9385083205282337,-1.9228042715635778,-1.3593572569952805,0.9398305908785269,0.2574489277332295,-0.7062096163727507,-0.3743805750186709,-4.6377789876722115,0.6455029834138534,-0.34660461921555724,-0.16343427786755155
CHI,2022,0,2.319535836505017,-1.253750723066123,-0.8560010205161005,-1.2554492531284185,-0.6968895171240894,-0.8341237010479242,-0.13318876493017232,-1.4167183049515881,-1.6796208074725942,-1.138885605146321,0.7078203874001527,0.3423888008112384,0.48193363729079713,0.22603070486116744,-0.6019354507285429,1.6879075808568664,0.1182211207003965,-0.2675947290536659
CHI,2023,0,2.732224986878556,-0.7718969474025296,-1.2460493870748186,0.12452832828571456,-0.9746404354074298,0.43313832673871683,-0.7816889753597146,-1.5005120125739515,-1.7647485104004774,-0.4744719874099907,1.5658180076383383,-0.683715656623329,0.08279322046287702,0.252762536090359,-0.24168351731979215,1.4191865571903202,-0.06257885247303978,-0.36992891196764777
CHI,2024,0,1.7109703948036532,-0.09718361759879283,0.20548347757975885,-1.118636879959718,-2.1180581887255574,0.02752672388438253,-0.10800671819208368,0.13721154938816355,1.3597741404451815,-0.2664590511870094,-0.1992835384220174,-0.054616098880752764,-0.24742027276020945,-1.1666249358487002,-1.2382289756380975,0.6057437910730386,1.4082472482892934,-0.6383000111685635
CHO,2020,0,-2.11532825259923,-3.495385140347335,0.7284655046130847,-0.9440647697163344,1.521302425027943,0.3254834284188801,-1.5620093834412838,-1.1775930143151365,1.7611357773070317,-0.7665964403063976,-3.465149721203648,1.0873734906755292,-2.196297003046053,-1.5157595018555123,-0.669382218491364,-1.3892272318827326,-0.09212280162874464,-0.9173630150180064
CHO,2021,0,-2.0529148226403606,-0.6515704446537743,0.433382065735009,-0.49512433145138673,1.0211225771212735,2.2554031155491243,-0.9448852996352941,-0.3263037276727695,0.7094215772971886,0.04635740449995564,-0.8228039903639087,1.0533665813743325,-0.6921081962918734,-0.21591213957810174,-1.9089345659838746,-0.44849986675064757,0.21223831500035,-0.708077555403683
CHO,2022,0,-0.41406977752097207,2.0226862467656566,0.7937070362807457,0.11962325335735664,-1.5563894540877634,1.6729273340071897,0.5621588894888737,-0.0718704827207563,0.8083016828352619,0.43044871324785755,0.4477267772476474,0.07586588405465576,0.24793290393532033,0.38346098553481456,-1.7051226107857957,-1.5654824223563977,0.652612941581845,0.17026004113016283
CHO,2023,0,1.8785316005055201,-0.5303324954231138,0.8494003563292175,0.7069175648202156,-0.20935664629193845,-0.31370622512584806,0.3158483593288248,0.18295290535439396,0.9106051990196282,0.6087363578042212,-2.0081500713760523,-1.2851690568658285,-2.982159623266486,0.4415461385874077,0.5035893125114366,-1.268767143692767,1.274414618183152,0.5519225073575507
CHO,2024,0,-0.5943006033488742,-1.7705229394277855,0.18789065080237757,-1.2016708095695192,0.48939786595729257,0.14625217682339986,-0.41360588145089594,-3.1816707402190367,0.6454627955248703,-0.18412108165906535,-0.858346398504973,-0.01061570835484737,-4.241703626157167,-0.6120776829203278,-3.8955289487932396,0.6385033880171443,3.0806351143791963,-0.8094102075016733
CLE,2020,0,0.7742642872729139,-1.876593213344744,0.4058892850110801,-0.4617829171592643,3.6879402199563907,0.4035249931213398,-1.8772650786510092,0.2410365192684126,0.4935816565938411,-2.3946979913417032,-1.4488035093873202,0.030877429982982242,-3.187397417290091,-0.41858386929002167,-2.374300623710795,-0.8977971817801265,1.5396410289149267,-0.5485865112911745
CLE,2021,0,0.736403414073336,-3.756942426509129,0.09499639352696612,0.447357847292942,1.6600004385281761,1.0002500345577463,-1.7339844907436,-0.7938115089387785,0.705477857552367,-0.6271771940573506,-2.7415038719968003,-0.4433398749019451,-3.384537204182029,-0.005306063086445089,-0.2489179510272927,-1.4095321503509448,0.8564129218111111,-0.8342591349456965
CLE,2022,0,-0.6607416793161913,-2.3274053649104953,-0.9074600774508773,-1.3154934031911356,1.280525892684513,0.9939954128505956,-0.9127334564670305,0.03837780524331259,0.16279120051210344,-0.8102041991173978,0.01521562620790329,-0.430635996221071,0.7951788693243925,-0.06633900113553244,-0.21718465454965563,-0.7115589361398292,-2.2596077509260923,-0.5014391875987739
CLE,2023,0,0.6343066533569243,-0.9796671508030967,-1.5380455634391739,0.4769069196731314,-0.9573530450597655,0.09906043009635959,-0.2940893991332829,-1.862397395228168,0.8067460791457197,-0.3963871597833848,1.9282224485951813,-0.4521577717207889,2.2392436894821706,0.06132869189386533,0.58393166462837,-0.049270573245262975,-1.3765759980663421,-0.8981038131120841
CLE,2024,0,-1.2202440865484505,0.3658680917298701,-0.5827144727748125,-1.2713880708515732,0.026730292947908532,1.5575819218257616,0.6447778584758028,-0.5445358537032787,-0.08726119542198843,-0.3987656230404796,1.6999994786645696,-0.4136531417583648,1.561352353307304,-1.079217251134585,-2.1713387909182185,-0.34495688230485405,-0.5210482346075739,-0.34282005403344923
DAL,2020,0,-2.5547333254140905,2.218424133615051,0.5417210650363992,-2.8987739002308364,-0.05631752304919977,-1.4485532640165788,0.6399022598242722,1.8487391491229572,-1.0062137077266944,0.011696861607011704,0.2704872863957645,0.2762771884144615,1.6170824743454306,0.14577922099053664,1.6951020376260582,-0.35440771326507264,-0.8062432674456419,0.4591036044034373
DAL,2021,0,-1.9909340897726493,0.27632628971694545,-0.31683316007331297,-2.074995212924467,-1.0399507540170032,-2.1037436804876664,0.12026233483931252,-0.7816620642831026,-1.385185058047418,-0.7612384462446444,0.8927455766209885,-0.4063869406275044,1.1470518817553361,0.25223419781778644,-0.7626081520897042,-0.18614484009204058,-0.5013208498822304,-0.3150488918950259
DAL,2022,0,-2.726102516088976,-1.60567666191741,-0.47294080947187356,-1.455190287072673,-0.728248259362351,-1.245573527932505,-0.35675447145011197,-0.8802683714956837,-1.1749073363128921,-1.2526620645780495,-0.22529349122795428,-0.7923396949230003,1.9880529940303633,-0.08006719157983037,-0.7292625240472664,-0.3905539606380911,-2.4194704704765035,-0.7224610951778673
DAL,2023,0,-4.597977942407266,0.19750924696653854,-1.3788318489989217,-0.5793477543355222,-1.1900690131379077,-2.8156392621964614,0.8330187256552506,-4.626929302606843,-1.150988971032068,-1.1953586655230535,2.210079827211542,-0.49910421201662236,-0.15888022590128872,-0.7895585481844871,2.8940543161895405,-1.1625664689774542,1.2841845183865963,-0.299861439219297
DAL,2024,0,-1.3472596906174807,2.5179690918609356,-0.21044741583386775,-2.139392182408741,-1.0697154195934364,-0.03353377771796526,0.2814807356380874,-1.2257735871809134,0.16182576725912634,0.49681672770427454,2.154842656798908,-0.5344366370259818,1.365083665043044,0.6799518405387177,-0.15235161876285522,-0.9734411762224066,1.2146244988458874,0.08060008936628424
DEN,2020,0,2.2218244026192284,-0.5881846395069933,-0.00993924376845317,0.5572940405265684,-0.5689184225496615,0.6710610657947157,0.46367639217102397,0.30919314683264143,0.7458168689695984,-0.4918409753192498,-0.018426152308976918,-0.058033907707383044,1.3439052956548132,1.1699107903957477,-0.9817317242248496,-0.3961788540377838,-1.0522462593309558,-0.39023299328592786
DEN,2021,0,0.8946000557784721,1.234177427933973,-0.37622702565464855,0.0629998670064627,-0.905304453415354,1.025377444856656,0.328038730041322,0.839128034770634,-0.12670233609498346,-0.9886761642617591,1.9588309271004094,0.2781883262113364,2.30318609972164,0.20376653307467602,-2.197129912739281,0.8324668904817962,-0.2831000055880431,-0.7340781223909797
DEN,2022,0,-0.7943507003767469,-0.0460391151592488,-1.0175368693895983,-0.23953998925856299,1.303022172915671,0.7194782125251595,1.0657960776643496,-0.15046603555924778,-1.5399140996259553,-1.5947656725170307,1.7597076068842996,-1.543961964481274,1.3310209500483392,-0.1525103330771752,-0.6369802823473294,0.5230517389126397,-0.5324759370932498,-0.3597122292221609
DEN,2023,1,1.7821861382362367,0.48040957076060975,-1.8198896547187215,-0.11222569955990393,0.8616424293483738,1.5934203717844824,1.2662557545092008,-0.521692864348869,0.7177210491999882,-0.5693384008349875,3.6636449457651894,-0.39246499413859853,2.185960847165284,-0.39914003504925666,-0.45870373156904454,-0.9461102390700756,0.373451823539984,-0.27362236682479246
DEN,2024,0,2.5086006665944054,0.872526771685027,-0.8172803136606728,-2.1410272116228466,-0.6795553694802213,0.990685464073227,2.115380316693501,0.45327575213306626,1.1056677648274043,1.0474613965516193,2.632072696404364,-0.2425691284332484,2.8064116040739986,0.6392585553974892,-3.0676391332244064,-0.32275690873796986,-0.8768185827300002,-0.11460866962281416
DET,2020,0,-0.7901322598440306,-2.3277976452383733,-0.2580449502196489,0.6410271250003194,1.717120434616223,0.22641890904289183,-0.9951711901307161,-1.7513905866759931,0.5121409040031717,-0.4556801870375416,-0.876084134255448,0.9591882043563691,-1.63415255535696,-3.2504442770638957,-0.436975461757448,-1.3113819957705717,-0.21840463474798819,-0.4641626089215099
DET,2021,0,-0.9061508708253744,-2.714453044379201,-0.1246536665596989,0.8930826285346602,1.230694881394084,-0.26564927737677557,-0.500524834225102,-1.0198678297998363,-0.35257573967777966,0.3987986653064573,-1.8337102774438696,0.19205852734584394,-2.7685587597726617,-0.4391000947729237,0.928414010059818,-0.7894473506794516,-0.21380033511342575,-0.3983356042535402
DET,2022,0,-0.7554043433975088,-2.5609944356327743,1.4458042193235592,2.051322049386361,-0.37906790681250024,-1.3654743295624387,0.10817076606341217,-0.7964123290538799,1.285320919408542,-0.07801245551405721,-4.343434566871345,-0.4713636401749691,-3.722819753819102,0.3184923633583321,-0.23850597983583066,0.0696560625074496,0.22572508892588733,-0.17882113736910013
DET,2023,0,0.0914087791341929,-1.6871456275553876,-0.054818426323103665,1.8836316374556266,1.2548675137898488,-2.1976135854202448,0.4868826376049286,-1.32796206157415,2.3502432038926586,-1.181808343260816,-1.7131404187263986,0.14708695591185214,-4.577735897217002,0.48792033498199333,3.149856513728127,-0.3788130654056693,2.6039958325121457,0.1476815797895766
DET,2024,0,1.250207157478244,-1.2229337431741483,0.11318511840812684,0.5403748920445345,2.094244699534065,-1.2218617260548528,1.3305747141930646,-0.24306178191405742,0.4786061968671528,-0.48297647838414115,-1.0314006971834617,-0.4050020588795009,-4.7623546143966005,-1.0563694736793674,-1.1779016098700212,0.7185405424499529,2.6917724160122902,0.20868400933571946
GSW,2020,0,0.6984056787229996,-2.7743270592024074,0.9543528794651487,1.4508512315497861,0.3276088471758751,1.0860616132976824,-0.6373513090001827,-1.151931740257667,-0.09559093798000522,-0.2811958424110007,-3.8753288451487906,-0.046413765143542625,-4.169845913198551,0.9152718734060904,1.3361483599795738,0.9041631757928594,1.0131882239176477,-0.17028027807234805
GSW,2021,0,-2.2850975269944267,0.8964770552252338,-0.03985711318308792,2.3573036888855348,0.3734983792671872,0.7964249157208048,1.1968135618673719,-1.7390672945496728,-2.573558126598704,0.4197786930531887,0.9238691894967072,0.6777023018604663,0.5336376453884527,0.26387392768692275,-0.9945755908157312,0.2182366473714791,-1.130933672536529,0.7565148010302251
GSW,2022,1,-3.074893362488676,-0.06821817418141006,-0.3870059102218652,2.0368041360790525,0.3797098635416362,1.3768103290928333,0.22905598605821173,1.0660279687815746,-1.4259137857197597,-0.6250414154436856,1.040936618581612,-0.36965275123245894,2.4002256360053478,0.550348515699739,-2.398062239977405,0.011828210788586894,-3.212440760707502,0.004872768426705423
GSW,2023,0,-3.2528693078723023,3.503614620051916,0.08860627332688063,1.9722272796132059,2.466625667543332,1.0601736773499706,2.241595110914311,0.2203444156257755,0.4695433900743657,-1.1043871983321165,2.662389251483714,0.4525663337712718,0.7874656768534419,-0.3027602080439756,-2.155291360493038,0.7359760102888233,0.9462294650659757,0.7261257822427505
GSW,2024,0,-0.6129938678350211,3.0102457595134937,0.4851948353388681,-0.7486498767987919,0.8462800903643735,0.9345805621126857,1.9623428070120859,2.2235563227484936,1.6982378869539203,-0.3696824499956595,1.6749147211183515,0.617657730734268,0.9377097394012214,0.7881262911337812,-2.7845119082834757,0.3183437783434126,0.793290465656085,0.36709107545447955
HOU,2020,0,-4.193937580552587,2.5177819573700058,0.8072852418131126,2.236548387714503,-0.557359845108655,-0.6475148405559831,-1.8598281685891618,-0.4830248116769674,-0.6176624951925391,0.8743597090522909,-0.5167808916688741,-1.1878709713735958,1.3814535370207526,0.9250429795635691,3.6327813720970665,0.32673961822390984,-0.5816600039452517,0.8854995306110928
HOU,2021,0,-3.180284526561464,-0.47685648891954446,0.9881318314260483,0.697456117961129,0.552949435175376,-0.1628593824469695,-0.8670273576521389,-1.4374269933735726,-1.1003070086578253,0.23518232321712015,-1.9680630101937098,-0.7905255127237685,-3.9826865640370213,0.3237337564218805,-0.9016943514878502,-1.3495038669051025,1.5301720805797079,0.035963526095907285
HOU,2022,0,-2.9332465449079455,-0.9026267081988136,-0.05732390171831646,1.8370697831640022,2.818387385584542,-0.4536161492648633,-0.6273057906145525,-2.052612684654968,0.4711269297444547,0.2171096871574992,-0.655788547014919,-0.6676471830816182,-4.092336212165107,-0.2898340176380988,1.5231433437067183,-2.970067845476128,2.0408747236398277,0.29472244862706737
HOU,2023,0,1.5808349810253632,-1.1940211523207531,0.36278006300376586,1.6506646105075558,2.355765103650092,-1.2815784848282388,-0.6131685098487408,2.4887564913938256,3.5336282755853015,-0.6720756906667137,-2.0411664459675185,-1.4922929065707682,-3.765525460967111,-0.13652654423337254,2.2403802763316345,-0.9892869668725014,2.947871433079196,-0.12553874358242964
HOU,2024,0,0.24054905427601006,0.9859467475814726,0.8486277008508264,0.20539368972367425,-1.8130628733820648,-1.0983649141833869,0.7990798020336486,1.0498411624863941,1.1090950445584435,-0.28374557594746047,-0.9251800476920956,-0.20776295947275947,0.12685543237752886,0.4394946163446838,0.5363834000207377,-0.1707502121945625,-0.04246931027520562,0.2885486160475229
IND,2020,0,3.2144979387983383,-1.3156346297938502,-0.109755682261221,-0.2887393647593411,-0.7773861553357783,0.20844418706680534,0.20704501316115473,-1.397138857856039,-1.464671624995152,0.6753807856646974,0.06637979743907665,0.2219752647516862,1.6113840373469206,-0.699624348852264,-2.93051102335608,0.322008062745849,-2.6534163035979246,0.2690917962271618
IND,2021,0,1.7115886723557963,1.4402831258640598,0.4415348835012894,0.5225040071060882,-1.2054864197231792,1.0174159682794823,0.7396917775044187,-1.605278215807104,-0.6512283985034001,2.525387571438718,0.5182895529693536,0.014512679857976272,-0.17403975562990023,-0.3354643916107404,-1.9276604528901067,0.7642121648285465,-0.008220744195531449,0.8127317540359285
IND,2022,0,0.2058819202719049,0.03788500725858542,0.4979790481260561,0.19445534021466282,0.7190606753005627,-0.5605013184092915,0.6172356630431272,0.33930179695889534,1.5731255356367815,0.7760648052776098,-0.6870276255192294,-0.9463464394438312,-2.6017865123498574,0.06199719246985492,-1.2523263996369376,-0.35403678853600856,1.393265083290053,-0.24035200083568184
IND,2023,0,-0.6383049372860091,1.394005377985072,0.08308229255862822,2.101430058873115,0.33363535564257957,0.07901929872000911,1.3209052252783717,-2.3271060431240307,2.0266558431815067,1.875363480361615,0.5178282912568763,0.22273078277912856,-1.4633982701499326,0.5943331384895104,1.3989466447176067,0.3621178606792441,2.410232162977198,0.5066895125210923
IND,2024,0,2.8902325536592475,4.569125128691274,-0.4909587806915668,0.5345032520156111,-1.581858600649537,0.4986980705832728,3.493456870497219,-1.8517519324422447,1.6305762346435666,1.5817527544463634,4.106196780320614,-1.0415359147192864,1.4650030917671555,-0.6389921495115211,-2.2450851218723358,0.29504400958571414,2.637335481562362,0.5510896953917546
LAC,2020,0,0.6641459738602187,0.5708313142349599,-0.08175831905247478,1.0534458264910413,0.5886349763860825,-1.580590135620421,0.24286310857433285,2.35050961777588,-1.0318719704597379,-0.0457702060982146,-0.1926731518251143,0.9190968304042253,2.588286289882254,1.3568266460490106,4.628625817266502,-0.14040685387196086,-2.5740994341141326,0.9463413158166945
LAC,2021,0,-1.184090844403036,0.4097957613255695,-0.8805597431824914,-1.1926270248363173,-0.09788311930173024,-0.4560079581874169,-0.23278522841126706,0.25378518213850754,-1.4001472648911446,-1.3167900827963477,2.4319991080694923,2.6730132745886706,2.5711267473147195,0.09014099374821004,-2.112970205999947,2.4961709223488744,-1.2838535602612755,-0.5895381505544826
LAC,2022,0,-0.8711663545073062,-1.2691648830935718,0.24196026302056264,-1.436432371599311,0.37320029217029604,0.23479835620988404,-1.140447429872856,-1.0653764250295608,-0.8348816705327473,0.9582730814751961,-0.7347249797200786,1.4111724980886768,0.08000883189796315,0.238805018616573,-2.4733153490307753,0.6885180606213606,-2.0249321442370456,0.24192726517195967
LAC,2023,0,-0.4094212882754605,-0.44875046029056853,-1.0503612713580524,-0.44373461407507087,0.8247672536688677,-0.6937724719654146,-0.2841838708558303,-0.7166887151775602,-0.08116587294529042,-0.5801364261451685,1.3141815410489053,0.8980974866709373,0.5744696635456216,-0.4801466039201826,1.4379899916987573,0.30262296957969803,0.513687475654458,-0.16944959111404506
LAC,2024,0,0.3741262949272273,0.38893431371187126,-1.2934448756652623,-1.380597942456223,-0.5166461700591017,0.5164615614707865,-0.1280242852257854,-0.8868524642881019,1.0074717515842064,0.4344458155212607,2.388525082883184,0.3705962626619213,1.6472143442811482,0.8813328424894618,0.3977344321667699,2.0624103125251865,0.4971884284645291,-0.28028553474338797
LAL,2020,1,1.959376588207868,-0.1682789313841024,-0.5147802924100594,2.4660376063761587,0.11383736538911085,1.0386880054621819,-0.6383268008151427,1.8805602680902993,-0.3995597431244555,1.8561704778786081,0.6025057113942334,-1.1334989263106585,2.6874809905229626,2.3529403169974765,1.396756083442576,-2.3057870927558213,-2.8119030610491875,0.19696167480695762
LAL,2021,0,0.76276164857511,-1.7496448199550045,-0.7040324906298487,0.9019135402622593,1.0534666076838024,1.1142585422284537,-1.3159532314154556,0.6037607435423928,-1.3927502054784038,0.20004621367043374,-0.015673421857357563,-0.4620594046566686,1.2597900078210593,0.20790868288536776,0.7721495777739492,-1.8228738409268446,-2.3735683942224126,-0.4240832163015005
LAL,2022,0,0.48574510064890913,-0.043595659651549004,0.0723150768485321,0.29038155572149316,0.5936432780885774,-0.34914950615714285,-0.5228971921859102,-0.6278057158774951,-0.7715188118892424,0.8356668058815789,-0.11029855429274063,-0.9754588098815635,-1.4393704991383218,-0.4613127356789925,-0.2210927599558478,-1.8431897347040305,0.460059140944578,0.3828090870581408
LAL,2023,0,2.6437615818454026,0.6386222482510404,-0.7170699842856644,-2.536167224522837,1.2895719617340131,-0.07213910092431482,0.005218105543798668,0.7152704875581077,-0.715441546681426,0.004759388146058526,0.6603210778982165,-1.386842356250539,0.4467147563386264,-0.38174915618485183,4.0425948494923345,-0.3434690041516089,0.6004357131505952,0.846874030572223
LAL,2024,0,2.0462495134145495,1.0210204278083495,-1.548476148027107,-3.0014526018891474,0.8728074362209731,2.8259335759447812,-0.2044432231541014,-1.345690134922516,-1.8289838499712747,1.2763896504233379,3.0478737085998366,-0.24424772071179468,0.44518469130963007,1.772512314384465,1.6081271089925109,0.2838780101258613,1.521004084112712,0.3532796542932237
MEM,2020,0,2.6908476313494627,0.18020219441462026,0.6211079690598705,1.9276207619855807,0.7309969052630827,0.3532783167311102,0.9806655934053592,1.6805473793784589,-1.073562997645481,0.8775905492399468,-0.7365195741445033,-0.6089849276506734,-0.5959203147679653,0.38174029598666903,-0.7265981663526629,-0.8267312070502544,-0.989789103392596,0.9814625991272029
MEM,2021,0,2.9183589111877883,0.5918978733514163,0.8837014941056858,0.17595181235947216,-1.867410307103021,1.7887497229902378,-0.13147832117016647,2.008478369909393,-0.2512095271998327,0.0720593335938095,-0.6944849168698973,0.0486296031120587,0.41014089792996367,0.22821542436694509,-1.760003401364348,-0.05345073807989254,-0.5449725883850668,0.12974665019599452
MEM,2022,0,3.3016839975112164,1.792840242573785,1.6657655086841368,0.8421984458543081,-2.631304600617,1.5647690928571953,-0.5365039598683151,4.871057588745166,2.6027858475267167,1.5707560233036648,-1.2944111800005247,0.10400835661067791,2.982439986811989,-0.30844376660601025,-0.5182541549147026,-1.796752987084154,-1.6927851980238864,0.21904867580100237
MEM,2023,0,2.2262664923897626,1.9419483047313764,0.5524045378085151,0.6413279269962018,-1.368276821386847,0.5077250406566225,0.24527178790746365,2.1148267316426197,1.5095544884336534,1.25825154441858,0.33409484115518845,-0.8779856963450967,2.10981958679053,-0.6025116222353027,0.22684352978795752,-1.795851488155343,-0.7372851516413816,0.6131098941973874
MEM,2024,0,-2.555994490530678,-1.7300373158575422,1.2823768889474427,1.1906627758599493,0.6313745047734438,1.0637685259279226,-1.129913226675831,-0.9615035149245555,1.6880892312618736,1.7014480566808412,-3.1398998805435863,0.4329917891353935,-3.180974155571112,0.6698346345006841,-1.731726217063949,-0.39542842256405697,0.7256271063467093,-0.5359637032470919
MIA,2020,0,-2.401985876688693,-1.2323365235160393,-1.170000437216593,1.3943035160980728,1.0406654595751406,0.019974931601045326,0.5366995890756531,0.05871617326794782,-2.8362314016458474,-0.6120313980703469,0.6755527502711302,1.063698797787812,1.691116931458305,-0.7613109625741055,3.4678098374582573,-0.05639599059211956,-1.71130271385155,0.04481862685904129
MIA,2021,0,-2.669745550185131,-2.016729829021961,-1.0897793657369723,0.3757046489782819,0.06668702831911849,1.583537477275953,-0.6585269320008348,-2.236517737540118,-2.0455935014050293,-1.1327276854466555,0.5770803538378019,-0.571280840373917,0.5547251801623854,-0.15747598591200054,-0.5897524815997731,0.48842962190922723,-0.8551287618612602,-0.9859251720791943
MIA,2022,0,-2.495604404428606,-1.3284368710956418,-0.8370665586426183,1.6189095312151456,0.5164704156988007,0.209966634955721,0.0054327329564601064,-0.1985304188297692,-0.5099332307780088,-2.3815543196247306,0.618538283771337,1.0999417794357258,2.34292921959396,-0.1324679036341633,0.2824232470516679,0.8869988937384379,-2.2402219208711083,-0.6554042538038427
MIA,2023,0,-1.4071167550831436,-1.8704028932213368,-0.605328714219118,0.5982755156209774,-1.1537035520205356,0.6942542692078524,-1.4734057352188157,-2.2298934951421807,0.36997932845142767,-2.8843931227812387,-0.8414147588323565,-0.8913982694228118,0.15553223222747775,0.6769822146029616,1.8018506974243098,2.044362857915205,0.48231026274763505,-1.471945371311026
MIA,2024,0,-1.0628657127603443,-1.5294652473047232,-0.6513062170676976,-1.9728616688953309,-0.9933920076324816,1.1049262786963927,-0.577618040518074,-1.295920480712893,-0.8359792973114826,-2.1540915224460857,-0.04776036683393561,0.7499551788952805,1.3737409913181822,-1.875744621849591,0.261334071583139,1.7578887822395968,-0.5754660573723577,-0.9874326127738478
MIL,2020,0,-0.37960807785239825,2.687325987481715,0.1325904524545813,-0.38410946884215685,1.4051279637900171,0.49730208273549437,-0.05358920177466869,5.123745868823119,-4.9577539105515775,1.4156215332756632,1.271397184593352,-1.1659260227000114,4.653763264411296,-1.1087005405183905,1.7610553749306208,-1.861824735396744,-4.255288568890751,1.551962373849703
MIL,2021,1,0.571312011061761,3.4917977591218055,0.07681517591082285,-2.1906456356627246,0.03067636837090853,1.5001677227315848,-1.068330387076742,2.9394706034293723,-2.0661229600607505,-0.5039539860968473,2.658145952297145,0.8352987764567211,2.51525495410834,-0.46882674875626884,-1.888687107818236,-0.4676955750280977,-0.16741578409743293,0.44167067076965344
MIL,2022,0,-1.392075980451544,1.4196247101152113,0.15320026709620435,-1.990181462573174,-0.14668537082629793,0.22719329270246177,-1.1445001584494694,1.7487168702991114,-1.4717295995229431,-1.1714101929407725,0.5800676490998772,0.07735949672917095,1.8565901754710408,0.01758045562338845,0.3293914296003532,-0.07695657065604634,-0.3868273856041631,0.02014054327270665
MIL,2023,0,-1.6761166794101898,2.452545578329059,0.3065706180454325,-2.312460180645588,1.9558655691694302,-0.04711285056145217,0.3704017706388217,3.2304418812122493,-0.7249883431927509,0.140866646163836,1.3713010810299548,-0.1996936744001648,2.6096919635914664,0.6431236419630706,-1.030039701281813,-1.203817169514038,-0.782779897313059,0.8808968863568574
MIL,2024,0,-0.9745114276775373,2.2660049897413104,-0.866570186575233,-2.190692305782288,-0.1851250982668163,-0.5106715781748659,1.2679972533707042,-0.14027684328187875,-1.1195333922190183,0.28727345318410197,2.7580419808253085,-0.512018646269326,1.5238408910111967,-0.2041890559196355,0.9649554597322672,0.07224862373156184,1.0737617698850352,0.5754366268759771
MIN,2020,0,-1.4330605391923839,0.8957264642434325,1.6167200708421718,2.6624056918428556,0.047965413452893346,-0.1520633458259074,-0.5858357827487877,0.45650492882812255,-0.3972777529727512,1.0782770379163775,-2.6122615266800735,-0.6349926484827499,-2.5853957329846775,0.24248852215301153,2.4726238120125936,-1.376906469707974,0.6269113565475697,0.8502468381204031
MIN,2021,0,-0.8426954535993797,0.4694986709391615,1.3115500860277247,1.7724487091535395,-0.856330742246877,0.6400224387826373,-0.1166571505933369,-0.31745897347385843,0.28225188501990456,0.727232529903929,-1.9225901880918894,0.05135305892346647,-2.776098514704017,0.32978470315960506,0.17975431881517867,-0.7328048147873184,1.7254526323053432,0.18573954732661604
MIN,2022,0,-2.2720387451537083,2.086010827582903,0.9363491616085156,2.98852235714403,-1.3328074169070645,0.31419750400830604,0.2738394242706325,0.028251584122035087,1.502309406271662,1.14625362137409,-0.304639984822346,-0.1288113377317394,1.1296378287311437,-0.045661885768060025,0.8908145091245716,-0.3543234235804773,-0.27381020071465056,0.2955161620114726
MIN,2023,0,0.952912816987072,0.6667659416699356,-1.1708297762823805,2.7563330539120248,0.7336244633521682,0.1715609108996253,0.6794195021532494,-2.1136860569979463,0.12713798333858597,1.2033448848040538,2.2706436898119815,-0.8065771036277976,0.24168807472490192,-0.5340460346025131,0.9071922415278543,-0.9104538736950187,0.6517446273545172,0.4984551562771876
MIN,2024,0,-0.3590927185780741,-0.734407208968791,-1.518077088209486,0.2855776467583402,0.21812319956362886,1.2203205390398062,0.008240772894106834,-0.17224452793064993,-0.4732322183823757,1.6188351197384179,2.1438265389187645,0.9535862541224426,2.944213633513523,0.522863916797556,0.6971602502536955,0.013092121040130949,-2.4606618683818438,-0.12161318916066163
NOP,2020,0,0.06201176582467317,1.8542172741896372,0.8558785887722834,2.063001599837438,2.1933544903212017,0.3523100062897969,0.8705204113898475,1.88155401657449,-0.2000928327286785,0.06441473977269827,0.005174942692222617,0.7249368046353436,-1.470202495396606,2.1118011586358327,0.2589668912387193,-2.2730539107381222,0.186859172951288,1.1406637147264802
NOP,2021,0,2.760175154603405,0.007610919313011969,-0.36865533193194944,-0.8303783759835791,0.8002331197141169,0.9963907055233642,-0.20538945488040963,3.1846812639960276,-0.14476722073681367,-1.252767525499176,0.14031551146414953,-0.9512084712616219,-0.7044995658853992,0.12931875547286126,2.6092387610631884,-2.110225814906653,0.8898934909528685,-0.07095885154018312
NOP,2022,0,1.0182063864191009,-1.6429154224309332,0.2297514609928307,0.6677159849073029,-0.43704259163527115,0.6049506547068663,-0.5543026415546048,1.591170077555639,1.4240239504758212,-1.710917255227111,-1.925471448154204,-1.1808603256761012,-0.8496187898699743,0.29230242667695466,1.192860387348022,0.24821759565293314,-0.01375545197654084,-0.8098586553479602
NOP,2023,0,2.1178397457949103,-0.4061328353384003,-0.8499867958665291,1.7939606210240104,-0.16703092041384482,0.6295815113552145,0.08698463795710917,0.07038354859088691,0.5632186127879805,-1.2782562338952668,0.7741285100694498,-0.07036528592412547,0.6574154211406832,-0.7184711993872498,2.2479970422580013,0.5268972350793225,0.055243266629851094,-0.20688222802075484
NOP,2024,0,0.7999207256446265,0.39259463142249423,-0.9920611356961422,-0.6915782601734292,-1.3390791461939309,1.5462293790682429,-0.02422414411991833,0.14350207111366545,0.3849570646581721,-0.455086843507246,2.0884190685010195,0.6837074358351373,1.689196491910476,0.6011632255882507,-0.1907699323156969,0.14147081998596814,-0.19498186741753679,-0.491339464501345
NYK,2020,0,2.71569089734279,-2.587193919529314,1.0541821467365846,1.8114877490935024,-0.06131675544737099,-2.128394603438014,-0.194347576882212,2.2891609813784717,0.7199184071880484,-0.6328448342160924,-3.2798213772835108,-0.0816855658833702,-2.4544552461358946,-1.5258134858772379,-0.6975288865988677,-3.199588728582101,0.047952818709047045,-0.18606416231415832
NYK,2021,0,0.25686351856954204,-2.506414808627576,0.0324040186929425,-0.7389839383550789,-0.5041902572209858,-2.2140106772189228,-0.7731601916604992,0.7620191601421933,-1.5627206488213614,0.1828770480444126,-1.0444000237581113,2.927796562494586,1.1605150932884176,-0.3263434533796614,-1.6764356633224413,0.6494009871550616,-3.081213073283337,-0.2007644046583294
NYK,2022,0,-3.0952243473227634,-2.297627629579236,0.5328763788695812,-0.5826908025161278,-0.22876864254246163,-1.984385377029357,-0.5982823606005967,2.025947624446548,0.1877650780539868,-0.42297633021888265,-2.7781260395858256,1.116196515607846,-0.5466533232389611,0.2294045071730568,1.193989103418427,-1.3235614310031423,-1.9473136798376158,-0.3984694745373257
NYK,2023,0,0.17770578836457282,0.997243700164388,-0.06218799356401346,-1.0516828843442192,-0.5005899387428806,-2.4020967019837935,0.45697843207188404,2.481232920373933,2.0240992824805724,-1.34314220054447,0.2509601522945314,-0.6459972279649568,1.1821430695303667,0.5120231698966662,2.5195990644172066,-0.7561310914037263,0.31485246141525525,0.09561457317683995
NYK,2024,0,-0.6590018895579878,0.2775686497141182,0.14444943809250968,-1.747996972300495,-0.5008428287917224,0.5024718211089517,-0.9765226987698798,1.6426551153686058,3.093500069188295,-1.36208015358532,0.07803438322674121,0.5958553030592454,2.0379807196347417,-0.25794556067407576,-0.6969443192781051,0.17542514775675103,-0.3788753194596305,-1.073193448076597
OKC,2020,0,0.8664180063059717,-2.1388529407541967,-0.9121297654110632,-0.6608176898707501,-0.07642016816367779,-0.5674642452738945,-2.003382747230616,-1.5194682993492932,-2.077756394432993,0.3886753996976895,-0.5348728922135643,-0.11544687131100399,1.0785527969859825,1.434337100539886,3.7518571867139694,0.0872946901653396,-2.1225598335448996,0.13476850713615116
OKC,2021,0,-1.0958739476838828,-2.2313085051831862,1.0644796834616774,-0.7289070944175701,3.1789223997028966,-0.02931345931478554,-2.1305757111682744,0.6896849772080785,-1.5574383459751524,-0.5082694527436499,-2.959907659240083,-0.17144501217369515,-3.980627630915643,0.7467538558152115,-2.1722673802326504,-1.7649099993285906,0.916143326661098,0.17511139030874528
OKC,2022,0,-1.7762231749712822,-2.1544144280167683,1.815852198144789,-1.3609475500221508,0.46902359459498544,-0.1996336708561356,-1.8981603377943925,0.4863484326030482,-0.5631967158417114,0.02666733660674869,-4.158673519863445,-0.8486315463162365,-3.5565499318551286,-0.20827817489734987,-3.1855426066327523,-0.5124334953593898,-0.3509676814691722,0.041552915537891366
OKC,2023,0,2.0771382866723265,1.8826828272695741,0.871475864702016,1.6097819730107474,-2.573000397886037,-0.44691595367403136,-0.051768014450514835,-0.8134907089970435,2.346515534054559,-0.3178262296077623,-0.5569191536744617,-0.0590050886154695,0.18138216988628098,-0.3651079514922362,1.6449045493831682,0.9586936187404785,1.0656878953341107,0.3218602056255144
OKC,2024,0,1.3080335615524086,2.5101620609126467,-1.0585686690296443,0.03501653459740787,-2.240709789070584,1.398918665410522,0.2498550104396214,-2.086861421717114,-0.060863967878268074,2.9174278892512664,3.5736835655529466,0.38285267522751876,3.2194905496782438,0.6556668835661251,-0.3210206091533203,1.8730965537186746,-0.4651541324542333,0.36160632113591845
ORL,2020,0,0.5039071526283452,-2.063808490009331,0.9091801175878715,-0.9938829990105053,-1.6412885136724054,0.6742985719701761,-1.4599898839781156,0.6499230765029683,-0.9029561410104607,0.27721579531107887,-3.004169520448482,0.18486729186613426,-0.6524091104671924,0.12469988493817688,0.0896915208868477,-0.09765238767007058,-1.3862861837825107,-0.5843679737984174
ORL,2021,0,0.358233703349835,-2.913738348867812,1.7040984741333443,-2.9147676548902304,-0.4009191983632093,-0.8110860119426265,-1.680773557461154,0.7718621184125258,-1.1232875422980741,-0.6788227714806437,-4.590365510843227,0.9974740894393987,-3.6927231788963626,0.05593426931164409,-1.2945624181613982,0.056584872703721145,0.687422808595836,-0.2889947767942182
ORL,2022,0,-1.882577935818541,-2.2437838839554747,1.4233082287717618,-0.3358888864337797,1.2567172917482068,-0.9438928395661624,-0.24382213460990404,-0.5071130060584593,-1.8687358784716106,-0.19922632393418496,-3.6332136933493855,-0.46880699830353856,-3.857549208775645,0.14698738564818256,-2.622099518772914,0.5037648134579075,-0.3874950652526702,0.170179718959891
ORL,2023,0,1.0027205092178322,-1.552999923784212,-0.776854597306824,1.4098475497261205,0.9731666216967902,-0.5919595334743111,-0.7648439485478454,-0.23600591012444058,0.1292517727991767,-0.5232658251968122,-0.41402246393606246,-0.8593411322415231,-1.3805970509500798,0.23188588310755767,2.718490653345256,0.23970079866089009,0.838644291236222,-0.2605880845083258
ORL,2024,0,0.4865494809217932,-1.8535986170239354,-1.2767052453614318,1.6611399682194223,0.14233036728937404,0.7114564625635261,-0.8159344887955197,-0.36305625467078856,0.9556998991070108,-0.19739875464020637,0.44731767807691625,-0.8614503079976721,1.455965323349993,-1.479788336610362,1.977445660606471,-0.8398236259450869,-0.7439294110306641,-0.9520995981128865
PHI,2020,0,1.0077539178203858,-0.9714891337942316,-0.1050443880451638,1.264584893438115,-0.11775141687349101,-0.07460548710592317,0.5976902695243582,1.721121052254197,-1.0216173086071003,-0.09943504744871531,-0.18779309484728943,0.6907717747242815,1.309768489068856,-0.11062146295573662,-0.06196627058230644,-1.0915782498902147,-1.902988200261487,-0.07082744236000278
PHI,2021,0,1.514717636465099,-0.8161882624393169,-0.9006543627246081,1.9056858527926546,-0.7778845082271437,0.7421978917280425,-1.472097049672036,1.0196718395089726,-0.8329738643527299,1.5512491733808493,0.6121137854005468,0.7450125333748382,2.8052864576873637,-0.34449073169970185,2.9522090039608324,-0.5305228974455133,-2.2799370393878893,0.005257468642332036
PHI,2022,0,-0.5176905176739308,-2.264843750050879,-1.0752531982498466,-0.9779577582096125,-1.3112188466238495,-0.625774555157204,-0.47199321943224826,-1.6571714181277013,-1.4460291962535268,0.74806302592154,-0.2917170795258449,0.42580437793812176,1.6460663534250681,0.3105550778799784,2.1919488529377036,1.9401447415335082,-1.6837832947583609,-0.3936181253587405
PHI,2023,0,-0.7551617402666453,-0.8069936251608836,-2.1228688398724764,1.0563261932844208,-0.48575495385601153,-0.2873458065317835,0.3501501028197426,-2.2119271645260574,-0.5889712843179907,-0.3679318372820682,2.4463995181188434,0.8072931768477536,2.227904789079241,0.7940089115682666,3.703912197523542,2.5518345170652337,-0.09208219882661105,-0.46839287748474834
PHI,2024,0,0.8626144980790121,0.25333971435768377,0.1425356675925667,0.28978420235299407,-3.1142721359419276,-0.3492408272509411,0.26689310593634596,-0.6970926300774922,2.02007631108309,1.6546811142904747,-0.49169250056938735,0.4442639624376615,1.6387447945157048,-1.4093348979120934,1.3637990782708063,2.2038732475988123,-0.06011851187554393,-0.2138765480414625
PHO,2020,0,1.2011931278702233,-0.5024283415453401,-0.3141524700099661,2.466227831426576,0.1132208617953374,0.21916262875757134,1.189118842284244,-0.22721398048247396,-0.9609055547357838,-1.4800380930581185,-0.39598589856978145,0.04164022987406164,-0.4952442730834084,1.0396982029028194,3.3737305619490785,1.4471075881809072,-0.17024285247521306,0.16842357334088706
PHO,2021,0,0.5080788505139933,1.2062637392335906,-0.7750280062014855,-1.245589776586663,-1.2005216902010034,0.259476625457388,0.8794907143959103,-0.920918415682564,-1.7582163186121855,-0.8899752438016852,2.617723487178253,-0.0003584575925121926,2.968884627078295,0.2468774087741285,-2.81343586923419,2.2609518301860008,-0.9176241411699106,-0.3835842748994579
PHO,2022,0,2.5594267188692355,1.0038324597864483,-0.16800900502489619,0.1677483955640845,-1.819303706883546,1.2276366069218405,0.5188830574383521,0.5194492393761703,-1.0637272688226862,-0.41317688816836196,1.353615507821228,-0.37542405666242906,4.39437787553113,-0.7478038464785774,-2.1384078685771173,0.6968850211096412,-2.8488974899023787,0.2974717144562962
PHO,2023,0,1.3773096009779189,0.39832188356789805,0.38588745137157043,1.1360252433839573,-0.818796816017065,-0.6328828672057519,2.055193166295841,0.6585029252386437,2.152575200041329,0.34377104299396644,-0.1258395026379916,1.1162440815221373,0.8334703247595457,0.25354124360040403,-0.346466686283132,0.40005489708642084,-0.3779855141153198,0.034599819106064494
PHO,2024,0,0.5702287145643915,0.315045021184219,-1.6424798945349108,-1.0923058632508191,1.808155918950072,1.3260594094166056,0.12623079906352858,0.170115907466743,0.675987453324656,1.6272257809676094,2.808400055978626,0.22961396634668024,1.4606301884719426,0.45425884612063366,1.5291125674112034,1.2548033601036588,0.2914296940848059,0.12279142875667784
POR,2020,0,0.9194075240008212,1.1018467789078064,0.7707243924686977,-0.8104412273553645,-0.6744852415012089,-3.7286684161308608,-0.07282523703862082,0.43134820121913126,-0.21644779104676964,2.078015335653439,-0.3803572292897407,1.465843840216833,-0.8266463679579817,1.6180057520974482,0.13942119052144517,0.7460877645188323,0.5166960669259102,0.9126598116513119
POR,2021,0,-2.720590374214661,2.127313080864495,1.0969307182491863,-2.601218786941114,-2.6619408471565613,-2.633136682132826,-0.3485869154251699,0.4040125237686023,-0.10718649880456857,0.026850463763549156,-0.4145870890135313,2.117920692553296,1.0454374897465957,0.2988091143465405,-0.2718889049274859,1.7194562544275644,1.0719033330239878,-0.11508355542973958
POR,2022,0,-2.276629690708052,-1.9902229597557821,0.7120386016575534,1.8648693904830127,0.0802040654753304,-1.0824574883570146,-0.45043914965108944,-0.762137552279461,0.3996781017719643,-0.6370722583134045,-2.4695811416963585,0.08171343816214871,-3.457125446544663,0.27837723931527125,-1.02289213958586,-0.6467457592202209,1.826026818965531,-0.5099508117351655
POR,2023,0,-1.4233273505809994,-0.581491680203865,-1.1579619669392234,0.44350302643560696,1.064543969491803,-1.154854429911483,0.37188648052013934,-2.7441702981937004,0.8598620144044623,-0.19569670145131923,0.9848985481647851,-0.1878847279498517,-1.6752641449662222,-0.24052224508683423,2.719926425737709,0.7097725225660357,2.649691212762635,-0.29826135182973174
POR,2024,0,0.27213343478054824,-1.804824577365774,1.4831142009798854,1.5699936788069546,0.9751256490437548,-0.6930318101721612,-0.6716222090076436,-0.5544846378792849,3.9669777066689544,-0.8446823655718978,-3.3951072759260974,0.5441980452742885,-4.457114528151089,1.3916146350566112,-2.1070189254707468,0.7983985561336042,1.9439492553578313,-0.4359820975181925
SAC,2020,0,-0.4330544736138962,-0.4992537400892438,0.31367318082668466,2.5682107816309343,-0.09529295236795578,-1.0968949617134753,0.0349220411932724,-0.9086114672064934,-0.6672175499573815,-1.3505753327528074,-0.42698617790847015,0.46571077228623164,-1.2895543633368745,1.2192253315139379,-1.9057338113370843,-0.4021848945462188,-0.05696531851961111,-0.2724048546433704
SAC,2021,0,1.11559917937808,0.423469510930833,-0.398123638772756,-0.5370779759041988,-0.4926956122952984,-0.08743578851169567,0.329971561177176,-2.3219562152938087,0.2817750863327995,0.4525384459827243,1.2183464094386027,-0.3355176623143192,-1.42616190322907,0.4197554572190691,-1.2974416957005603,-1.0209174439021174,2.1316384072944397,0.0018458986088782875
SAC,2022,0,0.4865225434068128,-1.0953299735192037,0.16351265994623504,-1.120666670712017,0.6314225607379524,-0.20228169914342659,-0.9305765598388207,-1.2594374098995396,-0.37863992307762107,-0.24535654109672425,-1.2220772659838317,-0.6349744828186962,-2.3908193992678393,0.08795278783741449,0.8043604930346422,-0.4920320796647036,1.3332146148866946,0.004529627896072941
SAC,2023,0,-0.40601058823430297,2.487965428056605,-1.2965530711711972,-0.3606546260031229,-0.3694138193391946,0.20464105847549177,1.2140846818985804,-1.2257118421442688,-0.27716787012291394,-2.0211396269778437,3.286200665132977,-1.0981808426829116,1.539755425139899,-0.7816000173212078,2.9284150142117538,0.3128190134943034,2.3734229390106125,-0.08446801966357358
SAC,2024,0,-0.8072032727712957,2.546778533229798,0.36136212727456,-0.05480011905540751,-1.20585591774637,0.5145598556371793,1.75915031230202,0.45334399939915854,0.30904575750154073,-1.3462463478353761,1.5761565590513222,-0.44647831457964826,0.4940853286085847,2.007316934137848,-2.4965022674984594,-1.0439289301718508,1.3200693956315144,-0.3429905617950206
SAS,2020,0,3.1698997795300285,-0.31980982743957936,-0.11235484953367766,-1.4439484080297567,-1.2041143299691748,-0.7144637286221823,0.2589547511946643,0.26338611852551636,-2.4635359133953716,0.6905259933922706,-0.11555386216451813,1.2694953080155262,-0.9407869601760375,1.3034614466811938,1.519530301128323,1.142302242278988,0.5843631082282252,0.3151847131822864
SAS,2021,0,3.6578184178999864,-0.8533088892563759,0.6499065775030841,-3.208233221252664,-2.2236246314370196,-0.5318462087464825,-0.21676162500687737,-0.5870882556743953,-1.5419268832518915,0.4615955915447375,-1.6046812114353994,0.06453254574016797,-0.7717721144125007,0.3050317009661871,-0.6548219278726449,0.7249395512377,0.0805841853086233,-0.08158700855805402
SAS,2022,0,3.070318133789615,0.9585692430769353,1.1921244504117265,-2.0784509814824568,-1.277539252004964,1.311094539740313,0.6722264216474004,0.5107504429170072,0.7107453549359968,0.4074725126083989,-0.7837096618832985,-0.21127261658821916,-0.6882775141460846,-0.5342764375401066,-2.571163789750579,-0.9263081547099937,-0.3128230982055742,0.3326320963481958
SAS,2023,0,3.033252173799978,0.8524167197302344,1.1881820836687869,0.26568311781681964,1.4875536112269292,0.37032624642268935,1.0553075883824654,-0.221245708498128,2.327575162337586,-1.2221872334567452,-1.0497178321097735,-0.6070607314985583,-4.156124552953292,-0.28256602831081523,-2.2595814167431456,-1.1751224998758325,4.14663229056644,0.24202237297047044
SAS,2024,0,0.18722681300770475,0.68194237439969,0.8817295682691383,-1.5152124714773199,1.8894386230870464,2.5225225361105745,1.0317094083531,0.16957156045148333,0.11727683611891652,1.9279718306184803,-0.6580904079013976,-0.7279979823509148,-3.8382144557977464,1.3591114484234796,-2.750644304002863,0.3942585459227217,2.07720147284451,0.3442515846649104
TOR,2020,0,-1.9265760090279123,-0.03702738267886283,0.12454441726152579,2.8919727714219734,-0.4948007965275523,0.8922574775900495,-0.7430641499961842,0.3855949038206724,-1.4382692487213051,0.5421300550677359,-0.42365404828101383,1.2335478606672199,3.361313414232291,-0.021641837913678314,1.3024643752772096,0.5486407619996415,-3.682939749064163,0.549557269551721
TOR,2021,0,-2.949063339135866,0.06650361145320557,0.7773202121223686,2.4706758807946363,-2.297967196899762,-0.4328208770544869,-0.14289375532741277,-1.9871887648094488,-0.20084256473914788,0.7287426728909088,-1.2911954777201646,1.1992602991907189,-1.085604524464821,-0.5609652029649445,-0.3419131583733675,1.3501459853475741,-0.056865001230202154,-0.3614828243732903
TOR,2022,0,0.6978673252907012,-0.4758638173786565,1.6419696519024578,0.7524716342711201,-3.168448018991042,-0.013059742066527174,-1.9511053569300292,1.5903409735623366,3.4701382153395164,-0.6499260102893152,-2.669381066661125,0.46279851258834903,1.162664529238149,0.5853599005406503,-1.616210332046916,-0.7083001485552843,-1.3672670815078078,-0.8555277735060679
TOR,2023,0,2.4920710826213686,0.06346013611841818,0.9157133474341536,1.5852295457115664,-4.758299005864901,0.3264047529990723,-0.8867996056984281,0.3660609151514592,3.338524685049265,-0.2596636800462895,-1.848017716275562,-0.9674232900843305,0.19265911085479456,0.452732122700517,0.7300232570776582,0.2434347731942552,0.9832621172894528,-1.3484207469994474
TOR,2024,0,1.5918750849782903,0.16466101494242524,0.2237499513845674,-1.1757747470739197,0.2672479389072305,1.9511303179165815,0.515078982959931,-1.2172754318412464,1.9388827586402726,0.09428521565025565,-0.1717318160578813,-0.9191088754748584,-2.984054927360292,-0.7872184201665707,-1.7360785640447798,-0.4976113917009729,2.9551618810000004,-0.14635680928902609
UTA,2020,0,-1.9347924063610022,-1.0023389844373576,-0.9662379436402897,-0.5317380036601229,2.658985830524987,-1.7929085015116548,-0.5768501872419479,0.44003918947915527,-2.1007074293067216,-1.0885646837242176,0.9325426378144638,1.0089962316403591,1.377480560263005,0.5215014923265443,0.9860523774050824,-0.16939796572372443,-1.8606060451436104,0.16888400961568703
UTA,2021,0,-4.531342775500024,2.104480569883576,-0.13065439766086842,-2.589939556271466,1.7781082804852124,-0.5536321351118797,-0.7360908297923993,3.254906851955203,-1.4718992144817833,0.26110663542812607,1.6944314630722446,1.2837739538162565,3.825014356900398,-0.039105697458378184,-0.615042757953351,0.9112454134306681,-2.785010718802374,0.3575342358096155
UTA,2022,0,-3.414813465359035,0.4372901613450958,-0.7065356775333376,-1.7969376018090875,1.1170746413685029,-0.690641985523163,-1.4374013213927832,2.051223184427534,-0.23748218297894008,-0.1999937120687945,1.3470736203848381,-0.8809135804509672,2.295439246935124,-0.6858278407456396,0.975326661860247,-0.48003996538516397,-1.8071783450125487,-0.2052187290966556
UTA,2023,0,-0.4240543494355902,1.7637474773867914,-0.04257579570135804,-0.19277428038961822,2.4743993196325755,-1.0565894959526374,1.382499629788215,1.507488861451645,1.8291682695915312,0.5724087369423727,0.8059339237674942,-1.0614323119062532,-0.5538929363939283,-0.4432896049773363,1.531706932646558,0.13809769518472534,1.5392957922516302,0.770207137535933
UTA,2024,0,-0.07378146466169533,1.1733420305461089,0.2132508398689889,-1.0933035014076928,2.902342614696675,0.6318567681550674,0.7664232320792435,1.5524975533390037,2.615611418316004,0.9083601267739593,0.020440517551111093,-0.539764300623115,-2.5208516847415563,1.6826249119975667,0.8380226556463299,2.0754835733440027,3.529309423200362,0.0798063759818834
WAS,2020,0,1.4341895136405711,0.3706345474647795,0.7962326586965065,2.807221504421529,-1.0970952514498729,-0.8624141304440189,0.6826209023810292,-1.7578638827631003,0.7684792008923503,-0.5877895368649735,-1.304451863516207,1.2595811574670932,-1.738173788587435,-2.3923716455865645,2.7811415328880673,-0.23300864426019988,2.0880869860810103,0.357563470969976
WAS,2021,0,4.084335198819368,0.6261883130852577,0.024586695104339803,1.1839656473557867,0.018459715244791453,-0.8914888973524174,0.9894663583003293,0.3498618887862829,-1.4812045674899121,-0.8506944692114298,-0.2815060960050565,-0.4952220296403474,-0.5565724849648666,-0.17788823761791173,3.603242556735262,-0.8110360904045191,0.8439377616362812,1.0911881268021508
WAS,2022,0,1.1931584834786624,-2.0780071748834206,-0.6978779883404835,-1.8850000390357347,0.37897740753977527,-1.1866126642395052,0.8951911528763958,-1.031857532177226,-1.1846827924657428,0.3249290835843193,-0.3594801583278545,-1.1904813064366762,-1.4054285688197812,0.16982504767359485,-0.26991706696044115,0.12049975844703723,-0.15044032357038964,0.17165826059029604
WAS,2023,0,1.3968000565518381,-0.42401535374347443,-1.0388234855853875,-1.268109138332483,1.1121683644406644,-0.37216670608172486,0.47834286445211865,-0.5616767674348851,-0.435274778078063,0.6669464604229531,1.3571691382770372,-0.9965500019036815,-1.003120187092254,0.25117840540772357,0.10837976984466721,0.3668282088260671,0.7924818659160348,0.15723808333832917
WAS,2024,0,1.1537840459482849,1.3166751745585443,0.74004959248514,-0.06341365608337488,-0.05448626727521408,0.6272798595815623,1.346101076497946,-3.2368693783203373,0.5774987242718931,1.1667848231033981,0.026121474533124016,-0.9851898045950251,-4.646815256148255,-1.1907295356358243,-2.8588199208446907,-0.29713775226598005,3.547767224540749,0.7920845321870159
