fg,fga,fg_pct,fg3,fg3a,fg3_pct,ft,fta,ft_pct,orb,drb,trb,ast,stl,blk,tov,pf,pts,ts_pct,efg_pct,fg3a_per_fga_pct,fta_per_fga_pct,orb_pct,drb_pct,trb_pct,ast_pct,stl_pct,blk_pct,tov_pct,off_rtg,def_rtg,game_id,Location,Win,opp_fg,opp_fga,opp_fg_pct,opp_fg3,opp_fg3a,opp_fg3_pct,opp_ft,opp_fta,opp_ft_pct,opp_orb,opp_drb,opp_trb,opp_ast,opp_stl,opp_blk,opp_tov,opp_pf,opp_pts,opp_ts_pct,opp_efg_pct,opp_fg3a_per_fga_pct,opp_fta_per_fga_pct,opp_orb_pct,opp_drb_pct,opp_trb_pct,opp_ast_pct,opp_stl_pct,opp_blk_pct,opp_tov_pct,opp_off_rtg,opp_def_rtg
37,77,0.481,12,39,0.308,22,26,0.846,7,39,46,18,6,11,13,22,108,0.611,0.558,0.506,0.338,18.9,69.6,49.5,48.6,6.3,19.6,12.8,113.2,109.0,6baf31d5-c4f8-4ae2-9124-9dc73c40aea7,Away,1,36,97,0.371,18,41,0.439,14,26,0.538,17,30,47,24,9,0,11,22,104,0.48,0.464,0.423,0.268,30.4,81.1,50.5,66.7,9.4,0.0,9.2,109.0,113.2
45,95,0.474,16,39,0.41,13,19,0.684,16,39,55,20,7,6,15,19,119,0.576,0.558,0.411,0.2,32.0,78.0,55.0,44.4,7.0,10.7,12.7,119.8,111.7,7e017f4a-581e-4603-9695-ea0c212007eb,Home,1,38,89,0.427,16,33,0.485,19,23,0.826,11,34,45,24,8,6,12,16,111,0.56,0.517,0.371,0.258,22.0,68.0,45.0,63.2,8.1,10.7,10.8,111.7,119.8
51,102,0.5,19,53,0.358,5,7,0.714,15,36,51,31,11,6,18,21,126,0.6,0.593,0.52,0.069,34.1,76.6,56.0,60.8,10.8,11.8,14.6,123.2,104.6,c9f2b08c-a6ca-4c3f-ad74-4b0f62d62884,Away,1,39,87,0.448,11,36,0.306,18,26,0.692,11,29,40,26,12,4,15,13,107,0.543,0.511,0.414,0.299,23.4,65.9,44.0,66.7,11.7,8.2,13.2,104.6,123.2
54,95,0.568,20,35,0.571,27,28,0.964,11,46,57,27,5,2,13,19,155,0.722,0.674,0.368,0.295,32.4,85.2,64.8,50.0,4.7,3.1,10.8,146.9,98.5,d58eaeb2-6148-471a-82f4-7226b2e71551,Home,1,46,101,0.455,5,37,0.135,7,12,0.583,8,23,31,26,6,6,9,20,104,0.489,0.48,0.366,0.119,14.8,67.6,35.2,56.5,5.7,10.0,7.8,98.5,146.9
43,90,0.478,15,45,0.333,23,27,0.852,10,40,50,22,4,6,11,17,124,0.609,0.561,0.5,0.3,23.8,80.0,54.3,51.2,4.0,12.5,9.7,123.7,113.8,f04a73e6-486f-4873-bdd7-368487d93884,Away,1,43,100,0.43,17,52,0.327,11,17,0.647,10,32,42,22,4,5,6,21,114,0.53,0.515,0.52,0.17,20.0,76.2,45.7,51.2,4.0,11.1,5.3,113.8,123.7
36,92,0.391,11,39,0.282,26,34,0.765,11,34,45,20,13,2,18,26,109,0.51,0.451,0.424,0.37,22.0,85.0,50.0,55.6,11.7,4.2,14.4,97.8,102.3,3da7b8be-99b2-4b6e-8aa0-d340e1d937c6,Away,0,44,85,0.518,13,37,0.351,13,25,0.52,6,39,45,26,7,5,24,26,114,0.594,0.594,0.435,0.294,15.0,78.0,50.0,59.1,6.3,9.4,20.0,102.3,97.8
36,91,0.396,15,47,0.319,16,19,0.842,9,34,43,28,8,6,13,13,103,0.518,0.478,0.516,0.209,17.0,73.9,43.4,77.8,7.9,9.8,11.6,102.1,105.0,9e7649be-207d-4440-917a-6b33febaedeb,Away,0,42,95,0.442,9,34,0.265,13,15,0.867,12,44,56,20,7,7,14,16,106,0.522,0.489,0.358,0.158,26.1,83.0,56.6,47.6,6.9,15.9,12.1,105.0,102.1
41,94,0.436,19,52,0.365,20,28,0.714,17,35,52,29,5,3,8,13,121,0.569,0.537,0.553,0.298,31.5,79.5,53.1,70.7,5.3,6.3,7.0,127.9,113.1,a77ad56f-a6fd-43ed-86e1-e98f98847d27,Home,1,38,85,0.447,15,37,0.405,16,18,0.889,9,37,46,26,0,3,12,25,107,0.576,0.535,0.435,0.212,20.5,68.5,46.9,68.4,0.0,7.1,11.4,113.1,127.9
47,86,0.547,15,44,0.341,8,13,0.615,5,41,46,30,1,4,13,14,117,0.638,0.634,0.512,0.151,14.3,85.4,55.4,63.8,1.0,7.4,12.4,119.4,96.0,4b8bccef-c1fe-43e2-be02-6443e4be2e77,Home,1,35,91,0.385,10,37,0.27,14,16,0.875,7,30,37,25,8,1,9,14,94,0.479,0.44,0.407,0.176,14.6,85.7,44.6,71.4,8.2,2.4,8.4,96.0,119.4
40,79,0.506,19,43,0.442,15,16,0.938,8,29,37,27,3,3,11,22,114,0.662,0.627,0.544,0.203,24.2,70.7,50.0,67.5,3.5,6.8,11.3,132.2,113.6,c3a63a68-d5a4-48e0-940b-a677c820000d,Home,1,33,79,0.418,15,35,0.429,17,24,0.708,12,25,37,17,5,2,12,16,98,0.547,0.513,0.443,0.304,29.3,75.8,50.0,51.5,5.8,5.6,11.8,113.6,132.2
42,88,0.477,18,50,0.36,15,19,0.789,12,33,45,23,7,8,10,15,117,0.607,0.58,0.568,0.216,27.9,76.7,52.3,54.8,7.6,14.5,9.4,127.7,116.8,5c054f0d-b914-46e5-883b-cf4ec9275b89,Away,1,39,85,0.459,11,30,0.367,18,22,0.818,10,31,41,18,5,1,9,14,107,0.565,0.524,0.353,0.259,23.3,72.1,47.7,46.2,5.5,2.6,8.7,116.8,127.7
42,92,0.457,16,46,0.348,8,9,0.889,8,36,44,29,5,4,11,13,108,0.563,0.543,0.5,0.098,18.2,87.8,51.8,69.0,5.1,7.4,10.3,109.9,106.8,37a706ee-4964-46f0-8d39-f0a7a4679566,Away,1,42,87,0.483,12,33,0.364,9,14,0.643,5,36,41,29,4,1,13,11,105,0.564,0.552,0.379,0.161,12.2,81.8,48.2,69.0,4.1,2.2,12.2,106.8,109.9
35,77,0.455,12,31,0.387,20,25,0.8,9,36,45,20,6,10,17,19,102,0.58,0.532,0.403,0.325,24.3,72.0,51.7,57.1,6.5,19.6,16.2,109.9,107.7,bb20929e-0860-4115-b8c2-45ffc967c874,Away,1,37,95,0.389,17,44,0.386,9,10,0.9,14,28,42,28,7,5,11,21,100,0.503,0.479,0.463,0.105,28.0,75.7,48.3,75.7,7.5,10.9,10.0,107.7,109.9
42,97,0.433,16,50,0.32,18,28,0.643,11,37,48,19,6,8,15,15,118,0.54,0.515,0.515,0.289,21.6,68.5,45.7,45.2,5.6,12.3,12.1,109.9,112.7,4c80f911-0369-455a-a9f4-ac33e817d43a,Away,0,46,104,0.442,13,39,0.333,16,17,0.941,17,40,57,29,9,7,13,18,121,0.543,0.505,0.375,0.163,31.5,78.4,54.3,63.0,8.4,14.9,10.4,112.7,109.9
44,84,0.524,17,42,0.405,14,17,0.824,4,39,43,27,3,5,15,15,119,0.65,0.625,0.5,0.202,10.5,75.0,47.8,61.4,3.0,7.5,14.1,117.2,114.2,cffe3ad7-e4e2-49f1-a4b6-ace00afad56f,Home,1,45,101,0.446,13,34,0.382,13,17,0.765,13,34,47,23,9,2,9,19,116,0.535,0.51,0.337,0.168,25.0,89.5,52.2,51.1,8.9,4.8,7.7,114.2,117.2
31,76,0.408,7,29,0.241,27,37,0.73,4,27,31,17,10,4,15,18,96,0.52,0.454,0.382,0.487,10.3,67.5,39.2,54.8,10.1,7.0,14.0,96.9,114.1,f636faae-5c0d-4ea5-8390-7879f5e42279,Away,0,43,85,0.506,11,28,0.393,16,22,0.727,13,35,48,23,5,3,18,28,113,0.597,0.571,0.329,0.259,32.5,89.7,60.8,53.5,5.0,6.4,16.0,114.1,96.9
42,95,0.442,13,47,0.277,16,20,0.8,18,40,58,24,9,3,13,19,113,0.544,0.511,0.495,0.211,36.0,78.4,57.4,57.1,9.2,8.6,11.1,115.8,105.5,45f8bcf7-4b99-41a9-98ac-2b37aeaca262,Home,1,36,88,0.409,19,53,0.358,12,19,0.632,11,32,43,15,5,4,16,17,103,0.534,0.517,0.602,0.216,21.6,64.0,42.6,41.7,5.1,8.3,14.2,105.5,115.8
47,90,0.522,21,49,0.429,9,12,0.75,11,41,52,36,6,9,16,18,124,0.651,0.639,0.544,0.133,28.2,82.0,58.4,76.6,6.2,14.5,14.4,128.4,100.4,a60ebbd3-58f4-4010-8a75-d9b23e230496,Home,1,39,90,0.433,9,28,0.321,10,18,0.556,9,28,37,25,11,7,8,13,97,0.495,0.483,0.311,0.2,18.0,71.8,41.6,64.1,11.4,17.1,7.6,100.4,128.4
39,77,0.506,16,33,0.485,31,36,0.861,10,36,46,25,10,8,20,18,125,0.673,0.61,0.429,0.468,27.0,70.6,52.3,64.1,9.8,13.6,17.7,122.8,116.9,9eb97cd7-18bd-4778-9993-3422768e383c,Home,1,43,94,0.457,16,35,0.457,17,23,0.739,15,27,42,16,16,5,16,24,119,0.571,0.543,0.372,0.245,29.4,73.0,47.7,37.2,15.7,11.4,13.3,116.9,122.8
46,97,0.474,12,41,0.293,8,12,0.667,13,43,56,27,5,9,18,19,112,0.548,0.536,0.423,0.124,27.7,86.0,57.7,58.7,4.9,16.7,15.0,109.0,118.8,6c297170-36d2-4961-b6e9-ce2e76162c15,Away,0,43,94,0.457,19,40,0.475,17,21,0.81,7,34,41,28,8,4,6,15,122,0.591,0.559,0.426,0.223,14.0,72.3,42.3,65.1,7.8,7.1,5.5,118.8,109.0
48,91,0.527,19,47,0.404,18,21,0.857,8,26,34,24,8,5,8,19,133,0.663,0.632,0.516,0.231,20.0,68.4,43.6,50.0,8.2,9.8,7.4,135.6,125.4,0cde151c-826c-46a6-a417-e7cec631cc07,Home,1,44,88,0.5,15,37,0.405,20,27,0.741,12,32,44,28,4,3,14,20,123,0.616,0.585,0.42,0.307,31.6,80.0,56.4,63.6,4.1,6.8,12.3,125.4,135.6
38,84,0.452,18,44,0.409,26,26,1.0,12,33,45,23,9,9,15,13,120,0.629,0.56,0.524,0.31,29.3,84.6,56.3,60.5,9.2,19.1,13.6,122.6,115.5,096687a1-f3a3-4203-aaba-3c019987d7b1,Home,1,44,92,0.478,19,45,0.422,6,9,0.667,6,29,35,27,6,4,13,18,113,0.589,0.582,0.489,0.098,15.4,70.7,43.8,61.4,6.1,10.0,11.9,115.5,122.6
43,85,0.506,13,36,0.361,17,20,0.85,13,31,44,22,7,8,13,15,116,0.618,0.582,0.424,0.235,30.2,77.5,53.0,51.2,7.5,16.0,12.2,123.5,113.9,3a6daa16-0f6c-4f78-97b2-bd2ecb7dd859,Home,1,40,83,0.482,11,33,0.333,16,17,0.941,9,30,39,21,7,1,16,18,107,0.591,0.548,0.398,0.205,22.5,69.8,47.0,52.5,7.5,2.0,15.0,113.9,123.5
48,92,0.522,18,42,0.429,14,20,0.7,9,25,34,31,14,7,11,22,128,0.635,0.62,0.457,0.217,22.0,65.8,43.0,64.6,14.0,13.5,9.8,128.4,111.3,3faa6252-26df-416c-ba47-3b7494731030,Home,1,42,87,0.483,14,35,0.4,13,18,0.722,13,32,45,25,5,2,21,22,111,0.585,0.563,0.402,0.207,34.2,78.0,57.0,59.5,5.0,4.0,18.1,111.3,128.4
45,95,0.474,17,36,0.472,7,8,0.875,10,45,55,18,4,10,14,19,114,0.579,0.563,0.379,0.084,23.3,81.8,56.1,40.0,4.1,18.9,12.4,115.9,98.6,1f8a5d35-869a-46c7-984b-ed59f8f2ea73,Home,1,34,89,0.382,11,36,0.306,18,24,0.75,10,33,43,18,7,4,9,16,97,0.487,0.444,0.404,0.27,18.2,76.7,43.9,52.9,7.1,6.8,8.3,98.6,115.9
47,114,0.412,17,58,0.293,15,17,0.882,18,37,55,28,6,5,8,13,126,0.519,0.487,0.509,0.149,30.5,67.3,48.2,59.6,5.7,8.5,6.2,119.5,125.2,b6896d64-57fa-419f-a838-6c82eb2fe83d,Away,0,50,109,0.459,20,50,0.4,12,14,0.857,18,41,59,29,4,5,10,15,132,0.573,0.55,0.459,0.128,32.7,69.5,51.8,58.0,3.8,8.9,8.0,125.2,119.5
51,92,0.554,22,42,0.524,20,24,0.833,14,36,50,35,6,10,9,17,144,0.702,0.674,0.457,0.261,35.9,75.0,57.5,68.6,6.3,21.3,8.1,152.2,125.8,697b5ea4-bb06-4892-a063-7c4debab199c,Away,1,43,91,0.473,21,44,0.477,12,23,0.522,12,25,37,29,4,8,7,15,119,0.588,0.588,0.484,0.253,25.0,64.1,42.5,67.4,4.2,16.0,6.5,125.8,152.2
49,94,0.521,25,53,0.472,22,28,0.786,15,36,51,33,4,5,10,19,145,0.682,0.654,0.564,0.298,37.5,80.0,60.0,67.3,4.1,9.1,8.6,150.4,112.0,45ea47d2-d9c0-472d-a96d-55e963c5f456,Away,1,41,89,0.461,11,34,0.324,15,15,1.0,9,25,34,25,4,4,11,24,108,0.565,0.522,0.382,0.169,20.0,62.5,40.0,61.0,4.1,9.8,10.3,112.0,150.4
46,91,0.505,13,42,0.31,21,28,0.75,11,33,44,31,8,7,8,17,126,0.61,0.577,0.462,0.308,26.8,71.7,50.6,67.4,8.3,12.1,7.2,130.3,118.9,73d9ee29-c265-41d4-8623-a194b8fd87cd,Away,1,43,90,0.478,13,32,0.406,16,21,0.762,13,30,43,24,4,1,12,19,115,0.579,0.55,0.356,0.233,28.3,73.2,49.4,55.8,4.1,2.0,10.8,118.9,130.3
48,99,0.485,11,39,0.282,21,25,0.84,11,32,43,25,10,4,12,15,128,0.582,0.54,0.394,0.253,22.4,62.7,43.0,52.1,9.3,6.9,9.8,118.9,113.4,7a6aff3a-0db4-4885-bc3f-8d8ebefe5e5c,Home,1,48,101,0.475,14,43,0.326,12,19,0.632,19,38,57,27,7,4,19,21,122,0.558,0.545,0.426,0.188,37.3,77.6,57.0,56.3,6.5,6.7,14.8,113.4,118.9
43,88,0.489,17,39,0.436,17,20,0.85,13,39,52,29,3,6,16,17,120,0.62,0.585,0.443,0.227,31.0,81.3,57.8,67.4,3.1,11.8,14.2,123.2,121.1,c7f177d4-9b5a-47f2-8065-3951d216cbf1,Home,1,44,95,0.463,17,44,0.386,13,20,0.65,9,29,38,29,10,6,5,15,118,0.568,0.553,0.463,0.211,18.8,69.0,42.2,65.9,10.3,12.2,4.6,121.1,123.2
51,95,0.537,15,42,0.357,17,22,0.773,13,44,57,29,6,7,11,12,134,0.64,0.616,0.442,0.232,30.2,83.0,59.4,56.9,5.8,14.3,9.5,130.4,98.3,ee0e3daf-fa30-4e9c-bdeb-8bd0028f482d,Away,1,40,94,0.426,12,45,0.267,9,12,0.75,9,30,39,28,6,1,16,17,101,0.509,0.489,0.479,0.128,17.0,69.8,40.6,70.0,5.8,1.9,13.9,98.3,130.4
42,92,0.457,15,40,0.375,24,29,0.828,17,30,47,33,7,10,14,15,123,0.587,0.538,0.435,0.315,37.8,75.0,55.3,78.6,7.2,19.6,11.8,125.7,129.8,b0ffd0b3-c410-494c-a9b5-9f3490b3d023,Away,0,48,91,0.527,18,40,0.45,13,17,0.765,10,28,38,34,7,10,12,22,127,0.645,0.626,0.44,0.187,25.0,62.2,44.7,70.8,7.2,19.2,10.9,129.8,125.7
39,90,0.433,17,49,0.347,31,36,0.861,9,47,56,24,9,8,14,23,126,0.595,0.528,0.544,0.4,18.0,74.6,49.6,61.5,8.3,13.3,11.7,115.7,89.0,1885a744-a35d-4161-9020-763de800b626,Home,1,34,94,0.362,6,34,0.176,23,34,0.676,16,41,57,23,11,2,18,24,97,0.445,0.394,0.362,0.362,25.4,82.0,50.4,67.6,10.1,4.9,14.2,89.0,115.7
46,90,0.511,16,41,0.39,10,19,0.526,13,43,56,26,6,6,18,20,118,0.6,0.6,0.456,0.211,31.7,81.1,59.6,56.5,6.0,12.0,15.5,118.3,101.2,2f51ad66-5cc4-41b2-bce1-ed10ecde595b,Away,1,38,92,0.413,8,42,0.19,17,22,0.773,10,28,38,23,12,2,9,18,101,0.497,0.457,0.457,0.239,18.9,68.3,40.4,60.5,12.0,4.1,8.1,101.2,118.3
47,90,0.522,17,35,0.486,20,29,0.69,13,29,42,26,3,8,15,20,131,0.637,0.617,0.389,0.322,30.2,76.3,51.9,55.3,2.9,15.7,12.7,128.1,130.0,cdfd7dca-b71c-4425-b87f-6a3a12b59c21,Away,0,48,91,0.527,19,40,0.475,18,22,0.818,9,30,39,29,6,7,13,23,133,0.661,0.632,0.44,0.242,23.7,69.8,48.1,60.4,5.9,12.7,11.4,130.0,128.1
39,90,0.433,19,47,0.404,30,31,0.968,7,39,46,21,5,4,8,19,127,0.613,0.539,0.522,0.344,15.2,83.0,49.5,53.8,4.9,6.6,7.2,124.0,117.2,31870bfb-38c8-4b54-bcbc-b61d934e6ee1,Home,1,44,95,0.463,14,34,0.412,18,20,0.9,8,39,47,22,4,6,9,27,120,0.578,0.537,0.358,0.211,17.0,84.8,50.5,50.0,3.9,14.0,8.0,117.2,124.0
34,91,0.374,9,35,0.257,25,30,0.833,6,25,31,22,5,5,6,13,102,0.489,0.423,0.385,0.33,12.5,67.6,36.5,64.7,5.1,10.0,5.4,103.6,137.1,5b47463f-bb81-4c28-be1c-cb618bac9569,Away,0,52,92,0.565,18,42,0.429,13,16,0.813,12,42,54,34,3,6,11,22,135,0.682,0.663,0.457,0.174,32.4,87.5,63.5,65.4,3.0,10.7,10.0,137.1,103.6
51,95,0.537,24,47,0.511,19,25,0.76,10,40,50,26,7,8,12,21,145,0.684,0.663,0.495,0.263,22.2,72.7,50.0,51.0,6.6,11.6,10.2,135.9,105.9,6222f966-8e84-4dc3-a09a-1de890a8c4ce,Home,1,40,99,0.404,7,30,0.233,26,30,0.867,15,35,50,20,10,3,13,18,113,0.504,0.439,0.303,0.303,27.3,77.8,50.0,50.0,9.4,6.3,10.4,105.9,135.9
33,82,0.402,16,39,0.41,23,25,0.92,5,48,53,20,3,7,13,16,105,0.565,0.5,0.476,0.305,10.4,84.2,50.5,60.6,3.0,11.1,12.3,104.8,95.9,4ac2b6cf-d127-4cd5-95ed-f9d118c71d46,Away,1,38,95,0.4,4,32,0.125,16,21,0.762,9,43,52,25,6,2,7,21,96,0.46,0.421,0.337,0.221,15.8,89.6,49.5,65.8,6.0,4.7,6.3,95.9,104.8
42,90,0.467,18,38,0.474,15,19,0.789,12,42,54,22,5,6,14,15,117,0.595,0.567,0.422,0.211,28.6,79.2,56.8,52.4,5.1,10.2,12.5,120.4,100.9,6aac3f30-3156-4900-87e5-9b53a3f1a54a,Home,1,39,93,0.419,7,34,0.206,13,16,0.813,11,30,41,26,5,3,10,15,98,0.49,0.457,0.366,0.172,20.8,71.4,43.2,66.7,5.1,5.8,9.1,100.9,120.4
38,89,0.427,14,44,0.318,10,14,0.714,12,26,38,21,5,2,3,17,100,0.525,0.506,0.494,0.157,24.5,72.2,44.7,55.3,5.9,4.0,3.1,117.8,120.1,61397cab-d6f0-49cb-a8b6-57e904d4651e,Home,0,42,81,0.519,8,31,0.258,10,13,0.769,10,37,47,20,0,3,11,13,102,0.588,0.568,0.383,0.16,27.8,75.5,55.3,47.6,0.0,6.7,11.3,120.1,117.8
43,98,0.439,17,47,0.362,13,18,0.722,16,39,55,31,10,12,16,17,116,0.548,0.526,0.48,0.184,29.6,78.0,52.9,72.1,9.6,20.3,13.1,111.0,102.3,d2a67454-5931-4d72-ab0f-215acf27766d,Away,1,41,94,0.436,10,35,0.286,15,22,0.682,11,38,49,26,9,3,15,17,107,0.516,0.489,0.372,0.234,22.0,70.4,47.1,63.4,8.6,5.9,12.6,102.3,111.0
41,88,0.466,15,46,0.326,22,30,0.733,5,39,44,26,7,8,6,20,119,0.588,0.551,0.523,0.341,11.6,79.6,47.8,63.4,7.0,14.0,5.6,118.4,109.5,7e4715d6-3a15-4352-8977-dcb757fb49fb,Away,1,43,97,0.443,14,40,0.35,10,14,0.714,10,38,48,24,4,4,10,20,110,0.533,0.515,0.412,0.144,20.4,88.4,52.2,55.8,4.0,9.5,8.8,109.5,118.4
51,80,0.638,22,40,0.55,19,20,0.95,6,41,47,36,4,5,11,10,143,0.805,0.775,0.5,0.25,23.1,78.8,60.3,70.6,4.3,9.6,11.0,155.2,119.4,8a485334-6783-4494-9f72-c67a6f3a3dd2,Away,1,42,94,0.447,16,42,0.381,10,13,0.769,11,20,31,25,7,1,5,12,110,0.552,0.532,0.447,0.138,21.2,76.9,39.7,59.5,7.6,2.5,4.8,119.4,155.2
36,100,0.36,10,40,0.25,14,16,0.875,18,34,52,21,2,9,11,13,96,0.448,0.41,0.4,0.16,29.5,69.4,47.3,58.3,2.0,14.5,9.3,98.1,117.5,7f5db007-bdf9-49a8-ae1f-8b4b05b5d099,Home,0,45,102,0.441,10,40,0.25,15,18,0.833,15,43,58,28,8,8,8,20,115,0.523,0.49,0.392,0.176,30.6,70.5,52.7,62.2,8.2,13.3,6.8,117.5,98.1
43,85,0.506,17,46,0.37,15,20,0.75,6,34,40,27,7,5,11,15,118,0.629,0.606,0.541,0.235,16.2,79.1,50.0,62.8,7.2,8.9,10.5,121.1,115.0,6c233c3a-84ef-4a18-ba85-6f176c9f2708,Home,1,46,91,0.505,10,35,0.286,10,13,0.769,9,31,40,21,7,6,12,14,112,0.579,0.56,0.385,0.143,20.9,83.8,50.0,45.7,7.2,15.4,11.0,115.0,121.1
47,87,0.54,17,36,0.472,18,22,0.818,7,33,40,25,6,9,12,16,129,0.667,0.638,0.414,0.253,18.4,63.5,44.4,53.2,6.0,13.0,11.0,129.5,124.5,6ca08db7-1d96-4005-a650-15e10d6e2085,Home,1,50,108,0.463,12,39,0.308,12,15,0.8,19,31,50,33,4,2,8,21,124,0.541,0.519,0.361,0.139,36.5,81.6,55.6,66.0,4.0,3.9,6.5,124.5,129.5
41,97,0.423,16,48,0.333,7,7,1.0,14,40,54,30,4,12,15,19,105,0.525,0.505,0.495,0.072,27.5,72.7,50.9,73.2,4.1,20.7,13.0,108.6,117.9,42c5a131-090d-4336-a36e-de8c1389b375,Home,0,38,94,0.404,19,36,0.528,19,26,0.731,15,37,52,30,11,2,7,8,114,0.541,0.505,0.383,0.277,27.3,72.5,49.1,78.9,11.4,4.1,6.2,117.9,108.6
48,99,0.485,19,51,0.373,16,18,0.889,17,40,57,30,12,4,11,13,131,0.613,0.581,0.515,0.182,36.2,71.4,55.3,62.5,12.2,7.4,9.3,133.1,92.5,09ae23b3-cf91-42b4-b421-a32f012d9f52,Home,1,35,92,0.38,11,38,0.289,10,12,0.833,16,30,46,19,5,3,20,15,91,0.468,0.44,0.413,0.13,28.6,63.8,44.7,54.3,5.1,6.3,17.1,92.5,133.1
49,93,0.527,17,49,0.347,10,11,0.909,6,39,45,33,6,9,14,16,125,0.639,0.618,0.527,0.118,14.3,75.0,47.9,67.3,5.8,14.8,12.5,120.3,112.6,5b530a72-68d5-4c39-92ec-4db9bf82d397,Home,1,43,102,0.422,13,41,0.317,18,20,0.9,13,36,49,24,8,2,9,13,117,0.528,0.485,0.402,0.196,25.0,85.7,52.1,55.8,7.7,4.5,7.5,112.6,120.3
48,92,0.522,11,34,0.324,26,28,0.929,9,40,49,25,9,5,13,17,133,0.637,0.582,0.37,0.304,20.9,88.9,55.7,52.1,8.3,10.4,11.1,123.3,119.6,c60eac85-1df1-4fa1-bef5-71a883d08d60,Home,1,45,95,0.474,20,47,0.426,19,21,0.905,5,34,39,32,8,1,12,25,129,0.619,0.579,0.495,0.221,11.1,79.1,44.3,71.1,7.4,1.7,10.3,119.6,123.3
41,81,0.506,16,39,0.41,12,17,0.706,6,36,42,27,1,9,11,13,110,0.622,0.605,0.481,0.21,16.2,72.0,48.3,65.9,1.1,15.8,11.1,119.1,114.7,9f1f5b1f-ae4f-415e-90aa-d98ad946fd52,Away,1,40,97,0.412,12,40,0.3,14,15,0.933,14,31,45,21,4,2,7,14,106,0.512,0.474,0.412,0.155,28.0,83.8,51.7,52.5,4.3,4.8,6.3,114.7,119.1
43,83,0.518,15,37,0.405,17,23,0.739,7,32,39,31,6,1,14,24,118,0.634,0.608,0.446,0.277,18.9,82.1,51.3,72.1,6.3,2.2,13.1,123.0,114.7,ef3faec5-1014-4bcd-bb58-51dbfd33e481,Away,1,39,79,0.494,15,33,0.455,17,26,0.654,7,30,37,28,6,3,12,21,110,0.608,0.589,0.418,0.329,17.9,81.1,48.7,71.8,6.3,6.5,11.7,114.7,123.0
52,91,0.571,22,45,0.489,10,12,0.833,10,41,51,32,6,5,10,13,136,0.706,0.692,0.495,0.132,28.6,87.2,62.2,61.5,6.4,10.0,9.4,146.2,92.4,53d307de-eac9-40e8-b88b-46b9af9f7fec,Home,1,31,81,0.383,10,31,0.323,14,15,0.933,6,25,31,27,5,1,12,12,86,0.491,0.444,0.383,0.185,12.8,71.4,37.8,87.1,5.4,2.2,12.0,92.4,146.2
45,83,0.542,23,47,0.489,16,21,0.762,5,31,36,27,10,11,14,16,129,0.699,0.681,0.566,0.253,13.5,70.5,44.4,60.0,10.1,16.7,13.2,130.6,113.4,9755b269-df85-4485-8ef5-67f45f78a2f4,Away,1,44,94,0.468,10,28,0.357,14,16,0.875,13,32,45,30,6,2,13,17,112,0.554,0.521,0.298,0.17,29.5,86.5,55.6,68.2,6.1,5.6,11.4,113.4,130.6
46,81,0.568,15,35,0.429,9,12,0.75,11,25,36,27,8,4,7,16,116,0.672,0.66,0.432,0.148,31.4,62.5,48.0,58.7,9.7,9.1,7.5,140.3,123.4,033c02df-a7e5-4ba3-9ace-880f2eab8acb,Away,1,37,82,0.451,13,38,0.342,15,16,0.938,15,24,39,21,1,3,14,15,102,0.573,0.53,0.463,0.195,37.5,68.6,52.0,56.8,1.2,6.5,13.6,123.4,140.3
39,74,0.527,5,22,0.227,34,37,0.919,9,47,56,21,7,9,14,16,117,0.648,0.561,0.297,0.5,31.0,85.5,66.7,53.8,7.3,17.3,13.4,122.4,103.6,e977e5db-be97-452d-86ea-24ffe2a91278,Home,1,37,94,0.394,14,42,0.333,11,12,0.917,8,20,28,20,6,5,10,23,99,0.499,0.468,0.447,0.128,14.5,69.0,33.3,54.1,6.3,9.6,9.2,103.6,122.4
52,94,0.553,21,43,0.488,13,13,1.0,9,38,47,33,4,8,9,15,138,0.692,0.665,0.457,0.138,22.0,79.2,52.8,63.5,4.1,13.3,8.3,140.5,112.0,eac0addb-ddc8-4139-a949-17ed2ef5728f,Home,1,44,94,0.468,9,34,0.265,13,18,0.722,10,32,42,20,4,4,8,12,110,0.54,0.516,0.362,0.191,20.8,78.0,47.2,45.5,4.1,7.8,7.3,112.0,140.5
53,96,0.552,25,49,0.51,9,11,0.818,7,44,51,35,10,5,8,19,140,0.694,0.682,0.51,0.115,17.1,78.6,52.6,66.0,9.9,9.8,7.4,138.7,87.2,5564305c-fff3-4136-9d07-ca23eb1d9912,Home,1,36,92,0.391,7,41,0.171,9,13,0.692,12,34,46,24,2,3,17,13,88,0.45,0.429,0.446,0.141,21.4,82.9,47.4,66.7,2.0,6.4,14.8,87.2,138.7
39,93,0.419,15,38,0.395,11,12,0.917,14,39,53,24,6,9,13,13,104,0.529,0.5,0.409,0.129,29.2,83.0,55.8,61.5,6.4,18.8,11.7,110.6,111.7,83be69af-611c-4684-8956-f844ca0c8073,Away,0,39,90,0.433,20,42,0.476,7,11,0.636,8,34,42,28,11,3,9,10,105,0.554,0.544,0.467,0.122,17.0,70.8,44.2,71.8,11.7,5.5,8.7,111.7,110.6
41,91,0.451,11,38,0.289,16,25,0.64,13,34,47,24,6,3,12,18,109,0.534,0.511,0.418,0.275,26.0,81.0,51.1,58.5,6.1,4.3,10.5,110.8,116.9,bac2b8b8-c8c6-4d22-a721-1efab1ca9124,Away,0,45,90,0.5,4,21,0.19,21,22,0.955,8,37,45,27,10,4,8,19,115,0.577,0.522,0.233,0.244,19.0,74.0,48.9,60.0,10.2,7.5,7.4,116.9,110.8
46,94,0.489,15,39,0.385,10,13,0.769,13,30,43,29,7,4,12,12,117,0.587,0.569,0.415,0.138,29.5,75.0,51.2,63.0,7.3,7.1,10.7,121.3,110.9,b572ed89-8e18-435a-927d-39da18d99e04,Away,1,44,87,0.506,9,31,0.29,10,16,0.625,10,31,41,21,6,1,15,14,107,0.569,0.557,0.356,0.184,25.0,70.5,48.8,47.7,6.2,1.8,13.8,110.9,121.3
49,100,0.49,15,40,0.375,8,12,0.667,14,31,45,34,7,10,3,11,121,0.575,0.565,0.4,0.12,32.6,77.5,54.2,69.4,7.7,16.9,2.8,133.8,109.5,1f550a25-0012-4d23-8ded-ea667cf394f5,Away,1,39,87,0.448,10,28,0.357,11,11,1.0,9,29,38,23,3,5,11,11,99,0.539,0.506,0.322,0.126,22.5,67.4,45.8,59.0,3.3,8.3,10.7,109.5,133.8
43,92,0.467,20,49,0.408,17,19,0.895,14,32,46,25,5,8,9,14,123,0.613,0.576,0.533,0.207,32.6,78.0,54.8,58.1,5.5,14.8,8.2,135.6,118.0,a5d7fdbf-1ddf-4c83-9a76-873deaab4d20,Away,1,41,86,0.477,15,32,0.469,10,11,0.909,9,29,38,23,4,7,10,18,107,0.589,0.564,0.372,0.128,22.0,67.4,45.2,56.1,4.4,16.3,9.9,118.0,135.6
47,89,0.528,25,50,0.5,8,11,0.727,6,27,33,31,12,5,10,13,127,0.677,0.669,0.562,0.124,15.8,58.7,39.3,66.0,12.6,7.4,9.6,133.5,117.7,ad507727-2097-455c-b0cf-28ed534fc9f8,Home,1,47,99,0.475,11,31,0.355,7,10,0.7,19,32,51,27,4,3,14,12,112,0.542,0.53,0.313,0.101,41.3,84.2,60.7,57.4,4.2,7.7,11.9,117.7,133.5
43,87,0.494,24,50,0.48,20,24,0.833,12,31,43,30,9,6,15,17,130,0.666,0.632,0.575,0.276,28.6,75.6,51.8,69.8,9.2,10.9,13.3,132.5,106.0,679f7573-7fc7-4ce6-87ae-13f380952ec3,Away,1,41,89,0.461,10,34,0.294,12,14,0.857,10,30,40,24,3,5,16,20,104,0.546,0.517,0.382,0.157,24.4,71.4,48.2,58.5,3.1,13.5,14.4,106.0,132.5
43,95,0.453,22,49,0.449,11,13,0.846,15,38,53,30,8,8,11,9,119,0.591,0.568,0.516,0.137,30.0,82.6,55.2,69.8,8.5,14.5,9.8,126.2,99.7,e3705d96-f363-4498-83a2-5ab8c1d2e28d,Home,1,36,84,0.429,9,29,0.31,13,15,0.867,8,35,43,21,6,3,13,15,94,0.519,0.482,0.345,0.179,17.4,70.0,44.8,58.3,6.4,6.5,12.5,99.7,126.2
40,85,0.471,18,40,0.45,24,29,0.828,11,26,37,25,6,5,9,18,122,0.624,0.576,0.471,0.341,25.6,74.3,47.4,62.5,6.4,10.2,8.4,130.4,127.2,60632d5f-29f9-47b9-aabf-3a4f873ec260,Home,1,45,84,0.536,17,35,0.486,12,14,0.857,9,32,41,20,3,6,15,25,119,0.66,0.637,0.417,0.167,25.7,74.4,52.6,44.4,3.2,13.3,14.3,127.2,130.4
47,89,0.528,16,45,0.356,19,27,0.704,8,27,35,31,9,5,7,15,129,0.639,0.618,0.506,0.303,19.0,77.1,45.5,66.0,9.2,9.6,6.5,132.0,104.4,a25c524e-377e-4588-8e72-90a72d15fb7e,Away,1,42,83,0.506,9,31,0.29,9,13,0.692,8,34,42,25,4,1,19,23,102,0.575,0.56,0.373,0.157,22.9,81.0,54.5,59.5,4.1,2.3,17.6,104.4,132.0
44,86,0.512,21,48,0.438,15,17,0.882,12,29,41,28,5,3,12,9,124,0.663,0.634,0.558,0.198,31.6,90.6,58.6,63.6,5.5,5.2,11.4,137.4,125.2,20776417-5be4-4714-bf57-c215374fa08f,Away,1,47,82,0.573,9,24,0.375,10,11,0.909,3,26,29,36,7,3,7,18,113,0.651,0.628,0.293,0.134,9.4,68.4,41.4,76.6,7.8,7.9,7.5,125.2,137.4
47,95,0.495,11,38,0.289,13,19,0.684,12,26,38,21,7,8,9,16,118,0.571,0.553,0.4,0.2,29.3,63.4,46.3,44.7,7.5,15.7,8.0,126.0,128.1,e0b761ba-9131-454b-8d46-9dfc8391f73c,Away,0,46,87,0.529,18,36,0.5,10,17,0.588,15,29,44,30,5,3,13,18,120,0.635,0.632,0.414,0.195,36.6,70.7,53.7,65.2,5.3,5.3,12.1,128.1,126.0
45,94,0.479,14,36,0.389,18,21,0.857,9,34,43,28,7,6,12,15,122,0.591,0.553,0.383,0.223,20.0,66.7,44.8,62.2,6.9,10.0,10.4,119.6,120.6,8cb08842-c6e8-4668-a3a2-a2ee42738eab,Away,0,51,104,0.49,15,44,0.341,6,10,0.6,17,36,53,24,5,5,11,17,123,0.567,0.563,0.423,0.096,33.3,80.0,55.2,47.1,4.9,8.6,9.2,120.6,119.6
39,82,0.476,15,37,0.405,11,12,0.917,8,43,51,27,7,7,13,13,104,0.596,0.567,0.451,0.146,20.5,81.1,55.4,69.2,7.7,13.7,13.0,114.2,101.1,a628cf6f-deac-4b32-8228-df10031ed723,Away,1,34,86,0.395,13,35,0.371,11,18,0.611,10,31,41,22,9,3,9,12,92,0.49,0.471,0.407,0.209,18.9,79.5,44.6,64.7,9.9,6.7,8.7,101.1,114.2
43,89,0.483,19,53,0.358,13,16,0.813,11,40,51,28,3,3,11,15,118,0.614,0.59,0.596,0.18,25.6,83.3,56.0,65.1,3.2,5.6,10.3,126.0,111.1,a45a9d9a-8d96-42be-8b4a-70bff6058100,Away,1,41,91,0.451,13,37,0.351,9,11,0.818,8,32,40,28,3,2,7,15,104,0.543,0.522,0.407,0.121,16.7,74.4,44.0,68.3,3.2,5.6,6.8,111.1,126.0
50,92,0.543,17,40,0.425,18,19,0.947,11,35,46,33,7,10,11,18,135,0.673,0.636,0.435,0.207,29.7,87.5,59.7,66.0,7.1,17.5,9.9,136.9,101.4,326fd422-41c6-463c-b4c4-4ad95738af6f,Home,1,35,81,0.432,5,24,0.208,25,28,0.893,5,26,31,21,8,5,14,11,100,0.536,0.463,0.296,0.346,12.5,70.3,40.3,60.0,8.1,9.6,13.0,101.4,136.9
38,89,0.427,12,44,0.273,13,18,0.722,12,39,51,25,6,4,8,11,101,0.521,0.494,0.494,0.202,23.5,72.2,48.6,65.8,6.5,8.3,7.6,109.5,108.4,4bd157a8-95f4-4795-b847-d023a25f4c88,Home,1,38,99,0.384,17,51,0.333,7,13,0.538,15,39,54,21,4,3,7,15,100,0.477,0.47,0.515,0.131,27.8,76.5,51.4,55.3,4.3,6.7,6.3,108.4,109.5
49,87,0.563,16,38,0.421,10,13,0.769,5,35,40,34,11,8,13,12,124,0.669,0.655,0.437,0.149,13.9,61.4,43.0,69.4,11.2,12.5,12.3,126.4,109.1,d2bdf4a3-04d1-4c61-8e1e-0915952809f9,Home,1,40,102,0.392,14,38,0.368,13,13,1.0,22,31,53,26,8,2,15,12,107,0.497,0.461,0.373,0.127,38.6,86.1,57.0,65.0,8.2,4.1,12.2,109.1,126.4
37,93,0.398,17,52,0.327,0,0,0.0,12,26,38,27,11,4,12,8,91,0.489,0.489,0.559,0.0,23.5,72.2,43.7,73.0,12.3,8.9,11.4,101.4,115.9,e4b8639b-03d9-4b08-81c3-b36833ac1252,Away,0,43,81,0.531,17,36,0.472,1,2,0.5,10,39,49,29,6,5,18,4,104,0.635,0.636,0.444,0.025,27.8,76.5,56.3,67.4,6.7,12.2,18.0,115.9,101.4
40,86,0.465,16,42,0.381,13,16,0.813,10,26,36,25,7,12,12,16,109,0.586,0.558,0.488,0.186,22.2,60.5,40.9,62.5,7.4,19.0,11.4,114.5,124.0,565b4930-31f1-4180-9c73-ce1a5da0e855,Home,0,49,99,0.495,14,36,0.389,6,10,0.6,17,35,52,24,7,4,15,12,118,0.571,0.566,0.364,0.101,39.5,77.8,59.1,49.0,7.4,9.1,12.7,124.0,114.5
54,104,0.519,14,41,0.341,9,13,0.692,16,37,53,34,12,1,6,20,131,0.597,0.587,0.394,0.125,35.6,90.2,61.6,63.0,12.2,2.4,5.2,133.4,99.8,354a6b11-8628-404e-8985-755d407ba616,Home,1,32,76,0.421,15,35,0.429,19,22,0.864,4,29,33,20,3,7,20,15,98,0.572,0.52,0.461,0.289,9.8,64.4,38.4,62.5,3.1,11.1,18.9,99.8,133.4
51,89,0.573,16,32,0.5,14,21,0.667,10,38,48,29,10,15,17,13,132,0.672,0.663,0.36,0.236,26.3,82.6,57.1,56.9,9.4,23.1,14.8,124.1,114.7,ff2d813d-b1cf-4b62-8e10-30716a54b061,Home,1,49,103,0.476,14,38,0.368,10,10,1.0,8,28,36,33,9,4,12,16,122,0.568,0.544,0.369,0.097,17.4,73.7,42.9,67.3,8.5,7.0,10.1,114.7,124.1
