fg,fga,fg_pct,fg3,fg3a,fg3_pct,ft,fta,ft_pct,orb,drb,trb,ast,stl,blk,tov,pf,pts,ts_pct,efg_pct,fg3a_per_fga_pct,fta_per_fga_pct,orb_pct,drb_pct,trb_pct,ast_pct,stl_pct,blk_pct,tov_pct,off_rtg,def_rtg,game_id,Location,Opponent,Win,opp_fg,opp_fga,opp_fg_pct,opp_fg3,opp_fg3a,opp_fg3_pct,opp_ft,opp_fta,opp_ft_pct,opp_orb,opp_drb,opp_trb,opp_ast,opp_stl,opp_blk,opp_tov,opp_pf,opp_pts,opp_ts_pct,opp_efg_pct,opp_fg3a_per_fga_pct,opp_fta_per_fga_pct,opp_orb_pct,opp_drb_pct,opp_trb_pct,opp_ast_pct,opp_stl_pct,opp_blk_pct,opp_tov_pct,opp_off_rtg,opp_def_rtg,team
41,92,0.446,11,32,0.344,9,15,0.6,17,39,56,28,3,13,17,23,102,0.517,0.505,0.348,0.163,34.7,70.9,53.8,68.3,3.2,18.6,14.7,108.3,109.4,6f65a496-2662-4908-82cc-99f277116b92,Away,MIA,0,37,92,0.402,8,22,0.364,21,26,0.808,16,32,48,22,11,3,7,18,103,0.498,0.446,0.239,0.283,29.1,65.3,46.2,59.5,11.7,5.0,6.3,109.4,108.3,DET
40,88,0.455,10,30,0.333,21,25,0.84,12,41,53,28,7,6,24,29,111,0.561,0.511,0.341,0.284,28.6,78.8,56.4,70.0,6.5,10.0,19.5,103.5,92.3,0d0f74b5-42d9-46e6-86fe-6e4a4f50f846,Away,CHO,1,33,88,0.375,7,28,0.25,26,34,0.765,11,30,41,20,13,7,18,23,99,0.481,0.415,0.318,0.386,21.2,71.4,43.6,60.6,12.1,12.1,14.9,92.3,103.5,DET
45,86,0.523,12,28,0.429,16,20,0.8,15,38,53,29,4,4,17,18,118,0.622,0.593,0.326,0.233,42.9,74.5,61.6,64.4,4.3,6.2,15.2,127.7,110.3,f9f7ff7b-bf6b-4e3a-80b6-d7186f47d8b2,Home,CHI,1,39,93,0.419,11,28,0.393,13,16,0.813,13,20,33,16,10,5,8,20,102,0.51,0.478,0.301,0.172,25.5,57.1,38.4,41.0,10.8,8.6,7.4,110.3,127.7,DET
39,91,0.429,15,28,0.536,19,24,0.792,13,28,41,31,6,5,17,25,112,0.551,0.511,0.308,0.264,25.5,82.4,48.2,79.5,5.8,9.3,14.3,109.1,120.8,40427e26-8185-46a6-b9ef-21e77e403f48,Away,OKC,0,44,83,0.53,13,29,0.448,23,28,0.821,6,38,44,21,9,10,15,19,124,0.65,0.608,0.349,0.337,17.6,74.5,51.8,47.7,8.8,15.9,13.6,120.8,109.1,DET
40,90,0.444,11,29,0.379,10,11,0.909,6,32,38,24,12,4,18,31,101,0.532,0.506,0.322,0.122,14.0,82.1,46.3,60.0,11.5,6.6,16.0,97.2,105.8,3eac0fa5-c685-4390-b61e-eb6963bcf60e,Home,POR,0,38,81,0.469,7,20,0.35,27,33,0.818,7,37,44,23,10,7,17,15,110,0.576,0.512,0.247,0.407,17.9,86.0,53.7,60.5,9.6,11.5,15.1,105.8,97.2,DET
41,94,0.436,13,38,0.342,21,26,0.808,19,29,48,30,4,5,16,31,116,0.55,0.505,0.404,0.277,39.6,80.6,57.1,73.2,4.1,10.4,13.2,118.7,127.9,76153afd-2733-4694-a967-fa5b519b5c38,Away,NOP,0,39,80,0.488,14,32,0.438,33,35,0.943,7,29,36,27,5,7,12,18,125,0.655,0.575,0.4,0.438,19.4,60.4,42.9,69.2,5.1,12.5,11.2,127.9,118.7,DET
43,87,0.494,8,23,0.348,12,14,0.857,10,23,33,25,7,6,16,23,106,0.569,0.54,0.264,0.161,25.6,62.2,43.4,58.1,7.2,9.2,14.7,108.9,123.3,3e0ba100-8242-47f8-a5f8-20c3432a2147,Home,PHO,0,43,86,0.5,8,21,0.381,26,29,0.897,14,29,43,29,8,10,18,13,120,0.608,0.547,0.244,0.337,37.8,74.4,56.6,67.4,8.2,15.6,15.4,123.3,108.9,DET
38,80,0.475,13,30,0.433,20,21,0.952,7,32,39,23,8,2,16,20,109,0.611,0.556,0.375,0.263,20.6,65.3,47.0,60.5,8.3,3.6,15.2,113.2,124.6,01570b01-679e-48a6-8f7c-65cea2f86a7e,Home,GSW,0,46,97,0.474,12,41,0.293,16,21,0.762,17,27,44,26,8,4,11,14,120,0.565,0.536,0.423,0.216,34.7,79.4,53.0,56.5,8.3,8.0,9.4,124.6,113.2,DET
48,98,0.49,7,29,0.241,15,16,0.938,11,42,53,28,2,5,19,24,118,0.562,0.526,0.296,0.163,26.2,89.4,59.6,58.3,1.8,9.4,15.3,109.0,110.8,c4a61045-2584-45b2-8cd3-a40cb990e7b9,Away,MIL,0,41,90,0.456,11,37,0.297,27,32,0.844,5,31,36,19,8,7,10,18,120,0.576,0.517,0.411,0.356,10.6,73.8,40.4,46.3,7.4,10.1,8.8,110.8,109.0,DET
40,86,0.465,8,28,0.286,18,22,0.818,11,37,48,28,3,5,17,26,106,0.554,0.512,0.326,0.256,23.9,77.1,51.1,70.0,3.1,9.1,15.1,107.8,115.9,42c761ae-0a88-409e-b6b0-a456aa5cf6d7,Home,PHI,0,35,83,0.422,9,28,0.321,35,41,0.854,11,35,46,23,13,5,9,23,114,0.564,0.476,0.337,0.494,22.9,76.1,48.9,65.7,13.2,8.6,8.2,115.9,107.8,DET
38,88,0.432,11,32,0.344,21,26,0.808,16,33,49,26,4,6,16,19,108,0.543,0.494,0.364,0.295,35.6,75.0,55.1,68.4,4.2,9.8,13.9,113.2,124.7,0e5c71d4-d00a-470f-a1ad-3cabc7f368c1,Away,CHI,0,44,91,0.484,11,30,0.367,20,25,0.8,11,29,40,22,12,6,7,21,119,0.583,0.544,0.33,0.275,25.0,64.4,44.9,50.0,12.6,10.7,6.4,124.7,113.2,DET
47,90,0.522,10,29,0.345,16,23,0.696,14,28,42,36,9,6,17,20,120,0.599,0.578,0.322,0.256,31.1,73.7,50.6,76.6,8.9,11.1,14.5,119.1,125.1,e580cf9a-55ef-4e23-a6c3-cc658f498c7d,Home,ATL,0,45,87,0.517,12,33,0.364,24,26,0.923,10,31,41,28,9,7,14,19,126,0.64,0.586,0.379,0.299,26.3,68.9,49.4,62.2,8.9,11.5,12.5,125.1,119.1,DET
39,91,0.429,9,35,0.257,13,15,0.867,18,33,51,20,8,6,17,19,100,0.512,0.478,0.385,0.165,36.0,82.5,56.7,51.3,8.5,9.8,14.8,105.9,114.4,9c76901e-bf53-4843-8e12-2a880c181c66,Away,CLE,0,42,82,0.512,9,21,0.429,15,21,0.714,7,32,39,21,9,6,12,9,108,0.592,0.567,0.256,0.256,17.5,64.0,43.3,50.0,9.5,10.7,11.6,114.4,105.9,DET
39,83,0.47,9,26,0.346,26,35,0.743,7,34,41,25,3,3,17,23,113,0.574,0.524,0.313,0.422,16.7,73.9,46.6,64.1,2.8,4.5,14.7,105.3,132.3,e6b1a8f4-076f-4970-8c0d-1dba4c1390b5,Away,TOR,0,55,102,0.539,14,36,0.389,18,29,0.621,12,35,47,44,10,5,8,23,142,0.619,0.608,0.353,0.284,26.1,83.3,53.4,80.0,9.3,8.8,6.5,132.3,105.3,DET
36,81,0.444,7,21,0.333,24,26,0.923,11,32,43,21,7,5,18,24,103,0.557,0.488,0.259,0.321,25.6,74.4,50.0,58.3,7.2,8.5,16.3,106.4,110.5,3f8adcd8-8971-49fd-a133-b075ab12e3aa,Home,DEN,0,40,87,0.46,11,28,0.393,16,21,0.762,11,32,43,30,7,8,14,17,107,0.556,0.523,0.322,0.241,25.6,74.4,50.0,75.0,7.2,13.3,12.7,110.5,106.4,DET
43,90,0.478,7,18,0.389,20,24,0.833,14,29,43,22,6,11,14,18,113,0.562,0.517,0.2,0.267,35.9,65.9,51.8,51.2,6.1,17.2,12.2,114.8,138.2,31afb797-f663-46ea-923a-0f9feae60017,Away,IND,0,49,102,0.48,16,38,0.421,22,24,0.917,15,25,40,24,7,8,9,21,136,0.604,0.559,0.373,0.235,34.1,64.1,48.2,49.0,7.1,11.1,7.4,138.2,114.8,DET
43,102,0.422,8,38,0.211,13,19,0.684,18,31,49,29,7,11,17,22,107,0.485,0.461,0.373,0.186,31.0,83.8,51.6,67.4,6.5,18.3,13.3,99.3,116.9,80984480-ba9b-42d5-b5a2-598a3a8bfa48,Home,WAS,0,45,89,0.506,10,29,0.345,26,28,0.929,6,40,46,29,8,6,16,19,126,0.622,0.562,0.326,0.315,16.2,69.0,48.4,64.4,7.4,9.4,13.6,116.9,99.3,DET
40,97,0.412,15,36,0.417,12,14,0.857,10,29,39,28,8,3,14,31,107,0.519,0.49,0.371,0.144,19.6,78.4,44.3,70.0,7.6,5.6,11.9,102.0,126.7,2a099743-e7ad-4775-8881-bbc4bb3d0428,Home,LAL,0,45,88,0.511,12,34,0.353,31,38,0.816,8,41,49,28,7,10,12,12,133,0.635,0.58,0.386,0.432,21.6,80.4,55.7,62.2,6.7,16.4,10.3,126.7,102.0,DET
43,81,0.531,15,35,0.429,11,17,0.647,8,34,42,22,4,3,20,25,112,0.633,0.623,0.432,0.21,21.6,73.9,50.6,51.2,4.1,6.4,18.4,114.2,120.4,f8ce8d11-7640-40a6-bb52-d99551afa0fe,Away,NYK,0,41,88,0.466,16,41,0.39,20,28,0.714,12,29,41,25,8,3,11,17,118,0.588,0.557,0.466,0.318,26.1,78.4,49.4,61.0,8.2,6.5,9.9,120.4,114.2,DET
39,83,0.47,8,30,0.267,15,23,0.652,10,39,49,24,9,3,16,20,101,0.542,0.518,0.361,0.277,22.2,83.0,53.3,61.5,9.1,5.1,14.7,102.7,111.8,d0b40afc-a15e-4a8e-b837-b7621d0002e5,Home,CLE,0,44,89,0.494,10,30,0.333,12,18,0.667,8,35,43,25,11,1,11,18,110,0.567,0.551,0.337,0.202,17.0,77.8,46.7,56.8,11.2,1.9,10.2,111.8,102.7,DET
41,91,0.451,11,35,0.314,9,9,1.0,8,34,42,30,9,6,17,17,102,0.537,0.511,0.385,0.099,17.8,79.1,47.7,73.2,8.9,9.2,15.2,100.6,114.4,a4635832-2557-4c2b-b475-58677e25e738,Home,MEM,0,47,91,0.516,11,26,0.423,11,14,0.786,9,37,46,26,10,8,14,9,116,0.597,0.577,0.286,0.154,20.9,82.2,52.3,55.3,9.9,14.3,12.6,114.4,100.6,DET
34,81,0.42,6,30,0.2,17,24,0.708,8,30,38,17,3,2,16,17,91,0.497,0.457,0.37,0.296,17.0,83.3,45.8,50.0,3.0,3.2,14.9,92.1,124.6,bccfdeb9-b28c-4aa8-9521-be863acdaebd,Away,ORL,0,49,89,0.551,10,26,0.385,15,19,0.789,6,39,45,26,5,4,10,20,123,0.632,0.607,0.292,0.213,16.7,83.0,54.2,53.1,5.1,7.8,9.3,124.6,92.1,DET
45,81,0.556,10,29,0.345,23,30,0.767,6,24,30,26,11,4,15,18,123,0.653,0.617,0.358,0.37,15.8,68.6,41.1,57.8,10.7,6.6,13.7,119.4,127.1,b07d8233-28d2-49b5-8896-f49f6af62d22,Home,IND,0,52,92,0.565,13,31,0.419,14,19,0.737,11,32,43,33,8,5,18,20,131,0.653,0.636,0.337,0.207,31.4,84.2,58.9,63.5,7.8,9.6,15.2,127.1,119.4,DET
39,88,0.443,10,33,0.303,23,30,0.767,6,29,35,24,6,3,10,22,111,0.548,0.5,0.375,0.341,12.2,74.4,39.8,61.5,5.9,5.3,9.0,109.0,126.7,8d92ccbb-a7a4-43a6-82d4-d741d56c15ec,Home,PHI,0,45,87,0.517,11,30,0.367,28,34,0.824,10,43,53,28,6,4,11,20,129,0.633,0.58,0.345,0.391,25.6,87.8,60.2,62.2,5.9,7.3,9.7,126.7,109.0,DET
35,81,0.432,4,21,0.19,18,23,0.783,7,35,42,19,3,7,21,25,92,0.505,0.457,0.259,0.284,15.6,68.6,43.8,54.3,2.9,11.5,18.7,89.0,119.9,684e0c72-733a-45f5-b084-35a82229631c,Away,PHI,0,41,98,0.418,14,37,0.378,28,31,0.903,16,38,54,24,17,8,12,23,124,0.555,0.49,0.378,0.316,31.4,84.4,56.3,58.5,16.4,13.3,9.7,119.9,89.0,DET
43,96,0.448,6,28,0.214,22,26,0.846,10,26,36,25,10,4,8,23,114,0.531,0.479,0.292,0.271,19.6,76.5,42.4,58.1,9.5,8.7,6.9,108.8,139.4,af281f3d-c63a-44e6-b38b-9103711a98d0,Away,MIL,0,50,88,0.568,19,42,0.452,27,32,0.844,8,41,49,24,5,8,15,24,146,0.715,0.676,0.477,0.364,23.5,80.4,57.6,48.0,4.8,11.8,12.8,139.4,108.8,DET
48,94,0.511,9,22,0.409,19,27,0.704,12,24,36,23,7,3,13,26,124,0.586,0.559,0.234,0.287,29.3,68.6,47.4,47.9,6.9,6.1,10.9,121.5,127.4,23d3de1e-c35a-4d26-a3fa-661f1c0d143e,Away,ATL,0,46,85,0.541,16,36,0.444,22,27,0.815,11,29,40,25,6,10,18,24,130,0.671,0.635,0.424,0.318,31.4,70.7,52.6,54.3,5.9,13.9,15.7,127.4,121.5,DET
43,86,0.5,9,31,0.29,16,19,0.842,12,29,41,24,6,9,21,19,111,0.588,0.552,0.36,0.221,29.3,65.9,48.2,55.8,6.0,14.1,18.2,111.5,119.5,a1347ca0-3ff2-4dae-9477-6daeb9839cb1,Home,UTA,0,43,94,0.457,11,30,0.367,22,24,0.917,15,29,44,26,15,7,13,18,119,0.569,0.516,0.319,0.255,34.1,70.7,51.8,60.5,15.1,12.7,11.1,119.5,111.5,DET
39,79,0.494,15,35,0.429,22,29,0.759,6,30,36,26,5,3,14,25,115,0.627,0.589,0.443,0.367,16.2,81.1,48.6,66.7,5.0,4.8,13.2,114.9,125.9,3c1952af-2424-48a6-9b66-d0c8a3cb202f,Away,BRK,0,45,86,0.523,10,24,0.417,26,32,0.813,7,31,38,32,10,3,12,22,126,0.629,0.581,0.279,0.372,18.9,83.8,51.4,71.1,10.0,6.8,10.7,125.9,114.9,DET
40,90,0.444,9,25,0.36,23,32,0.719,16,36,52,20,6,4,14,27,112,0.538,0.494,0.278,0.356,31.4,83.7,55.3,50.0,6.0,6.7,11.9,111.4,117.4,993e2dbe-b2a4-4599-9ec3-636e566bf327,Home,BRK,0,41,82,0.5,9,22,0.409,27,43,0.628,7,35,42,22,6,7,9,22,118,0.585,0.555,0.268,0.524,16.3,68.6,44.7,53.7,6.0,10.8,8.2,117.4,111.4,DET
48,101,0.475,14,43,0.326,12,19,0.632,19,38,57,27,7,4,19,21,122,0.558,0.545,0.426,0.188,37.3,77.6,57.0,56.3,6.5,6.7,14.8,113.4,118.9,a4b9eebe-2fd1-4e18-8a30-00c063c32bd0,Away,BOS,0,48,99,0.485,11,39,0.282,21,25,0.84,11,32,43,25,10,4,12,15,128,0.582,0.54,0.394,0.253,22.4,62.7,43.0,52.1,9.3,6.9,9.8,118.9,113.4,DET
41,82,0.5,12,28,0.429,35,40,0.875,6,35,41,29,4,4,12,22,129,0.648,0.573,0.341,0.488,18.2,85.4,55.4,70.7,3.9,6.0,10.8,125.7,123.8,0f3521e6-8005-446e-9262-0540126a6c23,Home,TOR,1,46,91,0.505,12,24,0.5,23,28,0.821,6,27,33,26,9,5,8,27,127,0.615,0.571,0.264,0.308,14.6,81.8,44.6,56.5,8.8,9.3,7.2,123.8,125.7,DET
40,83,0.482,13,29,0.448,20,27,0.741,10,27,37,27,3,4,18,21,113,0.595,0.56,0.349,0.325,23.3,81.8,48.7,67.5,2.9,7.1,15.9,110.8,133.4,ba830878-6820-4ee6-bf7b-f90af5381301,Away,HOU,0,51,91,0.56,15,35,0.429,19,24,0.792,6,33,39,34,11,1,10,19,136,0.67,0.643,0.385,0.264,18.2,76.7,51.3,66.7,10.8,1.9,9.0,133.4,110.8,DET
56,105,0.533,19,41,0.463,17,22,0.773,16,32,48,33,5,3,17,27,148,0.645,0.624,0.39,0.21,36.4,68.1,52.7,58.9,4.5,4.2,12.9,132.3,137.7,450e84ec-0e8a-4788-964a-f2749914159b,Away,UTA,0,53,103,0.515,16,32,0.5,32,35,0.914,15,28,43,28,11,8,12,22,154,0.65,0.592,0.311,0.34,31.9,63.6,47.3,52.8,9.8,12.5,9.2,137.7,132.3,DET
44,98,0.449,13,44,0.295,8,10,0.8,10,30,40,25,8,9,11,23,109,0.532,0.515,0.449,0.102,20.8,81.1,47.1,56.8,7.9,20.5,9.7,107.4,111.3,30ce5910-cf30-4e65-ab56-dd48d32cf87d,Away,GSW,0,38,82,0.463,16,38,0.421,21,25,0.84,7,38,45,24,3,5,19,18,113,0.608,0.561,0.463,0.305,18.9,79.2,52.9,63.2,3.0,9.3,17.0,111.3,107.4,DET
42,89,0.472,9,24,0.375,21,30,0.7,13,24,37,28,6,0,12,20,114,0.558,0.522,0.27,0.337,28.9,80.0,49.3,66.7,6.1,0.0,10.5,115.3,132.5,c97b46ed-eb09-4da7-9208-f09b08f8635e,Away,DEN,0,47,80,0.588,10,27,0.37,27,31,0.871,6,32,38,35,6,10,14,23,131,0.699,0.65,0.338,0.388,20.0,71.1,50.7,74.5,6.1,15.4,13.0,132.5,115.3,DET
40,85,0.471,14,37,0.378,16,21,0.762,13,27,40,27,12,2,21,19,110,0.584,0.553,0.435,0.247,27.7,73.0,47.6,67.5,11.6,3.3,18.2,106.2,126.5,affa1878-e5e2-4f56-bdd4-5c9264b546d5,Home,SAC,0,54,94,0.574,13,33,0.394,10,14,0.714,10,34,44,39,8,6,18,21,131,0.654,0.644,0.351,0.149,27.0,72.3,52.4,72.2,7.7,12.5,15.2,126.5,106.2,DET
44,96,0.458,10,32,0.313,10,13,0.769,9,34,43,33,4,3,10,19,108,0.531,0.51,0.333,0.135,20.0,77.3,48.3,75.0,4.0,4.5,9.0,108.6,130.7,786c34d7-b92b-4793-bbca-adadabd53b4e,Home,SAS,0,49,94,0.521,9,27,0.333,23,27,0.852,10,36,46,36,7,4,5,15,130,0.614,0.569,0.287,0.287,22.7,80.0,51.7,73.5,7.0,6.3,4.5,130.7,108.6,DET
44,88,0.5,12,35,0.343,10,16,0.625,11,35,46,32,6,9,15,21,110,0.579,0.568,0.398,0.182,26.2,77.8,52.9,72.7,6.2,15.0,13.6,113.2,115.2,9dc3edaf-3e29-4b19-a9bc-b00fd63d79ea,Home,HOU,0,41,90,0.456,8,30,0.267,22,25,0.88,10,31,41,21,8,5,9,16,112,0.554,0.5,0.333,0.278,22.2,73.8,47.1,51.2,8.2,9.4,8.2,115.2,113.2,DET
50,90,0.556,12,31,0.387,17,23,0.739,12,40,52,30,4,10,16,13,129,0.644,0.622,0.344,0.256,32.4,83.3,61.2,60.0,4.0,18.5,13.8,129.2,117.2,f5754a3a-8ec7-449a-b87b-8174f5d88681,Away,WAS,1,44,95,0.463,19,41,0.463,10,11,0.909,8,25,33,30,8,7,8,19,117,0.586,0.563,0.432,0.116,16.7,67.6,38.8,68.2,8.0,11.9,7.4,117.2,129.2,DET
46,89,0.517,12,31,0.387,13,19,0.684,8,32,40,30,4,7,12,18,117,0.601,0.584,0.348,0.213,19.5,78.0,48.8,65.2,4.0,11.1,11.0,116.3,123.2,37108868-601f-4067-a4e9-f010036de8da,Home,MIN,0,47,93,0.505,15,30,0.5,15,21,0.714,9,33,42,32,7,5,11,14,124,0.606,0.586,0.323,0.226,22.0,80.5,51.2,68.1,7.0,8.6,9.7,123.2,116.3,DET
44,94,0.468,21,37,0.568,26,32,0.813,9,31,40,30,6,2,9,30,135,0.625,0.58,0.394,0.34,18.0,79.5,44.9,68.2,5.6,3.8,7.7,127.1,132.7,74639105-9743-4afb-abe0-b577d145685e,Home,MIL,0,47,85,0.553,12,32,0.375,35,49,0.714,8,41,49,30,6,6,10,18,141,0.662,0.624,0.376,0.576,20.5,82.0,55.1,63.8,5.6,10.5,8.6,132.7,127.1,DET
40,89,0.449,10,30,0.333,23,29,0.793,6,36,42,25,4,9,10,25,113,0.555,0.506,0.337,0.326,13.3,78.3,46.2,62.5,3.8,16.4,8.9,108.6,117.2,3e97ee02-2f5a-4dbb-af19-7608b177a3df,Home,MIL,0,42,94,0.447,10,39,0.256,28,34,0.824,10,39,49,26,7,8,9,22,122,0.56,0.5,0.415,0.362,21.7,86.7,53.8,61.9,6.7,13.6,7.6,117.2,108.6,DET
43,86,0.5,15,38,0.395,12,20,0.6,5,39,44,26,4,0,11,17,113,0.596,0.587,0.442,0.233,11.4,81.3,47.8,60.5,4.1,0.0,10.4,115.6,108.4,211c7997-dc29-46fa-89e9-679d4cf7e95f,Home,CHO,1,38,87,0.437,15,38,0.395,15,19,0.789,9,39,48,27,5,5,11,22,106,0.556,0.523,0.437,0.218,18.8,88.6,52.2,71.1,5.1,10.4,10.3,108.4,115.6,DET
37,85,0.435,9,32,0.281,21,27,0.778,11,34,45,22,2,8,17,20,104,0.537,0.488,0.376,0.318,24.4,68.0,47.4,59.5,2.0,12.1,14.9,104.1,118.1,75403c09-3242-422a-b0af-b8d8752ec48f,Home,WAS,0,45,100,0.45,11,34,0.324,17,21,0.81,16,34,50,26,10,4,10,19,118,0.54,0.505,0.34,0.21,32.0,75.6,52.6,57.8,10.0,7.5,8.4,118.1,104.1,DET
47,95,0.495,11,26,0.423,15,19,0.789,15,38,53,27,6,2,9,11,120,0.58,0.553,0.274,0.2,31.9,77.6,55.2,57.4,6.3,3.1,8.0,126.0,109.2,4e0a17ef-1f52-4b43-8a52-90e664bdfad8,Home,OKC,1,44,92,0.478,8,28,0.286,8,12,0.667,11,32,43,17,7,5,10,18,104,0.535,0.522,0.304,0.13,22.4,68.1,44.8,38.6,7.3,7.2,9.3,109.2,126.0,DET
45,81,0.556,16,31,0.516,15,19,0.789,7,28,35,27,8,3,19,17,121,0.677,0.654,0.383,0.235,23.3,73.7,51.5,60.0,8.2,5.6,17.5,124.8,132.0,7253bf8b-9d09-4929-9241-971d9b8b4c73,Away,CLE,0,47,89,0.528,12,35,0.343,22,23,0.957,10,23,33,26,13,5,9,15,128,0.646,0.596,0.393,0.258,26.3,76.7,48.5,55.3,13.4,10.0,8.3,132.0,124.8,DET
45,89,0.506,17,40,0.425,18,24,0.75,13,25,38,28,5,3,17,18,125,0.628,0.601,0.449,0.27,31.0,78.1,51.4,62.2,5.0,5.0,14.6,124.9,135.9,c9ed5957-9dbe-431a-899c-31933ee696f0,Home,LAC,0,53,89,0.596,14,29,0.483,16,19,0.842,7,29,36,31,12,5,11,21,136,0.698,0.674,0.326,0.213,21.9,69.0,48.6,58.5,12.0,10.2,10.2,135.9,124.9,DET
36,80,0.45,8,31,0.258,19,22,0.864,9,27,36,22,6,5,15,18,99,0.552,0.5,0.388,0.275,23.1,79.4,49.3,61.1,6.5,8.3,14.3,107.4,120.4,78d0f99b-6b0f-49a5-aad0-8b36b27f0c7e,Home,ORL,0,45,84,0.536,10,24,0.417,11,15,0.733,7,30,37,22,7,3,10,18,111,0.613,0.595,0.286,0.179,20.6,76.9,50.7,48.9,7.6,6.1,9.9,120.4,107.4,DET
47,84,0.56,17,31,0.548,22,22,1.0,6,42,48,32,2,2,13,21,133,0.71,0.661,0.369,0.262,17.6,89.4,59.3,68.1,2.0,3.9,12.2,132.4,119.4,f58e8119-6dc9-4f83-89d9-c4b5d66aa0a5,Away,SAC,1,45,95,0.474,15,44,0.341,15,22,0.682,5,28,33,31,7,6,4,20,120,0.573,0.553,0.463,0.232,10.6,82.4,40.7,68.9,7.0,11.3,3.7,119.4,132.4,DET
45,93,0.484,16,27,0.593,22,31,0.71,16,29,45,26,3,7,17,23,128,0.6,0.57,0.29,0.333,37.2,72.5,54.2,57.8,2.9,11.9,13.7,122.9,117.1,e18ff820-d5e2-4f81-b9e7-e7d3b29416c4,Away,POR,1,41,89,0.461,11,30,0.367,29,33,0.879,11,27,38,29,9,7,17,27,122,0.589,0.522,0.337,0.371,27.5,62.8,45.8,70.7,8.6,10.6,14.1,117.1,122.9,DET
45,102,0.441,9,30,0.3,7,7,1.0,14,43,57,27,7,2,14,19,106,0.504,0.485,0.294,0.069,28.6,100.0,62.0,60.0,6.8,4.7,11.8,103.5,109.4,effbfa51-84d2-477b-98b6-60e10b6a9f38,Away,LAC,0,37,82,0.451,13,39,0.333,25,26,0.962,0,35,35,20,9,6,11,13,112,0.599,0.53,0.476,0.317,0.0,71.4,38.0,54.1,8.8,8.3,10.5,109.4,103.5,DET
45,108,0.417,8,28,0.286,13,17,0.765,17,33,50,30,8,2,10,24,111,0.481,0.454,0.259,0.157,29.8,82.5,51.5,66.7,7.7,4.1,8.0,106.2,119.6,cecfc863-e2a4-4709-ab54-37e889427197,Away,LAL,0,43,84,0.512,14,35,0.4,25,30,0.833,7,40,47,32,6,11,16,14,125,0.643,0.595,0.417,0.357,17.5,70.2,48.5,74.4,5.7,13.8,14.1,119.6,106.2,DET
38,99,0.384,10,37,0.27,14,22,0.636,16,32,48,26,14,5,19,32,100,0.46,0.434,0.374,0.222,26.2,78.0,47.1,68.4,12.8,10.9,14.9,91.6,106.2,32565232-ef0b-4ab3-94b0-aba71dbaa7f3,Away,PHO,0,35,77,0.455,10,31,0.323,36,44,0.818,9,45,54,28,15,11,24,20,116,0.602,0.519,0.403,0.571,22.0,73.8,52.9,80.0,13.7,17.7,19.9,106.2,91.6,DET
47,89,0.528,12,30,0.4,9,18,0.5,6,35,41,27,6,4,15,21,115,0.593,0.596,0.337,0.202,14.6,83.3,49.4,57.4,5.7,6.3,13.4,108.3,121.5,5a0ee050-3f24-4e62-a6cb-aae40fdce3df,Away,IND,0,50,94,0.532,13,30,0.433,16,19,0.842,7,35,42,36,10,5,14,15,129,0.63,0.601,0.319,0.202,16.7,85.4,50.6,72.0,9.4,8.5,12.0,121.5,108.3,DET
43,85,0.506,14,31,0.452,9,13,0.692,7,29,36,29,7,7,12,21,109,0.601,0.588,0.365,0.153,17.5,69.0,43.9,67.4,7.4,11.1,11.7,115.9,119.0,d62c7205-ff87-45a2-822d-c29137101eca,Home,ORL,0,43,87,0.494,12,24,0.5,14,21,0.667,13,33,46,25,9,9,13,15,112,0.582,0.563,0.276,0.241,31.0,82.5,56.1,58.1,9.6,16.7,11.9,119.0,115.9,DET
38,79,0.481,14,30,0.467,21,26,0.808,10,32,42,25,9,6,17,15,111,0.614,0.57,0.38,0.329,25.6,68.1,48.8,65.8,9.4,11.3,15.8,115.5,117.6,455391dd-d1ae-43eb-b8cc-d043fb5c1859,Away,NYK,0,41,92,0.446,15,39,0.385,16,21,0.762,15,29,44,31,9,4,14,16,113,0.558,0.527,0.424,0.228,31.9,74.4,51.2,75.6,9.4,8.2,12.1,117.6,115.5,DET
37,75,0.493,14,37,0.378,17,23,0.739,8,39,47,22,3,8,20,19,105,0.617,0.587,0.493,0.307,25.0,72.2,54.7,59.5,3.2,11.6,19.0,111.9,101.2,be8d6ce0-61dc-4bb2-b18f-82b3dfe51915,Away,CHI,1,39,98,0.398,2,29,0.069,15,18,0.833,15,24,39,22,11,3,6,18,95,0.448,0.408,0.296,0.184,27.8,75.0,45.3,56.4,11.7,7.9,5.4,101.2,111.9,DET
33,89,0.371,10,36,0.278,24,28,0.857,9,33,42,24,10,7,9,23,100,0.493,0.427,0.404,0.315,18.0,73.3,44.2,72.7,10.2,16.7,8.2,102.5,112.7,b25ba7e9-a515-4d06-b8c7-5682a9842f1d,Home,CLE,0,33,83,0.398,18,41,0.439,26,30,0.867,12,41,53,25,7,6,16,20,110,0.572,0.506,0.494,0.361,26.7,82.0,55.8,75.8,7.2,11.3,14.3,112.7,102.5,DET
33,86,0.384,8,36,0.222,17,20,0.85,5,23,28,25,11,2,12,19,91,0.48,0.43,0.419,0.233,10.9,76.7,36.8,75.8,11.2,4.1,11.2,92.6,115.0,4777fba9-2f29-44f5-bd40-13655faa8544,Away,ORL,0,43,72,0.597,7,23,0.304,20,25,0.8,7,41,48,24,7,6,22,16,113,0.681,0.646,0.319,0.347,23.3,89.1,63.2,55.8,7.1,12.0,21.0,115.0,92.6,DET
39,89,0.438,12,42,0.286,20,22,0.909,10,32,42,26,5,3,11,16,110,0.557,0.506,0.472,0.247,22.7,80.0,50.0,66.7,5.2,5.6,10.0,115.4,123.8,c4711431-e3b4-42b7-861f-abadb7b53c7a,Away,MIA,0,42,85,0.494,14,31,0.452,20,23,0.87,8,34,42,27,7,5,9,14,118,0.62,0.576,0.365,0.271,20.0,77.3,50.0,64.3,7.3,10.6,8.6,123.8,115.4,DET
43,82,0.524,12,30,0.4,20,21,0.952,13,37,50,24,7,4,23,18,118,0.647,0.598,0.366,0.256,35.1,90.2,64.1,55.8,7.0,9.3,20.1,118.3,112.3,b21ea2a7-a647-41a4-9096-6bf386601382,Home,BRK,1,41,84,0.488,17,41,0.415,13,18,0.722,4,24,28,24,12,4,14,17,112,0.609,0.589,0.488,0.214,9.8,64.9,35.9,58.5,12.0,7.7,13.2,112.3,118.3,DET
45,99,0.455,13,37,0.351,21,25,0.84,20,36,56,27,8,4,20,26,124,0.564,0.52,0.374,0.253,38.5,90.0,60.9,60.0,7.2,7.4,15.4,112.1,128.4,e0693ef2-8227-4784-9eaa-668f09a571bc,Home,DAL,0,51,92,0.554,14,38,0.368,26,32,0.813,4,32,36,29,13,8,14,18,142,0.669,0.63,0.413,0.348,10.0,61.5,39.1,56.9,11.8,12.9,11.7,128.4,112.1,DET
41,86,0.477,10,42,0.238,22,24,0.917,9,42,51,26,8,5,12,19,114,0.59,0.535,0.488,0.279,22.5,82.4,56.0,63.4,8.1,10.4,11.1,115.9,98.6,8d9abbc8-4a2d-4b66-8cf0-c5ce8eded43c,Home,CHO,1,34,88,0.386,13,40,0.325,16,23,0.696,9,31,40,27,7,2,13,16,97,0.494,0.46,0.455,0.261,17.6,77.5,44.0,79.4,7.1,4.5,11.7,98.6,115.9,DET
39,88,0.443,11,30,0.367,24,31,0.774,11,47,58,27,7,7,22,21,113,0.556,0.506,0.341,0.352,24.4,94.0,61.1,69.2,6.4,12.3,17.8,103.7,95.5,54a46dd9-3bd1-4d74-8ed7-b46a2ef58b49,Home,TOR,1,41,93,0.441,9,36,0.25,13,19,0.684,3,34,37,32,13,8,11,20,104,0.513,0.489,0.387,0.204,6.0,75.6,38.9,78.0,11.9,13.8,9.8,95.5,103.7,DET
36,84,0.429,10,38,0.263,13,15,0.867,9,39,48,27,5,2,18,16,95,0.524,0.488,0.452,0.179,20.5,81.3,52.2,75.0,5.1,3.5,16.6,97.3,110.6,d51a502f-eaf0-4487-8000-66ec7e779586,Home,MIA,0,43,91,0.473,7,34,0.206,15,21,0.714,9,35,44,23,14,6,8,16,108,0.539,0.511,0.374,0.231,18.8,79.5,47.8,53.5,14.3,13.0,7.4,110.6,97.3,DET
38,83,0.458,14,36,0.389,11,14,0.786,7,37,44,24,4,7,12,19,101,0.566,0.542,0.434,0.169,16.3,77.1,48.4,63.2,4.3,13.0,11.9,108.5,111.7,8a5748c9-c1a7-493c-9320-5258305add7d,Home,MIA,0,40,89,0.449,12,35,0.343,12,16,0.75,11,36,47,24,7,2,10,11,104,0.541,0.517,0.393,0.18,22.9,83.7,51.6,60.0,7.5,4.3,9.4,111.7,108.5,DET
36,84,0.429,9,29,0.31,13,15,0.867,8,35,43,21,6,3,13,15,94,0.519,0.482,0.345,0.179,17.4,70.0,44.8,58.3,6.4,6.5,12.5,99.7,126.2,6097eced-b4ec-4e99-94ee-3d50c23812fe,Away,BOS,0,43,95,0.453,22,49,0.449,11,13,0.846,15,38,53,30,8,8,11,9,119,0.591,0.568,0.516,0.137,30.0,82.6,55.2,69.8,8.5,14.5,9.8,126.2,99.7,DET
37,90,0.411,5,23,0.217,24,30,0.8,12,34,46,23,8,1,15,14,103,0.499,0.439,0.256,0.333,25.5,87.2,53.5,62.2,7.8,1.7,12.7,100.2,118.7,023191ad-cb04-477a-8ba5-968005c986cf,Home,IND,0,50,88,0.568,11,29,0.379,11,18,0.611,5,35,40,38,13,6,13,16,122,0.636,0.631,0.33,0.205,12.8,74.5,46.5,76.0,12.7,9.0,11.9,118.7,100.2,DET
42,83,0.506,9,31,0.29,9,13,0.692,8,34,42,25,4,1,19,23,102,0.575,0.56,0.373,0.157,22.9,81.0,54.5,59.5,4.1,2.3,17.6,104.4,132.0,f6f9bc9d-fda4-410c-b0b5-b14a8f692976,Home,BOS,0,47,89,0.528,16,45,0.356,19,27,0.704,8,27,35,31,9,5,7,15,129,0.639,0.618,0.506,0.303,19.0,77.1,45.5,66.0,9.2,9.6,6.5,132.0,104.4,DET
32,79,0.405,11,41,0.268,26,32,0.813,10,36,46,20,4,5,17,25,101,0.543,0.475,0.519,0.405,22.2,85.7,52.9,62.5,4.1,10.6,15.4,103.6,117.0,4cbd67c9-4a34-4d04-b038-b378b296d047,Home,NOP,0,41,81,0.506,11,34,0.324,21,31,0.677,6,35,41,27,8,7,10,22,114,0.602,0.574,0.42,0.383,14.3,77.8,47.1,65.9,8.2,18.4,9.6,117.0,103.6,DET
34,88,0.386,10,34,0.294,21,22,0.955,7,30,37,22,8,5,12,22,99,0.507,0.443,0.386,0.25,14.9,71.4,41.6,64.7,8.1,11.6,10.9,99.7,124.9,a11f74b5-8c67-4a38-8685-9b839e763923,Away,NYK,0,45,89,0.506,19,46,0.413,15,22,0.682,12,40,52,30,6,6,14,18,124,0.628,0.612,0.517,0.247,28.6,85.1,58.4,66.7,6.0,11.1,12.4,124.9,99.7,DET
31,81,0.383,9,32,0.281,20,25,0.8,10,31,41,15,9,1,12,14,91,0.495,0.438,0.395,0.309,24.4,77.5,50.6,48.4,10.0,2.2,11.5,100.7,117.3,a1f8e319-0a5f-4ba0-b0df-a6ca34d51d9c,Away,MIN,0,42,82,0.512,11,36,0.306,11,16,0.688,9,31,40,28,8,3,12,17,106,0.595,0.579,0.439,0.195,22.5,75.6,49.4,66.7,8.9,6.1,11.9,117.3,100.7,DET
37,89,0.416,6,24,0.25,16,20,0.8,8,39,47,19,9,5,13,18,96,0.491,0.449,0.27,0.225,17.4,81.3,50.0,51.4,9.0,9.1,11.7,96.0,87.0,05c1eb44-0492-4591-a360-65e91bb4333a,Away,WAS,1,36,88,0.409,9,33,0.273,6,8,0.75,9,38,47,22,2,4,19,18,87,0.475,0.46,0.375,0.091,18.8,82.6,50.0,61.1,2.0,6.2,17.2,87.0,96.0,DET
40,79,0.506,11,28,0.393,17,22,0.773,9,32,41,22,7,9,14,16,108,0.609,0.576,0.354,0.278,23.7,68.1,48.2,55.0,7.5,15.5,13.6,115.1,117.2,a47d6334-fa4e-45fc-ab70-ec03bfdf74f7,Home,MEM,0,40,91,0.44,11,33,0.333,19,23,0.826,15,29,44,28,11,9,13,18,110,0.544,0.5,0.363,0.253,31.9,76.3,51.8,70.0,11.7,17.6,11.4,117.2,115.1,DET
43,94,0.457,10,30,0.333,17,21,0.81,8,29,37,24,14,3,10,13,113,0.547,0.511,0.319,0.223,16.0,82.9,43.5,55.8,13.5,5.8,8.8,108.6,116.3,6521902c-1476-4aed-9dc0-a1034ba06231,Away,ATL,0,49,90,0.544,13,38,0.342,10,15,0.667,6,42,48,36,9,8,16,13,121,0.626,0.617,0.422,0.167,17.1,84.0,56.5,73.5,8.6,12.5,14.2,116.3,108.6,DET
32,79,0.405,8,30,0.267,18,24,0.75,10,28,38,22,13,4,18,14,90,0.502,0.456,0.38,0.304,22.7,65.1,43.7,68.8,13.4,6.8,16.7,92.5,111.0,47e47731-3dee-467a-bad9-267d8490474f,Away,MEM,0,42,90,0.467,10,31,0.323,14,16,0.875,15,34,49,24,13,7,21,14,108,0.556,0.522,0.344,0.178,34.9,77.3,56.3,57.1,13.4,14.3,17.8,111.0,92.5,DET
42,92,0.457,17,39,0.436,2,4,0.5,5,23,28,25,9,2,10,24,103,0.549,0.549,0.424,0.043,11.9,67.6,36.8,59.5,9.5,4.3,9.6,108.8,119.4,927b2062-b137-4d87-8725-db247af25e37,Away,BRK,0,38,73,0.521,11,27,0.407,26,33,0.788,11,37,48,20,3,7,18,11,113,0.646,0.596,0.37,0.452,32.4,88.1,63.2,52.6,3.2,13.2,17.1,119.4,108.8,DET
34,84,0.405,14,30,0.467,20,24,0.833,9,35,44,20,3,5,16,17,102,0.539,0.488,0.357,0.286,20.5,68.6,46.3,58.8,3.0,8.2,14.5,103.7,122.0,74c2c89b-6278-4ed8-bd2c-726ada14499f,Away,PHI,0,44,98,0.449,13,37,0.351,19,23,0.826,16,35,51,29,11,8,9,18,120,0.555,0.515,0.378,0.235,31.4,79.5,53.7,65.9,11.2,14.8,7.7,122.0,103.7,DET
38,77,0.494,14,35,0.4,15,23,0.652,7,31,38,27,4,2,20,12,105,0.603,0.584,0.455,0.299,18.4,73.8,47.5,71.1,4.1,3.3,18.7,106.7,129.0,f52ffcce-ce92-4512-a660-f5c8e103dce1,Home,CHI,0,51,96,0.531,14,36,0.389,11,15,0.733,11,31,42,28,14,5,9,15,127,0.619,0.604,0.375,0.156,26.2,81.6,52.5,54.9,14.2,11.9,8.1,129.0,106.7,DET
46,95,0.484,8,31,0.258,7,9,0.778,6,34,40,23,11,7,7,10,107,0.541,0.526,0.326,0.095,13.0,79.1,44.9,50.0,11.2,13.0,6.6,109.2,90.8,9d189266-7590-42fd-8ea0-ef61cfc8e8b8,Away,DAL,1,36,83,0.434,8,29,0.276,9,12,0.75,9,40,49,20,5,5,20,9,89,0.504,0.482,0.349,0.145,20.9,87.0,55.1,55.6,5.1,7.8,18.5,90.8,109.2,DET
36,92,0.391,8,33,0.242,15,20,0.75,11,29,40,17,7,3,14,9,95,0.471,0.435,0.359,0.217,20.8,70.7,42.6,47.2,7.0,5.3,12.2,95.5,123.6,2f9c0f37-d2a3-4e10-9dbc-db4d798b5672,Away,SAS,0,49,91,0.538,15,34,0.441,10,14,0.714,12,42,54,33,9,3,14,17,123,0.633,0.621,0.374,0.154,29.3,79.2,57.4,67.3,9.0,5.1,12.6,123.6,95.5,DET
