mp,fg,fga,fg_pct,fg3,fg3a,fg3_pct,ft,fta,ft_pct,orb,drb,trb,ast,stl,blk,tov,pf,pts,game_score,plus_minus,ts_pct,efg_pct,fg3a_per_fga_pct,fta_per_fga_pct,orb_pct,drb_pct,trb_pct,ast_pct,stl_pct,blk_pct,tov_pct,usg_pct,off_rtg,def_rtg,bpm,opp_mp,opp_fg,opp_fga,opp_fg_pct,opp_fg3,opp_fg3a,opp_fg3_pct,opp_ft,opp_fta,opp_ft_pct,opp_orb,opp_drb,opp_trb,opp_ast,opp_stl,opp_blk,opp_tov,opp_pf,opp_pts,opp_game_score,opp_plus_minus,opp_ts_pct,opp_efg_pct,opp_fg3a_per_fga_pct,opp_fta_per_fga_pct,opp_orb_pct,opp_drb_pct,opp_trb_pct,opp_ast_pct,opp_stl_pct,opp_blk_pct,opp_tov_pct,opp_usg_pct,opp_off_rtg,opp_def_rtg,opp_bpm
240,41,92,.446,11,32,.344,9,15,.600,17,39,56,28,3,13,17,23,102,,,.517,.505,.348,.163,34.7,70.9,53.8,68.3,3.2,18.6,14.7,100.0,108.3,109.4,,240,37,92,.402,8,22,.364,21,26,.808,16,32,48,22,11,3,7,18,103,,,.498,.446,.239,.283,29.1,65.3,46.2,59.5,11.7,5.0,6.3,100.0,109.4,108.3,
240,40,88,.455,10,30,.333,21,25,.840,12,41,53,28,7,6,24,29,111,,,.561,.511,.341,.284,28.6,78.8,56.4,70.0,6.5,10.0,19.5,100.0,103.5,92.3,,240,33,88,.375,7,28,.250,26,34,.765,11,30,41,20,13,7,18,23,99,,,.481,.415,.318,.386,21.2,71.4,43.6,60.6,12.1,12.1,14.9,100.0,92.3,103.5,
240,45,86,.523,12,28,.429,16,20,.800,15,38,53,29,4,4,17,18,118,,,.622,.593,.326,.233,42.9,74.5,61.6,64.4,4.3,6.2,15.2,100.0,127.7,110.3,,240,39,93,.419,11,28,.393,13,16,.813,13,20,33,16,10,5,8,20,102,,,.510,.478,.301,.172,25.5,57.1,38.4,41.0,10.8,8.6,7.4,100.0,110.3,127.7,
240,39,91,.429,15,28,.536,19,24,.792,13,28,41,31,6,5,17,25,112,,,.551,.511,.308,.264,25.5,82.4,48.2,79.5,5.8,9.3,14.3,100.0,109.1,120.8,,240,44,83,.530,13,29,.448,23,28,.821,6,38,44,21,9,10,15,19,124,,,.650,.608,.349,.337,17.6,74.5,51.8,47.7,8.8,15.9,13.6,100.0,120.8,109.1,
240,40,90,.444,11,29,.379,10,11,.909,6,32,38,24,12,4,18,31,101,,,.532,.506,.322,.122,14.0,82.1,46.3,60.0,11.5,6.6,16.0,100.0,97.2,105.8,,240,38,81,.469,7,20,.350,27,33,.818,7,37,44,23,10,7,17,15,110,,,.576,.512,.247,.407,17.9,86.0,53.7,60.5,9.6,11.5,15.1,100.0,105.8,97.2,
240,41,94,.436,13,38,.342,21,26,.808,19,29,48,30,4,5,16,31,116,,,.550,.505,.404,.277,39.6,80.6,57.1,73.2,4.1,10.4,13.2,100.0,118.7,127.9,,240,39,80,.488,14,32,.438,33,35,.943,7,29,36,27,5,7,12,18,125,,,.655,.575,.400,.438,19.4,60.4,42.9,69.2,5.1,12.5,11.2,100.0,127.9,118.7,
240,43,87,.494,8,23,.348,12,14,.857,10,23,33,25,7,6,16,23,106,,,.569,.540,.264,.161,25.6,62.2,43.4,58.1,7.2,9.2,14.7,100.0,108.9,123.3,,240,43,86,.500,8,21,.381,26,29,.897,14,29,43,29,8,10,18,13,120,,,.608,.547,.244,.337,37.8,74.4,56.6,67.4,8.2,15.6,15.4,100.0,123.3,108.9,
240,38,80,.475,13,30,.433,20,21,.952,7,32,39,23,8,2,16,20,109,,,.611,.556,.375,.263,20.6,65.3,47.0,60.5,8.3,3.6,15.2,100.0,113.2,124.6,,240,46,97,.474,12,41,.293,16,21,.762,17,27,44,26,8,4,11,14,120,,,.565,.536,.423,.216,34.7,79.4,53.0,56.5,8.3,8.0,9.4,100.0,124.6,113.2,
240,48,98,.490,7,29,.241,15,16,.938,11,42,53,28,2,5,19,24,118,,,.562,.526,.296,.163,26.2,89.4,59.6,58.3,1.8,9.4,15.3,100.0,109.0,110.8,,240,41,90,.456,11,37,.297,27,32,.844,5,31,36,19,8,7,10,18,120,,,.576,.517,.411,.356,10.6,73.8,40.4,46.3,7.4,10.1,8.8,100.0,110.8,109.0,
240,40,86,.465,8,28,.286,18,22,.818,11,37,48,28,3,5,17,26,106,,,.554,.512,.326,.256,23.9,77.1,51.1,70.0,3.1,9.1,15.1,100.0,107.8,115.9,,240,35,83,.422,9,28,.321,35,41,.854,11,35,46,23,13,5,9,23,114,,,.564,.476,.337,.494,22.9,76.1,48.9,65.7,13.2,8.6,8.2,100.0,115.9,107.8,
240,38,88,.432,11,32,.344,21,26,.808,16,33,49,26,4,6,16,19,108,,,.543,.494,.364,.295,35.6,75.0,55.1,68.4,4.2,9.8,13.9,100.0,113.2,124.7,,240,44,91,.484,11,30,.367,20,25,.800,11,29,40,22,12,6,7,21,119,,,.583,.544,.330,.275,25.0,64.4,44.9,50.0,12.6,10.7,6.4,100.0,124.7,113.2,
240,47,90,.522,10,29,.345,16,23,.696,14,28,42,36,9,6,17,20,120,,,.599,.578,.322,.256,31.1,73.7,50.6,76.6,8.9,11.1,14.5,100.0,119.1,125.1,,240,45,87,.517,12,33,.364,24,26,.923,10,31,41,28,9,7,14,19,126,,,.640,.586,.379,.299,26.3,68.9,49.4,62.2,8.9,11.5,12.5,100.0,125.1,119.1,
240,39,91,.429,9,35,.257,13,15,.867,18,33,51,20,8,6,17,19,100,,,.512,.478,.385,.165,36.0,82.5,56.7,51.3,8.5,9.8,14.8,100.0,105.9,114.4,,240,42,82,.512,9,21,.429,15,21,.714,7,32,39,21,9,6,12,9,108,,,.592,.567,.256,.256,17.5,64.0,43.3,50.0,9.5,10.7,11.6,100.0,114.4,105.9,
240,39,83,.470,9,26,.346,26,35,.743,7,34,41,25,3,3,17,23,113,,,.574,.524,.313,.422,16.7,73.9,46.6,64.1,2.8,4.5,14.7,100.0,105.3,132.3,,240,55,102,.539,14,36,.389,18,29,.621,12,35,47,44,10,5,8,23,142,,,.619,.608,.353,.284,26.1,83.3,53.4,80.0,9.3,8.8,6.5,100.0,132.3,105.3,
240,36,81,.444,7,21,.333,24,26,.923,11,32,43,21,7,5,18,24,103,,,.557,.488,.259,.321,25.6,74.4,50.0,58.3,7.2,8.5,16.3,100.0,106.4,110.5,,240,40,87,.460,11,28,.393,16,21,.762,11,32,43,30,7,8,14,17,107,,,.556,.523,.322,.241,25.6,74.4,50.0,75.0,7.2,13.3,12.7,100.0,110.5,106.4,
240,43,90,.478,7,18,.389,20,24,.833,14,29,43,22,6,11,14,18,113,,,.562,.517,.200,.267,35.9,65.9,51.8,51.2,6.1,17.2,12.2,100.0,114.8,138.2,,240,49,102,.480,16,38,.421,22,24,.917,15,25,40,24,7,8,9,21,136,,,.604,.559,.373,.235,34.1,64.1,48.2,49.0,7.1,11.1,7.4,100.0,138.2,114.8,
240,43,102,.422,8,38,.211,13,19,.684,18,31,49,29,7,11,17,22,107,,,.485,.461,.373,.186,31.0,83.8,51.6,67.4,6.5,18.3,13.3,100.0,99.3,116.9,,240,45,89,.506,10,29,.345,26,28,.929,6,40,46,29,8,6,16,19,126,,,.622,.562,.326,.315,16.2,69.0,48.4,64.4,7.4,9.4,13.6,100.0,116.9,99.3,
240,40,97,.412,15,36,.417,12,14,.857,10,29,39,28,8,3,14,31,107,,,.519,.490,.371,.144,19.6,78.4,44.3,70.0,7.6,5.6,11.9,100.0,102.0,126.7,,240,45,88,.511,12,34,.353,31,38,.816,8,41,49,28,7,10,12,12,133,,,.635,.580,.386,.432,21.6,80.4,55.7,62.2,6.7,16.4,10.3,100.0,126.7,102.0,
240,43,81,.531,15,35,.429,11,17,.647,8,34,42,22,4,3,20,25,112,,,.633,.623,.432,.210,21.6,73.9,50.6,51.2,4.1,6.4,18.4,100.0,114.2,120.4,,240,41,88,.466,16,41,.390,20,28,.714,12,29,41,25,8,3,11,17,118,,,.588,.557,.466,.318,26.1,78.4,49.4,61.0,8.2,6.5,9.9,100.0,120.4,114.2,
240,39,83,.470,8,30,.267,15,23,.652,10,39,49,24,9,3,16,20,101,,,.542,.518,.361,.277,22.2,83.0,53.3,61.5,9.1,5.1,14.7,100.0,102.7,111.8,,240,44,89,.494,10,30,.333,12,18,.667,8,35,43,25,11,1,11,18,110,,,.567,.551,.337,.202,17.0,77.8,46.7,56.8,11.2,1.9,10.2,100.0,111.8,102.7,
240,41,91,.451,11,35,.314,9,9,1.000,8,34,42,30,9,6,17,17,102,,,.537,.511,.385,.099,17.8,79.1,47.7,73.2,8.9,9.2,15.2,100.0,100.6,114.4,,240,47,91,.516,11,26,.423,11,14,.786,9,37,46,26,10,8,14,9,116,,,.597,.577,.286,.154,20.9,82.2,52.3,55.3,9.9,14.3,12.6,100.0,114.4,100.6,
240,34,81,.420,6,30,.200,17,24,.708,8,30,38,17,3,2,16,17,91,,,.497,.457,.370,.296,17.0,83.3,45.8,50.0,3.0,3.2,14.9,100.0,92.1,124.6,,240,49,89,.551,10,26,.385,15,19,.789,6,39,45,26,5,4,10,20,123,,,.632,.607,.292,.213,16.7,83.0,54.2,53.1,5.1,7.8,9.3,100.0,124.6,92.1,
240,45,81,.556,10,29,.345,23,30,.767,6,24,30,26,11,4,15,18,123,,,.653,.617,.358,.370,15.8,68.6,41.1,57.8,10.7,6.6,13.7,100.0,119.4,127.1,,240,52,92,.565,13,31,.419,14,19,.737,11,32,43,33,8,5,18,20,131,,,.653,.636,.337,.207,31.4,84.2,58.9,63.5,7.8,9.6,15.2,100.0,127.1,119.4,
240,39,88,.443,10,33,.303,23,30,.767,6,29,35,24,6,3,10,22,111,,,.548,.500,.375,.341,12.2,74.4,39.8,61.5,5.9,5.3,9.0,100.0,109.0,126.7,,240,45,87,.517,11,30,.367,28,34,.824,10,43,53,28,6,4,11,20,129,,,.633,.580,.345,.391,25.6,87.8,60.2,62.2,5.9,7.3,9.7,100.0,126.7,109.0,
240,35,81,.432,4,21,.190,18,23,.783,7,35,42,19,3,7,21,25,92,,,.505,.457,.259,.284,15.6,68.6,43.8,54.3,2.9,11.5,18.7,100.0,89.0,119.9,,240,41,98,.418,14,37,.378,28,31,.903,16,38,54,24,17,8,12,23,124,,,.555,.490,.378,.316,31.4,84.4,56.3,58.5,16.4,13.3,9.7,100.0,119.9,89.0,
240,43,96,.448,6,28,.214,22,26,.846,10,26,36,25,10,4,8,23,114,,,.531,.479,.292,.271,19.6,76.5,42.4,58.1,9.5,8.7,6.9,100.0,108.8,139.4,,240,50,88,.568,19,42,.452,27,32,.844,8,41,49,24,5,8,15,24,146,,,.715,.676,.477,.364,23.5,80.4,57.6,48.0,4.8,11.8,12.8,100.0,139.4,108.8,
240,48,94,.511,9,22,.409,19,27,.704,12,24,36,23,7,3,13,26,124,,,.586,.559,.234,.287,29.3,68.6,47.4,47.9,6.9,6.1,10.9,100.0,121.5,127.4,,240,46,85,.541,16,36,.444,22,27,.815,11,29,40,25,6,10,18,24,130,,,.671,.635,.424,.318,31.4,70.7,52.6,54.3,5.9,13.9,15.7,100.0,127.4,121.5,
240,43,86,.500,9,31,.290,16,19,.842,12,29,41,24,6,9,21,19,111,,,.588,.552,.360,.221,29.3,65.9,48.2,55.8,6.0,14.1,18.2,100.0,111.5,119.5,,240,43,94,.457,11,30,.367,22,24,.917,15,29,44,26,15,7,13,18,119,,,.569,.516,.319,.255,34.1,70.7,51.8,60.5,15.1,12.7,11.1,100.0,119.5,111.5,
240,39,79,.494,15,35,.429,22,29,.759,6,30,36,26,5,3,14,25,115,,,.627,.589,.443,.367,16.2,81.1,48.6,66.7,5.0,4.8,13.2,100.0,114.9,125.9,,240,45,86,.523,10,24,.417,26,32,.813,7,31,38,32,10,3,12,22,126,,,.629,.581,.279,.372,18.9,83.8,51.4,71.1,10.0,6.8,10.7,100.0,125.9,114.9,
240,40,90,.444,9,25,.360,23,32,.719,16,36,52,20,6,4,14,27,112,,,.538,.494,.278,.356,31.4,83.7,55.3,50.0,6.0,6.7,11.9,100.0,111.4,117.4,,240,41,82,.500,9,22,.409,27,43,.628,7,35,42,22,6,7,9,22,118,,,.585,.555,.268,.524,16.3,68.6,44.7,53.7,6.0,10.8,8.2,100.0,117.4,111.4,
265,48,101,.475,14,43,.326,12,19,.632,19,38,57,27,7,4,19,21,122,,,.558,.545,.426,.188,37.3,77.6,57.0,56.3,6.5,6.7,14.8,100.0,113.4,118.9,,265,48,99,.485,11,39,.282,21,25,.840,11,32,43,25,10,4,12,15,128,,,.582,.540,.394,.253,22.4,62.7,43.0,52.1,9.3,6.9,9.8,100.0,118.9,113.4,
240,41,82,.500,12,28,.429,35,40,.875,6,35,41,29,4,4,12,22,129,,,.648,.573,.341,.488,18.2,85.4,55.4,70.7,3.9,6.0,10.8,100.0,125.7,123.8,,240,46,91,.505,12,24,.500,23,28,.821,6,27,33,26,9,5,8,27,127,,,.615,.571,.264,.308,14.6,81.8,44.6,56.5,8.8,9.3,7.2,100.0,123.8,125.7,
240,40,83,.482,13,29,.448,20,27,.741,10,27,37,27,3,4,18,21,113,,,.595,.560,.349,.325,23.3,81.8,48.7,67.5,2.9,7.1,15.9,100.0,110.8,133.4,,240,51,91,.560,15,35,.429,19,24,.792,6,33,39,34,11,1,10,19,136,,,.670,.643,.385,.264,18.2,76.7,51.3,66.7,10.8,1.9,9.0,100.0,133.4,110.8,
265,56,105,.533,19,41,.463,17,22,.773,16,32,48,33,5,3,17,27,148,,,.645,.624,.390,.210,36.4,68.1,52.7,58.9,4.5,4.2,12.9,100.0,132.3,137.7,,265,53,103,.515,16,32,.500,32,35,.914,15,28,43,28,11,8,12,22,154,,,.650,.592,.311,.340,31.9,63.6,47.3,52.8,9.8,12.5,9.2,100.0,137.7,132.3,
240,44,98,.449,13,44,.295,8,10,.800,10,30,40,25,8,9,11,23,109,,,.532,.515,.449,.102,20.8,81.1,47.1,56.8,7.9,20.5,9.7,100.0,107.4,111.3,,240,38,82,.463,16,38,.421,21,25,.840,7,38,45,24,3,5,19,18,113,,,.608,.561,.463,.305,18.9,79.2,52.9,63.2,3.0,9.3,17.0,100.0,111.3,107.4,
240,42,89,.472,9,24,.375,21,30,.700,13,24,37,28,6,0,12,20,114,,,.558,.522,.270,.337,28.9,80.0,49.3,66.7,6.1,0.0,10.5,100.0,115.3,132.5,,240,47,80,.588,10,27,.370,27,31,.871,6,32,38,35,6,10,14,23,131,,,.699,.650,.338,.388,20.0,71.1,50.7,74.5,6.1,15.4,13.0,100.0,132.5,115.3,
240,40,85,.471,14,37,.378,16,21,.762,13,27,40,27,12,2,21,19,110,,,.584,.553,.435,.247,27.7,73.0,47.6,67.5,11.6,3.3,18.2,100.0,106.2,126.5,,240,54,94,.574,13,33,.394,10,14,.714,10,34,44,39,8,6,18,21,131,,,.654,.644,.351,.149,27.0,72.3,52.4,72.2,7.7,12.5,15.2,100.0,126.5,106.2,
240,44,96,.458,10,32,.313,10,13,.769,9,34,43,33,4,3,10,19,108,,,.531,.510,.333,.135,20.0,77.3,48.3,75.0,4.0,4.5,9.0,100.0,108.6,130.7,,240,49,94,.521,9,27,.333,23,27,.852,10,36,46,36,7,4,5,15,130,,,.614,.569,.287,.287,22.7,80.0,51.7,73.5,7.0,6.3,4.5,100.0,130.7,108.6,
240,44,88,.500,12,35,.343,10,16,.625,11,35,46,32,6,9,15,21,110,,,.579,.568,.398,.182,26.2,77.8,52.9,72.7,6.2,15.0,13.6,100.0,113.2,115.2,,240,41,90,.456,8,30,.267,22,25,.880,10,31,41,21,8,5,9,16,112,,,.554,.500,.333,.278,22.2,73.8,47.1,51.2,8.2,9.4,8.2,100.0,115.2,113.2,
240,50,90,.556,12,31,.387,17,23,.739,12,40,52,30,4,10,16,13,129,,,.644,.622,.344,.256,32.4,83.3,61.2,60.0,4.0,18.5,13.8,100.0,129.2,117.2,,240,44,95,.463,19,41,.463,10,11,.909,8,25,33,30,8,7,8,19,117,,,.586,.563,.432,.116,16.7,67.6,38.8,68.2,8.0,11.9,7.4,100.0,117.2,129.2,
240,46,89,.517,12,31,.387,13,19,.684,8,32,40,30,4,7,12,18,117,,,.601,.584,.348,.213,19.5,78.0,48.8,65.2,4.0,11.1,11.0,100.0,116.3,123.2,,240,47,93,.505,15,30,.500,15,21,.714,9,33,42,32,7,5,11,14,124,,,.606,.586,.323,.226,22.0,80.5,51.2,68.1,7.0,8.6,9.7,100.0,123.2,116.3,
240,44,94,.468,21,37,.568,26,32,.813,9,31,40,30,6,2,9,30,135,,,.625,.580,.394,.340,18.0,79.5,44.9,68.2,5.6,3.8,7.7,100.0,127.1,132.7,,240,47,85,.553,12,32,.375,35,49,.714,8,41,49,30,6,6,10,18,141,,,.662,.624,.376,.576,20.5,82.0,55.1,63.8,5.6,10.5,8.6,100.0,132.7,127.1,
240,40,89,.449,10,30,.333,23,29,.793,6,36,42,25,4,9,10,25,113,,,.555,.506,.337,.326,13.3,78.3,46.2,62.5,3.8,16.4,8.9,100.0,108.6,117.2,,240,42,94,.447,10,39,.256,28,34,.824,10,39,49,26,7,8,9,22,122,,,.560,.500,.415,.362,21.7,86.7,53.8,61.9,6.7,13.6,7.6,100.0,117.2,108.6,
240,43,86,.500,15,38,.395,12,20,.600,5,39,44,26,4,0,11,17,113,,,.596,.587,.442,.233,11.4,81.3,47.8,60.5,4.1,0.0,10.4,100.0,115.6,108.4,,240,38,87,.437,15,38,.395,15,19,.789,9,39,48,27,5,5,11,22,106,,,.556,.523,.437,.218,18.8,88.6,52.2,71.1,5.1,10.4,10.3,100.0,108.4,115.6,
240,37,85,.435,9,32,.281,21,27,.778,11,34,45,22,2,8,17,20,104,,,.537,.488,.376,.318,24.4,68.0,47.4,59.5,2.0,12.1,14.9,100.0,104.1,118.1,,240,45,100,.450,11,34,.324,17,21,.810,16,34,50,26,10,4,10,19,118,,,.540,.505,.340,.210,32.0,75.6,52.6,57.8,10.0,7.5,8.4,100.0,118.1,104.1,
240,47,95,.495,11,26,.423,15,19,.789,15,38,53,27,6,2,9,11,120,,,.580,.553,.274,.200,31.9,77.6,55.2,57.4,6.3,3.1,8.0,100.0,126.0,109.2,,240,44,92,.478,8,28,.286,8,12,.667,11,32,43,17,7,5,10,18,104,,,.535,.522,.304,.130,22.4,68.1,44.8,38.6,7.3,7.2,9.3,100.0,109.2,126.0,
240,45,81,.556,16,31,.516,15,19,.789,7,28,35,27,8,3,19,17,121,,,.677,.654,.383,.235,23.3,73.7,51.5,60.0,8.2,5.6,17.5,100.0,124.8,132.0,,240,47,89,.528,12,35,.343,22,23,.957,10,23,33,26,13,5,9,15,128,,,.646,.596,.393,.258,26.3,76.7,48.5,55.3,13.4,10.0,8.3,100.0,132.0,124.8,
240,45,89,.506,17,40,.425,18,24,.750,13,25,38,28,5,3,17,18,125,,,.628,.601,.449,.270,31.0,78.1,51.4,62.2,5.0,5.0,14.6,100.0,124.9,135.9,,240,53,89,.596,14,29,.483,16,19,.842,7,29,36,31,12,5,11,21,136,,,.698,.674,.326,.213,21.9,69.0,48.6,58.5,12.0,10.2,10.2,100.0,135.9,124.9,
240,36,80,.450,8,31,.258,19,22,.864,9,27,36,22,6,5,15,18,99,,,.552,.500,.388,.275,23.1,79.4,49.3,61.1,6.5,8.3,14.3,100.0,107.4,120.4,,240,45,84,.536,10,24,.417,11,15,.733,7,30,37,22,7,3,10,18,111,,,.613,.595,.286,.179,20.6,76.9,50.7,48.9,7.6,6.1,9.9,100.0,120.4,107.4,
240,47,84,.560,17,31,.548,22,22,1.000,6,42,48,32,2,2,13,21,133,,,.710,.661,.369,.262,17.6,89.4,59.3,68.1,2.0,3.9,12.2,100.0,132.4,119.4,,240,45,95,.474,15,44,.341,15,22,.682,5,28,33,31,7,6,4,20,120,,,.573,.553,.463,.232,10.6,82.4,40.7,68.9,7.0,11.3,3.7,100.0,119.4,132.4,
265,45,93,.484,16,27,.593,22,31,.710,16,29,45,26,3,7,17,23,128,,,.600,.570,.290,.333,37.2,72.5,54.2,57.8,2.9,11.9,13.7,100.0,122.9,117.1,,265,41,89,.461,11,30,.367,29,33,.879,11,27,38,29,9,7,17,27,122,,,.589,.522,.337,.371,27.5,62.8,45.8,70.7,8.6,10.6,14.1,100.0,117.1,122.9,
240,45,102,.441,9,30,.300,7,7,1.000,14,43,57,27,7,2,14,19,106,,,.504,.485,.294,.069,28.6,100.0,62.0,60.0,6.8,4.7,11.8,100.0,103.5,109.4,,240,37,82,.451,13,39,.333,25,26,.962,0,35,35,20,9,6,11,13,112,,,.599,.530,.476,.317,0.0,71.4,38.0,54.1,8.8,8.3,10.5,100.0,109.4,103.5,
240,45,108,.417,8,28,.286,13,17,.765,17,33,50,30,8,2,10,24,111,,,.481,.454,.259,.157,29.8,82.5,51.5,66.7,7.7,4.1,8.0,100.0,106.2,119.6,,240,43,84,.512,14,35,.400,25,30,.833,7,40,47,32,6,11,16,14,125,,,.643,.595,.417,.357,17.5,70.2,48.5,74.4,5.7,13.8,14.1,100.0,119.6,106.2,
240,38,99,.384,10,37,.270,14,22,.636,16,32,48,26,14,5,19,32,100,,,.460,.434,.374,.222,26.2,78.0,47.1,68.4,12.8,10.9,14.9,100.0,91.6,106.2,,240,35,77,.455,10,31,.323,36,44,.818,9,45,54,28,15,11,24,20,116,,,.602,.519,.403,.571,22.0,73.8,52.9,80.0,13.7,17.7,19.9,100.0,106.2,91.6,
240,47,89,.528,12,30,.400,9,18,.500,6,35,41,27,6,4,15,21,115,,,.593,.596,.337,.202,14.6,83.3,49.4,57.4,5.7,6.3,13.4,100.0,108.3,121.5,,240,50,94,.532,13,30,.433,16,19,.842,7,35,42,36,10,5,14,15,129,,,.630,.601,.319,.202,16.7,85.4,50.6,72.0,9.4,8.5,12.0,100.0,121.5,108.3,
240,43,85,.506,14,31,.452,9,13,.692,7,29,36,29,7,7,12,21,109,,,.601,.588,.365,.153,17.5,69.0,43.9,67.4,7.4,11.1,11.7,100.0,115.9,119.0,,240,43,87,.494,12,24,.500,14,21,.667,13,33,46,25,9,9,13,15,112,,,.582,.563,.276,.241,31.0,82.5,56.1,58.1,9.6,16.7,11.9,100.0,119.0,115.9,
240,38,79,.481,14,30,.467,21,26,.808,10,32,42,25,9,6,17,15,111,,,.614,.570,.380,.329,25.6,68.1,48.8,65.8,9.4,11.3,15.8,100.0,115.5,117.6,,240,41,92,.446,15,39,.385,16,21,.762,15,29,44,31,9,4,14,16,113,,,.558,.527,.424,.228,31.9,74.4,51.2,75.6,9.4,8.2,12.1,100.0,117.6,115.5,
240,37,75,.493,14,37,.378,17,23,.739,8,39,47,22,3,8,20,19,105,,,.617,.587,.493,.307,25.0,72.2,54.7,59.5,3.2,11.6,19.0,100.0,111.9,101.2,,240,39,98,.398,2,29,.069,15,18,.833,15,24,39,22,11,3,6,18,95,,,.448,.408,.296,.184,27.8,75.0,45.3,56.4,11.7,7.9,5.4,100.0,101.2,111.9,
240,33,89,.371,10,36,.278,24,28,.857,9,33,42,24,10,7,9,23,100,,,.493,.427,.404,.315,18.0,73.3,44.2,72.7,10.2,16.7,8.2,100.0,102.5,112.7,,240,33,83,.398,18,41,.439,26,30,.867,12,41,53,25,7,6,16,20,110,,,.572,.506,.494,.361,26.7,82.0,55.8,75.8,7.2,11.3,14.3,100.0,112.7,102.5,
240,33,86,.384,8,36,.222,17,20,.850,5,23,28,25,11,2,12,19,91,,,.480,.430,.419,.233,10.9,76.7,36.8,75.8,11.2,4.1,11.2,100.0,92.6,115.0,,240,43,72,.597,7,23,.304,20,25,.800,7,41,48,24,7,6,22,16,113,,,.681,.646,.319,.347,23.3,89.1,63.2,55.8,7.1,12.0,21.0,100.0,115.0,92.6,
240,39,89,.438,12,42,.286,20,22,.909,10,32,42,26,5,3,11,16,110,,,.557,.506,.472,.247,22.7,80.0,50.0,66.7,5.2,5.6,10.0,100.0,115.4,123.8,,240,42,85,.494,14,31,.452,20,23,.870,8,34,42,27,7,5,9,14,118,,,.620,.576,.365,.271,20.0,77.3,50.0,64.3,7.3,10.6,8.6,100.0,123.8,115.4,
240,43,82,.524,12,30,.400,20,21,.952,13,37,50,24,7,4,23,18,118,,,.647,.598,.366,.256,35.1,90.2,64.1,55.8,7.0,9.3,20.1,100.0,118.3,112.3,,240,41,84,.488,17,41,.415,13,18,.722,4,24,28,24,12,4,14,17,112,,,.609,.589,.488,.214,9.8,64.9,35.9,58.5,12.0,7.7,13.2,100.0,112.3,118.3,
240,45,99,.455,13,37,.351,21,25,.840,20,36,56,27,8,4,20,26,124,,,.564,.520,.374,.253,38.5,90.0,60.9,60.0,7.2,7.4,15.4,100.0,112.1,128.4,,240,51,92,.554,14,38,.368,26,32,.813,4,32,36,29,13,8,14,18,142,,,.669,.630,.413,.348,10.0,61.5,39.1,56.9,11.8,12.9,11.7,100.0,128.4,112.1,
240,41,86,.477,10,42,.238,22,24,.917,9,42,51,26,8,5,12,19,114,,,.590,.535,.488,.279,22.5,82.4,56.0,63.4,8.1,10.4,11.1,100.0,115.9,98.6,,240,34,88,.386,13,40,.325,16,23,.696,9,31,40,27,7,2,13,16,97,,,.494,.460,.455,.261,17.6,77.5,44.0,79.4,7.1,4.5,11.7,100.0,98.6,115.9,
240,39,88,.443,11,30,.367,24,31,.774,11,47,58,27,7,7,22,21,113,,,.556,.506,.341,.352,24.4,94.0,61.1,69.2,6.4,12.3,17.8,100.0,103.7,95.5,,240,41,93,.441,9,36,.250,13,19,.684,3,34,37,32,13,8,11,20,104,,,.513,.489,.387,.204,6.0,75.6,38.9,78.0,11.9,13.8,9.8,100.0,95.5,103.7,
240,36,84,.429,10,38,.263,13,15,.867,9,39,48,27,5,2,18,16,95,,,.524,.488,.452,.179,20.5,81.3,52.2,75.0,5.1,3.5,16.6,100.0,97.3,110.6,,240,43,91,.473,7,34,.206,15,21,.714,9,35,44,23,14,6,8,16,108,,,.539,.511,.374,.231,18.8,79.5,47.8,53.5,14.3,13.0,7.4,100.0,110.6,97.3,
240,38,83,.458,14,36,.389,11,14,.786,7,37,44,24,4,7,12,19,101,,,.566,.542,.434,.169,16.3,77.1,48.4,63.2,4.3,13.0,11.9,100.0,108.5,111.7,,240,40,89,.449,12,35,.343,12,16,.750,11,36,47,24,7,2,10,11,104,,,.541,.517,.393,.180,22.9,83.7,51.6,60.0,7.5,4.3,9.4,100.0,111.7,108.5,
240,36,84,.429,9,29,.310,13,15,.867,8,35,43,21,6,3,13,15,94,,,.519,.482,.345,.179,17.4,70.0,44.8,58.3,6.4,6.5,12.5,100.0,99.7,126.2,,240,43,95,.453,22,49,.449,11,13,.846,15,38,53,30,8,8,11,9,119,,,.591,.568,.516,.137,30.0,82.6,55.2,69.8,8.5,14.5,9.8,100.0,126.2,99.7,
240,37,90,.411,5,23,.217,24,30,.800,12,34,46,23,8,1,15,14,103,,,.499,.439,.256,.333,25.5,87.2,53.5,62.2,7.8,1.7,12.7,100.0,100.2,118.7,,240,50,88,.568,11,29,.379,11,18,.611,5,35,40,38,13,6,13,16,122,,,.636,.631,.330,.205,12.8,74.5,46.5,76.0,12.7,9.0,11.9,100.0,118.7,100.2,
240,42,83,.506,9,31,.290,9,13,.692,8,34,42,25,4,1,19,23,102,,,.575,.560,.373,.157,22.9,81.0,54.5,59.5,4.1,2.3,17.6,100.0,104.4,132.0,,240,47,89,.528,16,45,.356,19,27,.704,8,27,35,31,9,5,7,15,129,,,.639,.618,.506,.303,19.0,77.1,45.5,66.0,9.2,9.6,6.5,100.0,132.0,104.4,
240,32,79,.405,11,41,.268,26,32,.813,10,36,46,20,4,5,17,25,101,,,.543,.475,.519,.405,22.2,85.7,52.9,62.5,4.1,10.6,15.4,100.0,103.6,117.0,,240,41,81,.506,11,34,.324,21,31,.677,6,35,41,27,8,7,10,22,114,,,.602,.574,.420,.383,14.3,77.8,47.1,65.9,8.2,18.4,9.6,100.0,117.0,103.6,
240,34,88,.386,10,34,.294,21,22,.955,7,30,37,22,8,5,12,22,99,,,.507,.443,.386,.250,14.9,71.4,41.6,64.7,8.1,11.6,10.9,100.0,99.7,124.9,,240,45,89,.506,19,46,.413,15,22,.682,12,40,52,30,6,6,14,18,124,,,.628,.612,.517,.247,28.6,85.1,58.4,66.7,6.0,11.1,12.4,100.0,124.9,99.7,
240,31,81,.383,9,32,.281,20,25,.800,10,31,41,15,9,1,12,14,91,,,.495,.438,.395,.309,24.4,77.5,50.6,48.4,10.0,2.2,11.5,100.0,100.7,117.3,,240,42,82,.512,11,36,.306,11,16,.688,9,31,40,28,8,3,12,17,106,,,.595,.579,.439,.195,22.5,75.6,49.4,66.7,8.9,6.1,11.9,100.0,117.3,100.7,
240,37,89,.416,6,24,.250,16,20,.800,8,39,47,19,9,5,13,18,96,,,.491,.449,.270,.225,17.4,81.3,50.0,51.4,9.0,9.1,11.7,100.0,96.0,87.0,,240,36,88,.409,9,33,.273,6,8,.750,9,38,47,22,2,4,19,18,87,,,.475,.460,.375,.091,18.8,82.6,50.0,61.1,2.0,6.2,17.2,100.0,87.0,96.0,
240,40,79,.506,11,28,.393,17,22,.773,9,32,41,22,7,9,14,16,108,,,.609,.576,.354,.278,23.7,68.1,48.2,55.0,7.5,15.5,13.6,100.0,115.1,117.2,,240,40,91,.440,11,33,.333,19,23,.826,15,29,44,28,11,9,13,18,110,,,.544,.500,.363,.253,31.9,76.3,51.8,70.0,11.7,17.6,11.4,100.0,117.2,115.1,
240,43,94,.457,10,30,.333,17,21,.810,8,29,37,24,14,3,10,13,113,,,.547,.511,.319,.223,16.0,82.9,43.5,55.8,13.5,5.8,8.8,100.0,108.6,116.3,,240,49,90,.544,13,38,.342,10,15,.667,6,42,48,36,9,8,16,13,121,,,.626,.617,.422,.167,17.1,84.0,56.5,73.5,8.6,12.5,14.2,100.0,116.3,108.6,
240,32,79,.405,8,30,.267,18,24,.750,10,28,38,22,13,4,18,14,90,,,.502,.456,.380,.304,22.7,65.1,43.7,68.8,13.4,6.8,16.7,100.0,92.5,111.0,,240,42,90,.467,10,31,.323,14,16,.875,15,34,49,24,13,7,21,14,108,,,.556,.522,.344,.178,34.9,77.3,56.3,57.1,13.4,14.3,17.8,100.0,111.0,92.5,
240,42,92,.457,17,39,.436,2,4,.500,5,23,28,25,9,2,10,24,103,,,.549,.549,.424,.043,11.9,67.6,36.8,59.5,9.5,4.3,9.6,100.0,108.8,119.4,,240,38,73,.521,11,27,.407,26,33,.788,11,37,48,20,3,7,18,11,113,,,.646,.596,.370,.452,32.4,88.1,63.2,52.6,3.2,13.2,17.1,100.0,119.4,108.8,
240,34,84,.405,14,30,.467,20,24,.833,9,35,44,20,3,5,16,17,102,,,.539,.488,.357,.286,20.5,68.6,46.3,58.8,3.0,8.2,14.5,100.0,103.7,122.0,,240,44,98,.449,13,37,.351,19,23,.826,16,35,51,29,11,8,9,18,120,,,.555,.515,.378,.235,31.4,79.5,53.7,65.9,11.2,14.8,7.7,100.0,122.0,103.7,
240,38,77,.494,14,35,.400,15,23,.652,7,31,38,27,4,2,20,12,105,,,.603,.584,.455,.299,18.4,73.8,47.5,71.1,4.1,3.3,18.7,100.0,106.7,129.0,,240,51,96,.531,14,36,.389,11,15,.733,11,31,42,28,14,5,9,15,127,,,.619,.604,.375,.156,26.2,81.6,52.5,54.9,14.2,11.9,8.1,100.0,129.0,106.7,
240,46,95,.484,8,31,.258,7,9,.778,6,34,40,23,11,7,7,10,107,,,.541,.526,.326,.095,13.0,79.1,44.9,50.0,11.2,13.0,6.6,100.0,109.2,90.8,,240,36,83,.434,8,29,.276,9,12,.750,9,40,49,20,5,5,20,9,89,,,.504,.482,.349,.145,20.9,87.0,55.1,55.6,5.1,7.8,18.5,100.0,90.8,109.2,
240,36,92,.391,8,33,.242,15,20,.750,11,29,40,17,7,3,14,9,95,,,.471,.435,.359,.217,20.8,70.7,42.6,47.2,7.0,5.3,12.2,100.0,95.5,123.6,,240,49,91,.538,15,34,.441,10,14,.714,12,42,54,33,9,3,14,17,123,,,.633,.621,.374,.154,29.3,79.2,57.4,67.3,9.0,5.1,12.6,100.0,123.6,95.5,
