fg,fga,fg_pct,fg3,fg3a,fg3_pct,ft,fta,ft_pct,orb,drb,trb,ast,stl,blk,tov,pf,pts,ts_pct,efg_pct,fg3a_per_fga_pct,fta_per_fga_pct,orb_pct,drb_pct,trb_pct,ast_pct,stl_pct,blk_pct,tov_pct,off_rtg,def_rtg,Location,Opponent,opp_fg,opp_fga,opp_fg_pct,opp_fg3,opp_fg3a,opp_fg3_pct,opp_ft,opp_fta,opp_ft_pct,opp_orb,opp_drb,opp_trb,opp_ast,opp_stl,opp_blk,opp_tov,opp_pf,opp_pts,opp_ts_pct,opp_efg_pct,opp_fg3a_per_fga_pct,opp_fta_per_fga_pct,opp_orb_pct,opp_drb_pct,opp_trb_pct,opp_ast_pct,opp_stl_pct,opp_blk_pct,opp_tov_pct,opp_off_rtg,opp_def_rtg,opp_Opponent
40,85,0.471,14,32,0.438,17,22,0.773,11,41,52,22,8,5,21,21,111,0.586,0.553,0.376,0.259,27.5,83.7,58.4,55.0,7.8,10.4,18.2,108.7,101.8,Away,MEM,38,91,0.418,12,43,0.279,16,20,0.8,8,29,37,23,8,7,13,19,104,0.521,0.484,0.473,0.22,16.3,72.5,41.6,60.5,7.8,13.2,11.5,101.8,108.7,NOP
40,87,0.46,9,33,0.273,7,16,0.438,4,39,43,20,8,5,13,22,96,0.51,0.511,0.379,0.184,8.5,70.9,42.2,50.0,8.0,9.4,12.1,95.7,86.7,Home,NYK,33,90,0.367,7,37,0.189,14,18,0.778,16,43,59,19,7,3,19,17,87,0.444,0.406,0.411,0.2,29.1,91.5,57.8,57.6,7.0,5.6,16.3,86.7,95.7,NOP
38,93,0.409,10,39,0.256,16,26,0.615,14,25,39,23,8,3,11,18,102,0.488,0.462,0.419,0.28,24.6,54.3,37.9,60.5,8.1,5.3,9.5,103.0,131.3,Home,GSW,51,98,0.52,15,41,0.366,13,20,0.65,21,43,64,28,6,7,15,21,130,0.609,0.597,0.418,0.204,45.7,75.4,62.1,54.9,6.1,13.0,12.3,131.3,103.0,NOP
40,102,0.392,13,42,0.31,17,29,0.586,22,36,58,23,8,5,11,20,110,0.479,0.456,0.412,0.284,33.8,85.7,54.2,57.5,7.7,9.3,8.7,106.0,102.2,Away,OKC,38,88,0.432,7,34,0.206,23,25,0.92,6,43,49,23,6,5,15,24,106,0.535,0.472,0.386,0.284,14.3,66.2,45.8,60.5,5.8,8.3,13.2,102.2,106.0,NOP
39,80,0.488,14,32,0.438,33,35,0.943,7,29,36,27,5,7,12,18,125,0.655,0.575,0.4,0.438,19.4,60.4,42.9,69.2,5.1,12.5,11.2,127.9,118.7,Home,DET,41,94,0.436,13,38,0.342,21,26,0.808,19,29,48,30,4,5,16,31,116,0.55,0.505,0.404,0.277,39.6,80.6,57.1,73.2,4.1,10.4,13.2,118.7,127.9,NOP
40,84,0.476,8,31,0.258,17,21,0.81,9,26,35,24,9,7,11,15,105,0.563,0.524,0.369,0.25,21.4,57.8,40.2,60.0,9.6,13.5,10.6,112.2,131.4,Home,ATL,45,93,0.484,14,41,0.341,19,24,0.792,19,33,52,28,4,6,13,16,123,0.594,0.559,0.441,0.258,42.2,78.6,59.8,62.2,4.3,11.3,11.2,131.4,112.2,NOP
45,90,0.5,13,30,0.433,13,15,0.867,8,30,38,24,6,2,13,18,116,0.6,0.572,0.333,0.167,19.0,73.2,45.8,53.3,6.0,3.6,11.9,115.2,133.1,Away,DEN,51,95,0.537,15,39,0.385,17,23,0.739,11,34,45,37,6,5,10,16,134,0.637,0.616,0.411,0.242,26.8,81.0,54.2,72.5,6.0,8.3,8.7,133.1,115.2,NOP
36,93,0.387,8,28,0.286,21,22,0.955,11,29,40,23,6,1,17,23,101,0.492,0.43,0.301,0.237,21.6,78.4,45.5,63.9,5.8,2.2,14.2,97.7,118.1,Away,MIN,45,82,0.549,15,37,0.405,17,24,0.708,8,40,48,30,9,7,18,23,122,0.659,0.64,0.451,0.293,21.6,78.4,54.5,66.7,8.7,10.8,16.3,118.1,97.7,NOP
34,75,0.453,8,25,0.32,25,34,0.735,8,41,49,12,6,6,18,26,101,0.561,0.507,0.333,0.453,19.5,82.0,53.8,35.3,6.1,11.3,16.7,102.9,106.0,Away,HOU,36,88,0.409,10,35,0.286,22,28,0.786,9,33,42,20,9,5,9,22,104,0.518,0.466,0.398,0.318,18.0,80.5,46.2,55.6,9.2,10.0,8.2,106.0,102.9,NOP
47,92,0.511,17,36,0.472,13,22,0.591,13,41,54,31,2,3,18,20,124,0.61,0.603,0.391,0.239,27.7,83.7,56.3,66.0,1.9,6.1,15.0,116.5,127.8,Home,DAL,50,102,0.49,20,53,0.377,16,21,0.762,8,34,42,29,7,6,6,19,136,0.611,0.588,0.52,0.206,16.3,72.3,43.8,58.0,6.6,10.7,5.1,127.8,116.5,NOP
49,94,0.521,14,38,0.368,19,26,0.731,12,30,42,33,17,6,13,20,131,0.621,0.596,0.404,0.277,29.3,65.2,48.3,67.3,16.6,12.5,11.0,128.2,107.7,Home,DAL,38,90,0.422,14,42,0.333,20,26,0.769,16,29,45,25,4,3,20,16,110,0.542,0.5,0.467,0.289,34.8,70.7,51.7,65.8,3.9,5.4,16.5,107.7,128.2,NOP
46,88,0.523,12,23,0.522,11,21,0.524,4,35,39,33,8,5,11,13,115,0.591,0.591,0.261,0.239,9.1,76.1,43.3,71.7,7.8,8.9,10.2,112.4,107.5,Home,DEN,47,96,0.49,10,40,0.25,6,12,0.5,11,40,51,37,4,3,13,20,110,0.543,0.542,0.417,0.125,23.9,90.9,56.7,78.7,3.9,4.6,11.4,107.5,112.4,NOP
44,86,0.512,12,29,0.414,20,23,0.87,13,27,40,27,9,5,17,26,120,0.624,0.581,0.337,0.267,31.7,84.4,54.8,61.4,9.2,10.2,15.0,122.1,123.1,Home,MIN,43,80,0.538,13,31,0.419,22,27,0.815,5,28,33,29,6,7,14,21,121,0.658,0.619,0.388,0.338,15.6,68.3,45.2,67.4,6.1,12.3,13.2,123.1,122.1,NOP
50,92,0.543,12,28,0.429,17,21,0.81,10,45,55,38,8,6,12,19,129,0.637,0.609,0.304,0.228,27.0,83.3,60.4,76.0,8.0,14.3,10.6,128.9,92.9,Home,SAC,33,87,0.379,11,45,0.244,16,24,0.667,9,27,36,27,4,5,13,21,93,0.477,0.443,0.517,0.276,16.7,73.0,39.6,81.8,4.0,7.8,11.8,92.9,128.9,NOP
41,87,0.471,7,30,0.233,28,37,0.757,13,35,48,23,10,2,10,28,117,0.566,0.511,0.345,0.425,27.7,89.7,55.8,56.1,10.0,6.3,8.8,117.2,112.2,Home,SAC,34,76,0.447,15,44,0.341,29,35,0.829,4,34,38,22,3,1,16,25,112,0.613,0.546,0.579,0.461,10.3,72.3,44.2,64.7,3.0,1.8,14.9,112.2,117.2,NOP
43,88,0.489,10,24,0.417,20,27,0.741,12,38,50,26,6,5,15,19,116,0.581,0.545,0.273,0.307,27.9,82.6,56.2,60.5,6.0,9.1,13.1,115.5,105.5,Away,LAC,42,92,0.457,11,37,0.297,11,17,0.647,8,31,39,27,11,8,11,24,106,0.533,0.516,0.402,0.185,17.4,72.1,43.8,64.3,11.0,12.5,10.0,105.5,115.5,NOP
39,93,0.419,11,36,0.306,11,18,0.611,13,29,42,31,15,4,13,17,100,0.495,0.478,0.387,0.194,25.5,67.4,44.7,79.5,15.1,9.1,11.4,100.4,105.4,Away,UTA,38,87,0.437,15,43,0.349,14,17,0.824,14,38,52,23,8,6,24,13,105,0.556,0.523,0.494,0.195,32.6,74.5,55.3,60.5,8.0,10.5,20.3,105.4,100.4,NOP
44,88,0.5,7,22,0.318,17,25,0.68,11,37,48,27,5,1,8,25,112,0.566,0.54,0.25,0.284,24.4,80.4,52.7,61.4,5.2,2.5,7.5,116.1,118.1,Away,UTA,37,88,0.42,17,48,0.354,23,28,0.821,9,34,43,31,6,4,10,23,114,0.568,0.517,0.545,0.318,19.6,75.6,47.3,83.8,6.2,6.1,9.1,118.1,116.1,NOP
42,78,0.538,10,30,0.333,30,34,0.882,13,27,40,33,11,4,21,22,124,0.667,0.603,0.385,0.436,37.1,77.1,57.1,78.6,11.1,8.5,18.4,125.3,115.2,Home,PHI,42,81,0.519,14,34,0.412,16,18,0.889,8,22,30,28,8,7,21,26,114,0.641,0.605,0.42,0.222,22.9,62.9,42.9,66.7,8.1,14.6,19.1,115.2,125.3,NOP
42,85,0.494,10,31,0.323,27,29,0.931,10,32,42,26,8,6,12,15,121,0.619,0.553,0.365,0.341,24.4,80.0,51.9,61.9,8.1,13.6,10.9,122.5,107.3,Home,SAS,38,83,0.458,16,39,0.41,14,17,0.824,8,31,39,28,5,5,20,21,106,0.586,0.554,0.47,0.205,20.0,75.6,48.1,73.7,5.1,9.3,18.1,107.3,122.5,NOP
41,82,0.5,8,25,0.32,28,35,0.8,13,26,39,20,10,1,12,17,118,0.606,0.549,0.305,0.427,31.0,68.4,48.8,48.8,10.6,2.1,11.0,125.6,132.0,Away,CHI,48,88,0.545,17,40,0.425,11,15,0.733,12,29,41,32,6,8,13,21,124,0.655,0.642,0.455,0.17,31.6,69.0,51.3,66.7,6.4,14.0,12.1,132.0,125.6,NOP
47,87,0.54,14,31,0.452,19,23,0.826,13,29,42,29,12,7,14,22,127,0.654,0.621,0.356,0.264,32.5,72.5,52.5,61.7,12.3,15.9,12.6,130.5,120.2,Away,SAC,38,85,0.447,14,41,0.341,27,33,0.818,11,27,38,29,8,2,14,18,117,0.588,0.529,0.482,0.388,27.5,67.5,47.5,76.3,8.2,3.6,12.3,120.2,130.5,NOP
34,95,0.358,7,31,0.226,14,20,0.7,12,30,42,22,7,5,12,21,89,0.429,0.395,0.326,0.211,20.0,73.2,41.6,64.7,6.9,9.8,10.4,87.5,130.8,Away,LAL,47,86,0.547,17,35,0.486,22,29,0.759,11,48,59,31,6,4,15,16,133,0.673,0.645,0.407,0.337,26.8,80.0,58.4,66.0,5.9,6.3,13.2,130.8,87.5,NOP
40,82,0.488,10,27,0.37,31,40,0.775,10,37,47,27,7,7,14,20,121,0.607,0.549,0.329,0.488,21.7,77.1,50.0,67.5,6.9,12.7,12.3,119.6,105.8,Home,MIN,40,91,0.44,13,36,0.361,14,19,0.737,11,36,47,26,5,3,14,28,107,0.538,0.511,0.396,0.209,22.9,78.3,50.0,65.0,4.9,5.5,12.4,105.8,119.6,NOP
50,96,0.521,16,34,0.471,26,30,0.867,10,36,46,30,11,3,10,17,142,0.65,0.604,0.354,0.313,25.0,92.3,58.2,60.0,10.5,7.9,8.4,135.9,116.7,Away,WAS,42,82,0.512,19,44,0.432,19,24,0.792,3,30,33,28,7,6,15,16,122,0.659,0.628,0.537,0.293,7.7,75.0,41.8,66.7,6.7,9.7,13.9,116.7,135.9,NOP
38,80,0.475,9,27,0.333,27,32,0.844,11,38,49,24,4,5,16,17,112,0.595,0.531,0.338,0.4,26.2,82.6,55.7,63.2,4.1,8.2,14.5,114.3,109.2,Away,CHO,41,92,0.446,9,31,0.29,16,21,0.762,8,31,39,18,7,4,8,24,107,0.528,0.495,0.337,0.228,17.4,73.8,44.3,43.9,7.1,7.5,7.3,109.2,114.3,NOP
55,98,0.561,22,42,0.524,14,22,0.636,11,40,51,38,11,3,15,19,146,0.678,0.673,0.429,0.224,26.8,81.6,56.7,69.1,10.3,5.8,12.2,136.3,102.7,Away,SAS,40,94,0.426,15,42,0.357,15,21,0.714,9,30,39,29,6,6,13,15,110,0.533,0.505,0.447,0.223,18.4,73.2,43.3,72.5,5.6,10.7,11.2,102.7,136.3,NOP
40,85,0.471,11,25,0.44,22,24,0.917,11,28,39,23,4,3,11,23,113,0.591,0.535,0.294,0.282,27.5,68.3,48.1,57.5,4.2,5.9,10.3,118.9,121.0,Home,MEM,41,82,0.5,10,31,0.323,23,29,0.793,13,29,42,19,5,7,18,19,115,0.607,0.561,0.378,0.354,31.7,72.5,51.9,46.3,5.3,11.7,16.0,121.0,118.9,NOP
47,86,0.547,15,35,0.429,14,16,0.875,7,33,40,32,7,4,9,15,123,0.661,0.634,0.407,0.186,19.4,84.6,53.3,68.1,7.5,9.3,8.8,130.9,110.7,Away,CLE,41,87,0.471,17,44,0.386,5,8,0.625,6,29,35,34,4,3,12,13,104,0.574,0.569,0.506,0.092,15.4,80.6,46.7,82.9,4.3,5.9,11.7,110.7,130.9,NOP
38,82,0.463,8,31,0.258,20,29,0.69,13,33,46,21,9,7,16,22,104,0.549,0.512,0.378,0.354,29.5,71.7,51.1,55.3,9.5,13.2,14.4,109.8,111.9,Home,HOU,35,82,0.427,9,29,0.31,27,35,0.771,13,31,44,21,9,2,12,20,106,0.544,0.482,0.354,0.427,28.3,70.5,48.9,60.0,9.5,3.9,11.0,111.9,109.8,NOP
42,97,0.433,10,31,0.323,21,33,0.636,10,36,46,18,12,6,15,26,115,0.516,0.485,0.32,0.34,19.2,81.8,47.9,42.9,10.7,13.6,11.9,102.3,103.2,Home,MEM,39,90,0.433,11,46,0.239,27,32,0.844,8,42,50,24,10,17,18,24,116,0.557,0.494,0.511,0.356,18.2,80.8,52.1,61.5,8.9,25.8,14.7,103.2,102.3,NOP
45,82,0.549,10,27,0.37,12,15,0.8,6,29,35,27,10,7,15,19,112,0.632,0.61,0.329,0.183,19.4,63.0,45.5,60.0,10.5,15.2,14.5,117.9,110.5,Home,UTA,36,85,0.424,12,39,0.308,21,25,0.84,17,25,42,27,5,3,19,15,105,0.547,0.494,0.459,0.294,37.0,80.6,54.5,75.0,5.3,5.5,16.5,110.5,117.9,NOP
45,87,0.517,17,34,0.5,22,27,0.815,12,35,47,33,9,6,13,22,129,0.652,0.615,0.391,0.31,27.9,89.7,57.3,73.3,9.1,12.0,11.6,129.9,109.8,Home,LAL,39,82,0.476,10,32,0.313,21,25,0.84,4,31,35,26,8,10,13,15,109,0.586,0.537,0.39,0.305,10.3,72.1,42.7,66.7,8.1,18.9,12.3,109.8,129.9,NOP
41,88,0.466,16,39,0.41,14,18,0.778,17,36,53,23,10,9,17,12,112,0.584,0.557,0.443,0.205,40.5,66.7,55.2,56.1,10.8,16.4,15.1,120.7,91.6,Home,BRK,35,98,0.357,11,43,0.256,4,8,0.5,18,25,43,26,7,4,15,13,85,0.419,0.413,0.439,0.082,33.3,59.5,44.8,74.3,7.5,8.2,12.9,91.6,120.7,NOP
45,81,0.556,12,26,0.462,15,17,0.882,9,32,41,30,7,5,14,24,117,0.661,0.63,0.321,0.21,31.0,80.0,59.4,66.7,7.5,9.8,13.7,125.8,114.0,Away,MIN,37,82,0.451,10,31,0.323,22,27,0.815,8,20,28,26,7,6,13,13,106,0.565,0.512,0.378,0.329,20.0,69.0,40.6,70.3,7.5,10.9,12.2,114.0,125.8,NOP
33,92,0.359,12,29,0.414,17,23,0.739,14,29,43,22,9,5,9,17,95,0.465,0.424,0.315,0.25,25.9,74.4,46.2,66.7,9.6,10.9,8.1,101.4,118.5,Home,LAC,40,82,0.488,15,36,0.417,16,20,0.8,10,40,50,28,6,7,15,18,111,0.611,0.579,0.439,0.244,25.6,74.1,53.8,70.0,6.4,11.1,14.2,118.5,101.4,NOP
50,82,0.61,19,35,0.543,14,16,0.875,9,42,51,35,2,9,16,14,133,0.747,0.726,0.427,0.195,34.6,84.0,67.1,70.0,2.1,19.6,15.2,141.3,106.2,Away,SAC,38,91,0.418,15,45,0.333,9,12,0.75,8,17,25,28,9,2,9,12,100,0.519,0.5,0.495,0.132,16.0,65.4,32.9,73.7,9.6,4.3,8.5,106.2,141.3,NOP
54,94,0.574,19,40,0.475,14,19,0.737,13,34,47,37,11,7,11,19,141,0.689,0.676,0.426,0.202,31.0,70.8,52.2,68.5,11.2,14.0,9.7,143.2,106.6,Away,GSW,39,89,0.438,12,39,0.308,15,18,0.833,14,29,43,24,4,4,17,19,105,0.542,0.506,0.438,0.202,29.2,69.0,47.8,61.5,4.1,7.4,14.9,106.6,143.2,NOP
42,89,0.472,13,33,0.394,16,22,0.727,8,27,35,30,9,3,9,10,113,0.573,0.545,0.371,0.247,17.4,73.0,42.2,71.4,9.0,5.3,8.4,113.3,125.3,Away,DEN,50,90,0.556,14,33,0.424,11,15,0.733,10,38,48,30,5,4,17,18,125,0.647,0.633,0.367,0.167,27.0,82.6,57.8,60.0,5.0,7.1,15.0,125.3,113.3,NOP
39,79,0.494,12,30,0.4,28,37,0.757,14,30,44,29,7,4,11,20,118,0.619,0.57,0.38,0.468,35.9,76.9,56.4,74.4,7.8,9.8,10.4,130.9,119.8,Away,DAL,37,82,0.451,15,41,0.366,19,20,0.95,9,25,34,23,6,1,12,25,108,0.595,0.543,0.5,0.244,23.1,64.1,43.6,62.2,6.7,2.0,11.7,119.8,130.9,NOP
41,81,0.506,7,23,0.304,31,41,0.756,8,29,37,21,9,2,10,28,120,0.606,0.549,0.284,0.506,21.6,69.0,46.8,51.2,9.3,4.8,9.2,123.8,128.9,Away,DAL,39,85,0.459,18,43,0.419,29,35,0.829,13,29,42,24,4,6,12,29,125,0.623,0.565,0.506,0.412,31.0,78.4,53.2,61.5,4.1,10.3,10.7,128.9,123.8,NOP
44,88,0.5,25,47,0.532,19,23,0.826,16,34,50,32,11,3,13,14,132,0.673,0.642,0.534,0.261,38.1,69.4,54.9,72.7,11.8,6.7,11.7,141.4,119.9,Home,CHO,39,90,0.433,19,45,0.422,15,18,0.833,15,26,41,29,7,8,14,19,112,0.572,0.539,0.5,0.2,30.6,61.9,45.1,74.4,7.5,19.5,12.5,119.9,141.4,NOP
41,93,0.441,10,42,0.238,17,23,0.739,9,33,42,27,4,5,11,16,109,0.529,0.495,0.452,0.247,18.0,82.5,46.7,65.9,3.9,9.6,9.6,105.9,119.5,Home,PHO,46,93,0.495,15,41,0.366,16,21,0.762,7,41,48,32,7,3,10,17,123,0.602,0.575,0.441,0.226,17.5,82.0,53.3,69.6,6.8,5.9,8.9,119.5,105.9,NOP
60,104,0.577,23,46,0.5,10,15,0.667,12,45,57,41,5,4,9,24,153,0.692,0.688,0.442,0.144,27.3,88.2,60.0,68.3,4.7,7.1,7.5,143.8,116.5,Home,UTA,43,92,0.467,12,36,0.333,26,32,0.813,6,32,38,27,4,8,8,15,124,0.584,0.533,0.391,0.348,11.8,72.7,40.0,62.8,3.8,13.8,7.0,116.5,143.8,NOP
32,82,0.39,9,36,0.25,10,14,0.714,8,33,41,24,9,5,20,16,83,0.471,0.445,0.439,0.171,17.0,84.6,47.7,75.0,9.1,9.1,18.5,84.0,108.3,Home,OKC,42,88,0.477,10,33,0.303,13,14,0.929,6,39,45,22,11,5,13,11,107,0.568,0.534,0.375,0.159,15.4,83.0,52.3,52.4,11.1,10.9,12.1,108.3,84.0,NOP
40,85,0.471,9,23,0.391,28,36,0.778,9,34,43,20,5,3,15,17,117,0.58,0.524,0.271,0.424,18.8,85.0,48.9,50.0,4.8,6.5,12.9,112.0,135.0,Away,MIL,51,91,0.56,20,45,0.444,19,25,0.76,6,39,45,30,12,0,9,25,141,0.691,0.67,0.495,0.275,15.0,81.3,51.1,58.8,11.5,0.0,8.1,135.0,112.0,NOP
46,91,0.505,10,35,0.286,10,13,0.769,9,31,40,21,7,6,12,14,112,0.579,0.56,0.385,0.143,20.9,83.8,50.0,45.7,7.2,15.4,11.0,115.0,121.1,Away,BOS,43,85,0.506,17,46,0.37,15,20,0.75,6,34,40,27,7,5,11,15,118,0.629,0.606,0.541,0.235,16.2,79.1,50.0,62.8,7.2,8.9,10.5,121.1,115.0,NOP
41,82,0.5,11,34,0.324,17,24,0.708,12,44,56,20,3,6,16,22,110,0.594,0.567,0.415,0.293,33.3,89.8,65.9,48.8,3.2,14.0,14.7,118.2,106.4,Away,HOU,35,87,0.402,13,44,0.295,16,17,0.941,5,24,29,19,11,2,5,21,99,0.524,0.477,0.506,0.195,10.2,66.7,34.1,54.3,11.8,4.2,5.0,106.4,118.2,NOP
46,95,0.484,7,26,0.269,15,21,0.714,13,26,39,29,14,3,9,17,114,0.547,0.521,0.274,0.221,26.0,59.1,41.5,63.0,14.1,5.3,7.9,115.1,114.1,Away,SAS,46,96,0.479,10,39,0.256,11,18,0.611,18,37,55,35,6,10,18,16,113,0.544,0.531,0.406,0.188,40.9,74.0,58.5,76.1,6.1,14.5,14.8,114.1,115.1,NOP
53,104,0.51,19,45,0.422,13,13,1.0,17,34,51,36,11,5,7,13,138,0.629,0.601,0.433,0.125,37.8,77.3,57.3,67.9,11.4,9.4,6.0,143.1,103.7,Home,TOR,40,84,0.476,10,31,0.323,10,15,0.667,10,28,38,27,4,6,18,12,100,0.552,0.536,0.369,0.179,22.7,62.2,42.7,67.5,4.1,10.2,16.6,103.7,143.1,NOP
47,88,0.534,12,32,0.375,11,16,0.688,8,30,38,30,13,5,15,17,117,0.616,0.602,0.364,0.182,21.6,78.9,50.7,63.8,13.1,10.9,13.6,118.3,107.1,Away,LAC,36,78,0.462,12,32,0.375,22,26,0.846,8,29,37,23,7,2,19,17,106,0.593,0.538,0.41,0.333,21.1,78.4,49.3,63.9,7.1,3.6,17.5,107.1,118.3,NOP
46,89,0.517,11,29,0.379,19,23,0.826,10,31,41,28,5,7,13,22,122,0.615,0.579,0.326,0.258,27.0,86.1,56.2,60.9,5.0,12.3,11.6,120.9,137.8,Away,LAL,49,88,0.557,14,31,0.452,27,32,0.844,5,27,32,32,5,5,8,20,139,0.681,0.636,0.352,0.364,13.9,73.0,43.8,65.3,5.0,8.3,7.3,137.8,120.9,NOP
36,76,0.474,10,27,0.37,11,16,0.688,8,28,36,27,9,6,12,14,93,0.56,0.539,0.355,0.211,20.5,71.8,46.2,75.0,10.4,10.9,12.6,107.2,96.9,Away,POR,33,76,0.434,6,21,0.286,12,17,0.706,11,31,42,19,7,4,18,14,84,0.503,0.474,0.276,0.224,28.2,79.5,53.8,57.6,8.1,8.2,17.7,96.9,107.2,NOP
32,78,0.41,13,35,0.371,19,24,0.792,12,37,49,21,12,4,19,18,96,0.542,0.494,0.449,0.308,26.7,92.5,57.6,65.6,12.5,10.8,17.7,100.1,90.7,Away,MEM,34,81,0.42,12,44,0.273,7,8,0.875,3,33,36,28,7,8,18,17,87,0.515,0.494,0.543,0.099,7.5,73.3,42.4,82.4,7.3,18.6,17.6,90.7,100.1,NOP
50,89,0.562,10,32,0.313,23,29,0.793,8,31,39,36,14,6,10,21,133,0.653,0.618,0.36,0.326,22.9,67.4,48.1,72.0,13.8,12.8,8.9,130.8,123.9,Home,WAS,44,92,0.478,21,45,0.467,17,20,0.85,15,27,42,35,7,3,19,22,126,0.625,0.592,0.489,0.217,32.6,77.1,51.9,79.5,6.9,5.3,15.9,123.9,130.8,NOP
50,96,0.521,16,41,0.39,11,18,0.611,9,34,43,35,16,6,14,21,127,0.611,0.604,0.427,0.188,22.0,73.9,49.4,70.0,15.2,14.6,11.9,120.5,99.6,Home,HOU,36,82,0.439,15,41,0.366,18,28,0.643,12,32,44,27,6,5,24,18,105,0.557,0.53,0.5,0.341,26.1,78.0,50.6,75.0,5.7,9.1,20.3,99.6,120.5,NOP
39,104,0.375,7,32,0.219,10,13,0.769,18,36,54,20,6,7,11,19,95,0.433,0.409,0.308,0.125,33.3,78.3,54.0,51.3,6.2,13.2,9.1,98.0,109.4,Home,MIA,38,82,0.463,13,29,0.448,17,25,0.68,10,36,46,20,6,11,15,14,106,0.57,0.543,0.354,0.305,21.7,66.7,46.0,52.6,6.2,15.3,13.9,109.4,98.0,NOP
40,88,0.455,16,41,0.39,10,14,0.714,12,37,49,25,5,7,19,17,106,0.563,0.545,0.466,0.159,24.5,75.5,50.0,62.5,5.0,12.7,16.8,105.9,113.8,Home,CHI,41,95,0.432,13,40,0.325,19,21,0.905,12,37,49,29,12,0,11,15,114,0.547,0.5,0.421,0.221,24.5,75.5,50.0,70.7,12.0,0.0,9.5,113.8,105.9,NOP
39,77,0.506,18,34,0.529,19,23,0.826,10,34,44,23,4,5,15,21,115,0.66,0.623,0.442,0.299,28.6,72.3,53.7,59.0,4.5,13.5,14.7,128.2,102.6,Away,NYK,31,83,0.373,14,46,0.304,16,23,0.696,13,25,38,27,6,5,13,20,92,0.494,0.458,0.554,0.277,27.7,71.4,46.3,87.1,6.7,11.6,12.3,102.6,128.2,NOP
42,90,0.467,11,29,0.379,19,23,0.826,7,33,40,26,2,4,10,12,114,0.569,0.528,0.322,0.256,16.3,70.2,44.4,61.9,2.0,6.3,9.1,114.1,123.1,Away,IND,50,102,0.49,14,38,0.368,9,9,1.0,14,36,50,34,5,9,10,21,123,0.58,0.559,0.373,0.088,29.8,83.7,55.6,68.0,5.0,14.8,8.6,123.1,114.1,NOP
48,86,0.558,15,32,0.469,18,26,0.692,11,36,47,25,9,4,17,17,129,0.662,0.645,0.372,0.302,28.9,67.9,51.6,52.1,9.0,6.3,14.9,128.4,101.5,Home,IND,40,95,0.421,10,32,0.313,12,18,0.667,17,27,44,25,9,8,16,21,102,0.496,0.474,0.337,0.189,32.1,71.1,48.4,62.5,9.0,14.8,13.5,101.5,128.4,NOP
53,105,0.505,24,49,0.49,9,11,0.818,17,45,62,38,9,5,11,19,139,0.633,0.619,0.467,0.105,33.3,80.4,57.9,71.7,8.8,10.2,9.1,136.5,96.2,Away,TOR,36,93,0.387,13,44,0.295,13,22,0.591,11,34,45,21,6,7,12,11,98,0.477,0.457,0.473,0.237,19.6,66.7,42.1,58.3,5.9,12.5,10.5,96.2,136.5,NOP
35,79,0.443,11,31,0.355,22,23,0.957,9,39,48,22,7,10,14,18,103,0.578,0.513,0.392,0.291,23.7,75.0,53.3,62.9,7.6,19.6,13.6,111.4,102.8,Away,PHI,35,88,0.398,9,37,0.243,16,20,0.8,13,29,42,21,8,7,12,19,95,0.491,0.449,0.42,0.227,25.0,76.3,46.7,60.0,8.7,14.6,11.0,102.8,111.4,NOP
43,75,0.573,14,27,0.519,16,22,0.727,4,39,43,32,8,7,12,10,116,0.685,0.667,0.36,0.293,12.1,76.5,51.2,74.4,8.6,15.6,12.4,125.1,111.0,Away,ATL,38,91,0.418,17,46,0.37,10,13,0.769,12,29,41,28,6,4,11,15,103,0.532,0.511,0.505,0.143,23.5,87.9,48.8,73.7,6.5,8.3,10.2,111.0,125.1,NOP
35,80,0.438,4,22,0.182,21,26,0.808,7,36,43,22,7,6,12,13,95,0.519,0.463,0.275,0.325,15.6,81.8,48.3,62.9,7.3,12.8,11.6,99.3,121.2,Home,CLE,47,92,0.511,20,45,0.444,2,3,0.667,8,38,46,38,4,4,12,18,116,0.622,0.62,0.489,0.033,18.2,84.4,51.7,80.9,4.2,6.9,11.4,121.2,99.3,NOP
42,87,0.483,13,35,0.371,15,20,0.75,9,31,40,28,8,2,9,21,112,0.585,0.557,0.402,0.23,22.0,86.1,51.9,66.7,8.6,4.5,8.6,119.7,111.2,Home,LAC,37,77,0.481,12,33,0.364,18,19,0.947,5,32,37,18,6,8,15,17,104,0.609,0.558,0.429,0.247,13.9,78.0,48.1,48.6,6.4,15.4,14.9,111.2,119.7,NOP
52,97,0.536,13,33,0.394,9,10,0.9,10,29,39,36,8,5,10,13,126,0.621,0.603,0.34,0.103,27.8,74.4,52.0,69.2,8.2,9.8,9.0,129.3,109.8,Home,POR,42,84,0.5,12,33,0.364,11,12,0.917,10,26,36,23,3,7,20,15,107,0.599,0.571,0.393,0.143,25.6,72.2,48.0,54.8,3.1,10.9,18.3,109.8,129.3,NOP
42,83,0.506,10,34,0.294,10,13,0.769,11,37,48,29,7,5,14,19,104,0.586,0.566,0.41,0.157,28.2,72.5,53.3,69.0,7.7,11.4,13.6,114.9,100.5,Away,BRK,31,84,0.369,12,40,0.3,17,22,0.773,14,28,42,19,6,4,14,13,91,0.486,0.44,0.476,0.262,27.5,71.8,46.7,61.3,6.6,8.2,13.0,100.5,114.9,NOP
42,78,0.538,6,20,0.3,16,21,0.762,3,30,33,24,11,1,19,18,106,0.608,0.577,0.256,0.269,9.1,75.0,45.2,57.1,10.9,2.0,17.9,105.4,120.4,Away,ORL,47,86,0.547,14,36,0.389,13,19,0.684,10,30,40,33,12,4,16,16,121,0.641,0.628,0.419,0.221,25.0,90.9,54.8,70.2,11.9,6.9,14.5,120.4,105.4,NOP
42,82,0.512,18,36,0.5,9,12,0.75,12,44,56,25,3,2,13,13,111,0.636,0.622,0.439,0.146,30.8,86.3,62.2,59.5,3.4,5.1,13.0,125.7,99.7,Away,MIA,31,86,0.36,13,47,0.277,13,15,0.867,7,27,34,22,3,4,6,9,88,0.475,0.436,0.547,0.174,13.7,69.2,37.8,71.0,3.4,8.7,6.1,99.7,125.7,NOP
41,81,0.506,11,34,0.324,21,31,0.677,6,35,41,27,8,7,10,22,114,0.602,0.574,0.42,0.383,14.3,77.8,47.1,65.9,8.2,18.4,9.6,117.0,103.6,Away,DET,32,79,0.405,11,41,0.268,26,32,0.813,10,36,46,20,4,5,17,25,101,0.543,0.475,0.519,0.405,22.2,85.7,52.9,62.5,4.1,10.6,15.4,103.6,117.0,NOP
39,86,0.453,14,38,0.368,20,23,0.87,5,32,37,26,7,2,10,18,112,0.583,0.535,0.442,0.267,11.6,82.1,45.1,66.7,7.2,3.8,9.4,114.7,121.9,Home,OKC,46,86,0.535,15,34,0.441,12,14,0.857,7,38,45,28,5,3,12,17,119,0.646,0.622,0.395,0.163,17.9,88.4,54.9,60.9,5.1,6.3,11.5,121.9,114.7,NOP
36,91,0.396,8,32,0.25,27,34,0.794,11,37,48,22,11,5,7,19,107,0.505,0.44,0.352,0.374,21.2,88.1,51.1,61.1,11.2,11.6,6.2,108.5,101.4,Home,MIL,38,82,0.463,14,39,0.359,10,19,0.526,5,41,46,21,1,4,14,25,100,0.553,0.549,0.476,0.232,11.9,78.8,48.9,55.3,1.0,6.8,13.4,101.4,108.5,NOP
34,86,0.395,13,35,0.371,11,18,0.611,10,31,41,22,9,3,9,12,92,0.49,0.471,0.407,0.209,18.9,79.5,44.6,64.7,9.9,6.7,8.7,101.1,114.2,Home,BOS,39,82,0.476,15,37,0.405,11,12,0.917,8,43,51,27,7,7,13,13,104,0.596,0.567,0.451,0.146,20.5,81.1,55.4,69.2,7.7,13.7,13.0,114.2,101.1,NOP
42,89,0.472,11,27,0.407,16,24,0.667,12,25,37,29,10,1,9,17,111,0.557,0.534,0.303,0.27,26.7,61.0,43.0,69.0,10.7,2.5,8.3,118.8,132.8,Home,PHO,43,87,0.494,18,47,0.383,20,25,0.8,16,33,49,29,7,6,14,21,124,0.633,0.598,0.54,0.287,39.0,73.3,57.0,67.4,7.5,9.7,12.5,132.8,118.8,NOP
36,76,0.474,12,29,0.414,24,28,0.857,7,28,35,21,9,1,14,26,108,0.611,0.553,0.382,0.368,17.9,80.0,47.3,58.3,9.5,2.1,13.7,113.6,123.0,Home,ORL,41,80,0.513,13,32,0.406,22,30,0.733,7,32,39,27,9,2,13,20,117,0.628,0.594,0.4,0.375,20.0,82.1,52.7,65.9,9.5,4.3,12.2,123.0,113.6,NOP
44,86,0.512,9,29,0.31,12,12,1.0,11,30,41,28,11,2,17,17,109,0.597,0.564,0.337,0.14,28.2,83.3,54.7,63.6,11.4,5.4,15.7,112.9,115.0,Home,SAS,42,83,0.506,17,46,0.37,10,13,0.769,6,28,34,34,9,8,17,13,111,0.626,0.608,0.554,0.157,16.7,71.8,45.3,81.0,9.3,14.0,16.1,115.0,112.9,NOP
40,85,0.471,16,39,0.41,17,19,0.895,8,34,42,26,8,7,14,17,113,0.605,0.565,0.459,0.224,21.6,79.1,52.5,65.0,8.2,14.6,13.0,116.5,108.2,Away,PHO,39,87,0.448,14,39,0.359,13,14,0.929,9,29,38,30,7,8,16,17,105,0.564,0.529,0.448,0.161,20.9,78.4,47.5,76.9,7.2,17.4,14.7,108.2,116.5,NOP
36,87,0.414,11,36,0.306,27,29,0.931,13,32,45,25,13,2,9,9,110,0.551,0.477,0.414,0.333,27.7,71.1,48.9,69.4,13.8,4.3,8.3,116.5,105.9,Away,POR,40,85,0.471,13,38,0.342,7,8,0.875,13,34,47,28,3,3,22,19,100,0.565,0.547,0.447,0.094,28.9,72.3,51.1,70.0,3.2,5.9,19.9,105.9,116.5,NOP
49,86,0.57,22,40,0.55,15,18,0.833,5,35,40,35,7,2,13,16,135,0.719,0.698,0.465,0.209,15.6,87.5,55.6,71.4,7.0,4.3,12.2,134.4,122.4,Away,SAC,46,84,0.548,16,38,0.421,15,20,0.75,5,27,32,26,7,0,14,17,123,0.663,0.643,0.452,0.238,12.5,84.4,44.4,56.5,7.0,0.0,13.1,122.4,134.4,NOP
42,90,0.467,20,38,0.526,10,16,0.625,5,33,38,24,11,5,9,13,114,0.587,0.578,0.422,0.178,10.6,75.0,41.8,57.1,11.1,9.6,8.5,115.1,110.1,Away,GSW,40,86,0.465,13,34,0.382,16,21,0.762,11,42,53,27,6,5,16,15,109,0.572,0.541,0.395,0.244,25.0,89.4,58.2,67.5,6.1,9.6,14.4,110.1,115.1,NOP
41,86,0.477,15,37,0.405,11,14,0.786,10,29,39,26,8,1,19,17,108,0.586,0.564,0.43,0.163,23.8,80.6,50.0,63.4,8.0,1.7,17.1,107.9,123.9,Home,LAL,48,87,0.552,11,29,0.379,17,18,0.944,7,32,39,32,12,3,15,13,124,0.653,0.615,0.333,0.207,19.4,76.2,50.0,66.7,12.0,6.1,13.6,123.9,107.9,NOP
